id	axis	attempt_state	product_verdict	adapter_category	native_status	unfinished_phase_count	unfinished_phases
cmd/compile/internal/types2:TestCheck/blank.go	typechecker	NOT_ATTEMPTED	NONE	not-reached-before-wall-clock-cap	NONE	2	check-original-fixture;match-source-positioned-diagnostics
cmd/compile/internal/types2:TestCheck/builtins0.go	typechecker	NOT_ATTEMPTED	NONE	not-reached-before-wall-clock-cap	NONE	2	check-original-fixture;match-source-positioned-diagnostics
cmd/compile/internal/types2:TestCheck/builtins1.go	typechecker	NOT_ATTEMPTED	NONE	not-reached-before-wall-clock-cap	NONE	2	check-original-fixture;match-source-positioned-diagnostics
cmd/compile/internal/types2:TestCheck/chans.go	typechecker	NOT_ATTEMPTED	NONE	not-reached-before-wall-clock-cap	NONE	2	check-original-fixture;match-source-positioned-diagnostics
cmd/compile/internal/types2:TestCheck/compliterals.go	typechecker	NOT_ATTEMPTED	NONE	not-reached-before-wall-clock-cap	NONE	2	check-original-fixture;match-source-positioned-diagnostics
cmd/compile/internal/types2:TestCheck/const0.go	typechecker	NOT_ATTEMPTED	NONE	not-reached-before-wall-clock-cap	NONE	2	check-original-fixture;match-source-positioned-diagnostics
cmd/compile/internal/types2:TestCheck/const1.go	typechecker	NOT_ATTEMPTED	NONE	not-reached-before-wall-clock-cap	NONE	2	check-original-fixture;match-source-positioned-diagnostics
cmd/compile/internal/types2:TestCheck/constdecl.go	typechecker	NOT_ATTEMPTED	NONE	not-reached-before-wall-clock-cap	NONE	2	check-original-fixture;match-source-positioned-diagnostics
cmd/compile/internal/types2:TestCheck/conversions0.go	typechecker	NOT_ATTEMPTED	NONE	not-reached-before-wall-clock-cap	NONE	2	check-original-fixture;match-source-positioned-diagnostics
cmd/compile/internal/types2:TestCheck/conversions1.go	typechecker	NOT_ATTEMPTED	NONE	not-reached-before-wall-clock-cap	NONE	2	check-original-fixture;match-source-positioned-diagnostics
cmd/compile/internal/types2:TestCheck/cycles0.go	typechecker	NOT_ATTEMPTED	NONE	not-reached-before-wall-clock-cap	NONE	2	check-original-fixture;match-source-positioned-diagnostics
cmd/compile/internal/types2:TestCheck/cycles1.go	typechecker	NOT_ATTEMPTED	NONE	not-reached-before-wall-clock-cap	NONE	2	check-original-fixture;match-source-positioned-diagnostics
cmd/compile/internal/types2:TestCheck/cycles2.go	typechecker	NOT_ATTEMPTED	NONE	not-reached-before-wall-clock-cap	NONE	2	check-original-fixture;match-source-positioned-diagnostics
cmd/compile/internal/types2:TestCheck/cycles3.go	typechecker	NOT_ATTEMPTED	NONE	not-reached-before-wall-clock-cap	NONE	2	check-original-fixture;match-source-positioned-diagnostics
cmd/compile/internal/types2:TestCheck/cycles4.go	typechecker	NOT_ATTEMPTED	NONE	not-reached-before-wall-clock-cap	NONE	2	check-original-fixture;match-source-positioned-diagnostics
cmd/compile/internal/types2:TestCheck/cycles5.go	typechecker	NOT_ATTEMPTED	NONE	not-reached-before-wall-clock-cap	NONE	2	check-original-fixture;match-source-positioned-diagnostics
cmd/compile/internal/types2:TestCheck/cycles6.go	typechecker	NOT_ATTEMPTED	NONE	not-reached-before-wall-clock-cap	NONE	2	check-original-fixture;match-source-positioned-diagnostics
cmd/compile/internal/types2:TestCheck/decls0.go	typechecker	NOT_ATTEMPTED	NONE	not-reached-before-wall-clock-cap	NONE	2	check-original-fixture;match-source-positioned-diagnostics
cmd/compile/internal/types2:TestCheck/decls1.go	typechecker	NOT_ATTEMPTED	NONE	not-reached-before-wall-clock-cap	NONE	2	check-original-fixture;match-source-positioned-diagnostics
cmd/compile/internal/types2:TestCheck/decls2	typechecker	NOT_ATTEMPTED	NONE	not-reached-before-wall-clock-cap	NONE	2	check-original-fixture;match-source-positioned-diagnostics
cmd/compile/internal/types2:TestCheck/decls3.go	typechecker	NOT_ATTEMPTED	NONE	not-reached-before-wall-clock-cap	NONE	2	check-original-fixture;match-source-positioned-diagnostics
cmd/compile/internal/types2:TestCheck/decls4.go	typechecker	NOT_ATTEMPTED	NONE	not-reached-before-wall-clock-cap	NONE	2	check-original-fixture;match-source-positioned-diagnostics
cmd/compile/internal/types2:TestCheck/decls5.go	typechecker	NOT_ATTEMPTED	NONE	not-reached-before-wall-clock-cap	NONE	2	check-original-fixture;match-source-positioned-diagnostics
cmd/compile/internal/types2:TestCheck/doubled_labels.go	typechecker	NOT_ATTEMPTED	NONE	not-reached-before-wall-clock-cap	NONE	2	check-original-fixture;match-source-positioned-diagnostics
cmd/compile/internal/types2:TestCheck/errors.go	typechecker	NOT_ATTEMPTED	NONE	not-reached-before-wall-clock-cap	NONE	2	check-original-fixture;match-source-positioned-diagnostics
cmd/compile/internal/types2:TestCheck/expr0.go	typechecker	NOT_ATTEMPTED	NONE	not-reached-before-wall-clock-cap	NONE	2	check-original-fixture;match-source-positioned-diagnostics
cmd/compile/internal/types2:TestCheck/expr1.go	typechecker	NOT_ATTEMPTED	NONE	not-reached-before-wall-clock-cap	NONE	2	check-original-fixture;match-source-positioned-diagnostics
cmd/compile/internal/types2:TestCheck/expr2.go	typechecker	NOT_ATTEMPTED	NONE	not-reached-before-wall-clock-cap	NONE	2	check-original-fixture;match-source-positioned-diagnostics
cmd/compile/internal/types2:TestCheck/expr3.go	typechecker	NOT_ATTEMPTED	NONE	not-reached-before-wall-clock-cap	NONE	2	check-original-fixture;match-source-positioned-diagnostics
cmd/compile/internal/types2:TestCheck/funcinference.go	typechecker	NOT_ATTEMPTED	NONE	not-reached-before-wall-clock-cap	NONE	2	check-original-fixture;match-source-positioned-diagnostics
cmd/compile/internal/types2:TestCheck/go1_12.go	typechecker	NOT_ATTEMPTED	NONE	not-reached-before-wall-clock-cap	NONE	2	check-original-fixture;match-source-positioned-diagnostics
cmd/compile/internal/types2:TestCheck/go1_13.go	typechecker	NOT_ATTEMPTED	NONE	not-reached-before-wall-clock-cap	NONE	2	check-original-fixture;match-source-positioned-diagnostics
cmd/compile/internal/types2:TestCheck/go1_16.go	typechecker	NOT_ATTEMPTED	NONE	not-reached-before-wall-clock-cap	NONE	2	check-original-fixture;match-source-positioned-diagnostics
cmd/compile/internal/types2:TestCheck/go1_19.go	typechecker	NOT_ATTEMPTED	NONE	not-reached-before-wall-clock-cap	NONE	2	check-original-fixture;match-source-positioned-diagnostics
cmd/compile/internal/types2:TestCheck/go1_19_20.go	typechecker	NOT_ATTEMPTED	NONE	not-reached-before-wall-clock-cap	NONE	2	check-original-fixture;match-source-positioned-diagnostics
cmd/compile/internal/types2:TestCheck/go1_20_19.go	typechecker	NOT_ATTEMPTED	NONE	not-reached-before-wall-clock-cap	NONE	2	check-original-fixture;match-source-positioned-diagnostics
cmd/compile/internal/types2:TestCheck/go1_21_19.go	typechecker	NOT_ATTEMPTED	NONE	not-reached-before-wall-clock-cap	NONE	2	check-original-fixture;match-source-positioned-diagnostics
cmd/compile/internal/types2:TestCheck/go1_21_22.go	typechecker	NOT_ATTEMPTED	NONE	not-reached-before-wall-clock-cap	NONE	2	check-original-fixture;match-source-positioned-diagnostics
cmd/compile/internal/types2:TestCheck/go1_22_21.go	typechecker	NOT_ATTEMPTED	NONE	not-reached-before-wall-clock-cap	NONE	2	check-original-fixture;match-source-positioned-diagnostics
cmd/compile/internal/types2:TestCheck/go1_25.go	typechecker	NOT_ATTEMPTED	NONE	not-reached-before-wall-clock-cap	NONE	2	check-original-fixture;match-source-positioned-diagnostics
cmd/compile/internal/types2:TestCheck/go1_8.go	typechecker	NOT_ATTEMPTED	NONE	not-reached-before-wall-clock-cap	NONE	2	check-original-fixture;match-source-positioned-diagnostics
cmd/compile/internal/types2:TestCheck/go1_xx_19.go	typechecker	NOT_ATTEMPTED	NONE	not-reached-before-wall-clock-cap	NONE	2	check-original-fixture;match-source-positioned-diagnostics
cmd/compile/internal/types2:TestCheck/gotos.go	typechecker	NOT_ATTEMPTED	NONE	not-reached-before-wall-clock-cap	NONE	2	check-original-fixture;match-source-positioned-diagnostics
cmd/compile/internal/types2:TestCheck/importC.go	typechecker	NOT_ATTEMPTED	NONE	not-reached-before-wall-clock-cap	NONE	2	check-original-fixture;match-source-positioned-diagnostics
cmd/compile/internal/types2:TestCheck/importdecl0	typechecker	NOT_ATTEMPTED	NONE	not-reached-before-wall-clock-cap	NONE	2	check-original-fixture;match-source-positioned-diagnostics
cmd/compile/internal/types2:TestCheck/importdecl1	typechecker	NOT_ATTEMPTED	NONE	not-reached-before-wall-clock-cap	NONE	2	check-original-fixture;match-source-positioned-diagnostics
cmd/compile/internal/types2:TestCheck/init0.go	typechecker	NOT_ATTEMPTED	NONE	not-reached-before-wall-clock-cap	NONE	2	check-original-fixture;match-source-positioned-diagnostics
cmd/compile/internal/types2:TestCheck/init1.go	typechecker	NOT_ATTEMPTED	NONE	not-reached-before-wall-clock-cap	NONE	2	check-original-fixture;match-source-positioned-diagnostics
cmd/compile/internal/types2:TestCheck/init2.go	typechecker	NOT_ATTEMPTED	NONE	not-reached-before-wall-clock-cap	NONE	2	check-original-fixture;match-source-positioned-diagnostics
cmd/compile/internal/types2:TestCheck/issue25008	typechecker	NOT_ATTEMPTED	NONE	not-reached-before-wall-clock-cap	NONE	2	check-original-fixture;match-source-positioned-diagnostics
cmd/compile/internal/types2:TestCheck/issue70974.go	typechecker	NOT_ATTEMPTED	NONE	not-reached-before-wall-clock-cap	NONE	2	check-original-fixture;match-source-positioned-diagnostics
cmd/compile/internal/types2:TestCheck/issues0.go	typechecker	NOT_ATTEMPTED	NONE	not-reached-before-wall-clock-cap	NONE	2	check-original-fixture;match-source-positioned-diagnostics
cmd/compile/internal/types2:TestCheck/issues1.go	typechecker	NOT_ATTEMPTED	NONE	not-reached-before-wall-clock-cap	NONE	2	check-original-fixture;match-source-positioned-diagnostics
cmd/compile/internal/types2:TestCheck/labels.go	typechecker	NOT_ATTEMPTED	NONE	not-reached-before-wall-clock-cap	NONE	2	check-original-fixture;match-source-positioned-diagnostics
cmd/compile/internal/types2:TestCheck/linalg.go	typechecker	NOT_ATTEMPTED	NONE	not-reached-before-wall-clock-cap	NONE	2	check-original-fixture;match-source-positioned-diagnostics
cmd/compile/internal/types2:TestCheck/literals.go	typechecker	NOT_ATTEMPTED	NONE	not-reached-before-wall-clock-cap	NONE	2	check-original-fixture;match-source-positioned-diagnostics
cmd/compile/internal/types2:TestCheck/lookup1.go	typechecker	NOT_ATTEMPTED	NONE	not-reached-before-wall-clock-cap	NONE	2	check-original-fixture;match-source-positioned-diagnostics
cmd/compile/internal/types2:TestCheck/lookup2.go	typechecker	NOT_ATTEMPTED	NONE	not-reached-before-wall-clock-cap	NONE	2	check-original-fixture;match-source-positioned-diagnostics
cmd/compile/internal/types2:TestCheck/main0.go	typechecker	NOT_ATTEMPTED	NONE	not-reached-before-wall-clock-cap	NONE	2	check-original-fixture;match-source-positioned-diagnostics
cmd/compile/internal/types2:TestCheck/main1.go	typechecker	NOT_ATTEMPTED	NONE	not-reached-before-wall-clock-cap	NONE	2	check-original-fixture;match-source-positioned-diagnostics
cmd/compile/internal/types2:TestCheck/map0.go	typechecker	NOT_ATTEMPTED	NONE	not-reached-before-wall-clock-cap	NONE	2	check-original-fixture;match-source-positioned-diagnostics
cmd/compile/internal/types2:TestCheck/map1.go	typechecker	NOT_ATTEMPTED	NONE	not-reached-before-wall-clock-cap	NONE	2	check-original-fixture;match-source-positioned-diagnostics
cmd/compile/internal/types2:TestCheck/methodsets.go	typechecker	NOT_ATTEMPTED	NONE	not-reached-before-wall-clock-cap	NONE	2	check-original-fixture;match-source-positioned-diagnostics
cmd/compile/internal/types2:TestCheck/shifts.go	typechecker	NOT_ATTEMPTED	NONE	not-reached-before-wall-clock-cap	NONE	2	check-original-fixture;match-source-positioned-diagnostics
cmd/compile/internal/types2:TestCheck/slices.go	typechecker	NOT_ATTEMPTED	NONE	not-reached-before-wall-clock-cap	NONE	2	check-original-fixture;match-source-positioned-diagnostics
cmd/compile/internal/types2:TestCheck/stmt0.go	typechecker	NOT_ATTEMPTED	NONE	not-reached-before-wall-clock-cap	NONE	2	check-original-fixture;match-source-positioned-diagnostics
cmd/compile/internal/types2:TestCheck/stmt1.go	typechecker	NOT_ATTEMPTED	NONE	not-reached-before-wall-clock-cap	NONE	2	check-original-fixture;match-source-positioned-diagnostics
cmd/compile/internal/types2:TestCheck/typeinference.go	typechecker	NOT_ATTEMPTED	NONE	not-reached-before-wall-clock-cap	NONE	2	check-original-fixture;match-source-positioned-diagnostics
cmd/compile/internal/types2:TestCheck/typeinst0.go	typechecker	NOT_ATTEMPTED	NONE	not-reached-before-wall-clock-cap	NONE	2	check-original-fixture;match-source-positioned-diagnostics
cmd/compile/internal/types2:TestCheck/typeinst1.go	typechecker	NOT_ATTEMPTED	NONE	not-reached-before-wall-clock-cap	NONE	2	check-original-fixture;match-source-positioned-diagnostics
cmd/compile/internal/types2:TestCheck/typeinstcycles.go	typechecker	NOT_ATTEMPTED	NONE	not-reached-before-wall-clock-cap	NONE	2	check-original-fixture;match-source-positioned-diagnostics
cmd/compile/internal/types2:TestCheck/typeparams.go	typechecker	NOT_ATTEMPTED	NONE	not-reached-before-wall-clock-cap	NONE	2	check-original-fixture;match-source-positioned-diagnostics
cmd/compile/internal/types2:TestCheck/unions.go	typechecker	NOT_ATTEMPTED	NONE	not-reached-before-wall-clock-cap	NONE	2	check-original-fixture;match-source-positioned-diagnostics
cmd/compile/internal/types2:TestCheck/vardecl.go	typechecker	NOT_ATTEMPTED	NONE	not-reached-before-wall-clock-cap	NONE	2	check-original-fixture;match-source-positioned-diagnostics
cmd/compile/internal/types2:TestExamples/constraints.go	typechecker	NOT_ATTEMPTED	NONE	not-reached-before-wall-clock-cap	NONE	2	check-original-fixture;match-source-positioned-diagnostics
cmd/compile/internal/types2:TestExamples/functions.go	typechecker	NOT_ATTEMPTED	NONE	not-reached-before-wall-clock-cap	NONE	2	check-original-fixture;match-source-positioned-diagnostics
cmd/compile/internal/types2:TestExamples/inference.go	typechecker	NOT_ATTEMPTED	NONE	not-reached-before-wall-clock-cap	NONE	2	check-original-fixture;match-source-positioned-diagnostics
cmd/compile/internal/types2:TestExamples/inference2.go	typechecker	NOT_ATTEMPTED	NONE	not-reached-before-wall-clock-cap	NONE	2	check-original-fixture;match-source-positioned-diagnostics
cmd/compile/internal/types2:TestExamples/methods.go	typechecker	NOT_ATTEMPTED	NONE	not-reached-before-wall-clock-cap	NONE	2	check-original-fixture;match-source-positioned-diagnostics
cmd/compile/internal/types2:TestExamples/operations.go	typechecker	NOT_ATTEMPTED	NONE	not-reached-before-wall-clock-cap	NONE	2	check-original-fixture;match-source-positioned-diagnostics
cmd/compile/internal/types2:TestExamples/types.go	typechecker	NOT_ATTEMPTED	NONE	not-reached-before-wall-clock-cap	NONE	2	check-original-fixture;match-source-positioned-diagnostics
cmd/compile/internal/types2:TestExamples/typesets.go	typechecker	NOT_ATTEMPTED	NONE	not-reached-before-wall-clock-cap	NONE	2	check-original-fixture;match-source-positioned-diagnostics
cmd/compile/internal/types2:TestFixedbugs/issue20583.go	typechecker	NOT_ATTEMPTED	NONE	not-reached-before-wall-clock-cap	NONE	2	check-original-fixture;match-source-positioned-diagnostics
cmd/compile/internal/types2:TestFixedbugs/issue23203a.go	typechecker	NOT_ATTEMPTED	NONE	not-reached-before-wall-clock-cap	NONE	2	check-original-fixture;match-source-positioned-diagnostics
cmd/compile/internal/types2:TestFixedbugs/issue23203b.go	typechecker	NOT_ATTEMPTED	NONE	not-reached-before-wall-clock-cap	NONE	2	check-original-fixture;match-source-positioned-diagnostics
cmd/compile/internal/types2:TestFixedbugs/issue25838.go	typechecker	NOT_ATTEMPTED	NONE	not-reached-before-wall-clock-cap	NONE	2	check-original-fixture;match-source-positioned-diagnostics
cmd/compile/internal/types2:TestFixedbugs/issue26390.go	typechecker	NOT_ATTEMPTED	NONE	not-reached-before-wall-clock-cap	NONE	2	check-original-fixture;match-source-positioned-diagnostics
cmd/compile/internal/types2:TestFixedbugs/issue28251.go	typechecker	NOT_ATTEMPTED	NONE	not-reached-before-wall-clock-cap	NONE	2	check-original-fixture;match-source-positioned-diagnostics
cmd/compile/internal/types2:TestFixedbugs/issue3117.go	typechecker	NOT_ATTEMPTED	NONE	not-reached-before-wall-clock-cap	NONE	2	check-original-fixture;match-source-positioned-diagnostics
cmd/compile/internal/types2:TestFixedbugs/issue39634.go	typechecker	NOT_ATTEMPTED	NONE	not-reached-before-wall-clock-cap	NONE	2	check-original-fixture;match-source-positioned-diagnostics
cmd/compile/internal/types2:TestFixedbugs/issue39664.go	typechecker	NOT_ATTEMPTED	NONE	not-reached-before-wall-clock-cap	NONE	2	check-original-fixture;match-source-positioned-diagnostics
cmd/compile/internal/types2:TestFixedbugs/issue39680.go	typechecker	NOT_ATTEMPTED	NONE	not-reached-before-wall-clock-cap	NONE	2	check-original-fixture;match-source-positioned-diagnostics
cmd/compile/internal/types2:TestFixedbugs/issue39693.go	typechecker	NOT_ATTEMPTED	NONE	not-reached-before-wall-clock-cap	NONE	2	check-original-fixture;match-source-positioned-diagnostics
cmd/compile/internal/types2:TestFixedbugs/issue39699.go	typechecker	NOT_ATTEMPTED	NONE	not-reached-before-wall-clock-cap	NONE	2	check-original-fixture;match-source-positioned-diagnostics
cmd/compile/internal/types2:TestFixedbugs/issue39711.go	typechecker	NOT_ATTEMPTED	NONE	not-reached-before-wall-clock-cap	NONE	2	check-original-fixture;match-source-positioned-diagnostics
cmd/compile/internal/types2:TestFixedbugs/issue39723.go	typechecker	NOT_ATTEMPTED	NONE	not-reached-before-wall-clock-cap	NONE	2	check-original-fixture;match-source-positioned-diagnostics
cmd/compile/internal/types2:TestFixedbugs/issue39725.go	typechecker	NOT_ATTEMPTED	NONE	not-reached-before-wall-clock-cap	NONE	2	check-original-fixture;match-source-positioned-diagnostics
cmd/compile/internal/types2:TestFixedbugs/issue39754.go	typechecker	NOT_ATTEMPTED	NONE	not-reached-before-wall-clock-cap	NONE	2	check-original-fixture;match-source-positioned-diagnostics
cmd/compile/internal/types2:TestFixedbugs/issue39755.go	typechecker	NOT_ATTEMPTED	NONE	not-reached-before-wall-clock-cap	NONE	2	check-original-fixture;match-source-positioned-diagnostics
cmd/compile/internal/types2:TestFixedbugs/issue39768.go	typechecker	NOT_ATTEMPTED	NONE	not-reached-before-wall-clock-cap	NONE	2	check-original-fixture;match-source-positioned-diagnostics
cmd/compile/internal/types2:TestFixedbugs/issue39938.go	typechecker	NOT_ATTEMPTED	NONE	not-reached-before-wall-clock-cap	NONE	2	check-original-fixture;match-source-positioned-diagnostics
cmd/compile/internal/types2:TestFixedbugs/issue39948.go	typechecker	NOT_ATTEMPTED	NONE	not-reached-before-wall-clock-cap	NONE	2	check-original-fixture;match-source-positioned-diagnostics
cmd/compile/internal/types2:TestFixedbugs/issue39976.go	typechecker	NOT_ATTEMPTED	NONE	not-reached-before-wall-clock-cap	NONE	2	check-original-fixture;match-source-positioned-diagnostics
cmd/compile/internal/types2:TestFixedbugs/issue39982.go	typechecker	NOT_ATTEMPTED	NONE	not-reached-before-wall-clock-cap	NONE	2	check-original-fixture;match-source-positioned-diagnostics
cmd/compile/internal/types2:TestFixedbugs/issue40038.go	typechecker	NOT_ATTEMPTED	NONE	not-reached-before-wall-clock-cap	NONE	2	check-original-fixture;match-source-positioned-diagnostics
cmd/compile/internal/types2:TestFixedbugs/issue40056.go	typechecker	NOT_ATTEMPTED	NONE	not-reached-before-wall-clock-cap	NONE	2	check-original-fixture;match-source-positioned-diagnostics
cmd/compile/internal/types2:TestFixedbugs/issue40057.go	typechecker	NOT_ATTEMPTED	NONE	not-reached-before-wall-clock-cap	NONE	2	check-original-fixture;match-source-positioned-diagnostics
cmd/compile/internal/types2:TestFixedbugs/issue40301.go	typechecker	NOT_ATTEMPTED	NONE	not-reached-before-wall-clock-cap	NONE	2	check-original-fixture;match-source-positioned-diagnostics
cmd/compile/internal/types2:TestFixedbugs/issue40350.go	typechecker	NOT_ATTEMPTED	NONE	not-reached-before-wall-clock-cap	NONE	2	check-original-fixture;match-source-positioned-diagnostics
cmd/compile/internal/types2:TestFixedbugs/issue40684.go	typechecker	NOT_ATTEMPTED	NONE	not-reached-before-wall-clock-cap	NONE	2	check-original-fixture;match-source-positioned-diagnostics
cmd/compile/internal/types2:TestFixedbugs/issue40789.go	typechecker	NOT_ATTEMPTED	NONE	not-reached-before-wall-clock-cap	NONE	2	check-original-fixture;match-source-positioned-diagnostics
cmd/compile/internal/types2:TestFixedbugs/issue41124.go	typechecker	NOT_ATTEMPTED	NONE	not-reached-before-wall-clock-cap	NONE	2	check-original-fixture;match-source-positioned-diagnostics
cmd/compile/internal/types2:TestFixedbugs/issue41176.go	typechecker	NOT_ATTEMPTED	NONE	not-reached-before-wall-clock-cap	NONE	2	check-original-fixture;match-source-positioned-diagnostics
cmd/compile/internal/types2:TestFixedbugs/issue42695.go	typechecker	NOT_ATTEMPTED	NONE	not-reached-before-wall-clock-cap	NONE	2	check-original-fixture;match-source-positioned-diagnostics
cmd/compile/internal/types2:TestFixedbugs/issue42758.go	typechecker	NOT_ATTEMPTED	NONE	not-reached-before-wall-clock-cap	NONE	2	check-original-fixture;match-source-positioned-diagnostics
cmd/compile/internal/types2:TestFixedbugs/issue42881.go	typechecker	NOT_ATTEMPTED	NONE	not-reached-before-wall-clock-cap	NONE	2	check-original-fixture;match-source-positioned-diagnostics
cmd/compile/internal/types2:TestFixedbugs/issue42987.go	typechecker	NOT_ATTEMPTED	NONE	not-reached-before-wall-clock-cap	NONE	2	check-original-fixture;match-source-positioned-diagnostics
cmd/compile/internal/types2:TestFixedbugs/issue43056.go	typechecker	NOT_ATTEMPTED	NONE	not-reached-before-wall-clock-cap	NONE	2	check-original-fixture;match-source-positioned-diagnostics
cmd/compile/internal/types2:TestFixedbugs/issue43087.go	typechecker	NOT_ATTEMPTED	NONE	not-reached-before-wall-clock-cap	NONE	2	check-original-fixture;match-source-positioned-diagnostics
cmd/compile/internal/types2:TestFixedbugs/issue43109.go	typechecker	NOT_ATTEMPTED	NONE	not-reached-before-wall-clock-cap	NONE	2	check-original-fixture;match-source-positioned-diagnostics
cmd/compile/internal/types2:TestFixedbugs/issue43110.go	typechecker	NOT_ATTEMPTED	NONE	not-reached-before-wall-clock-cap	NONE	2	check-original-fixture;match-source-positioned-diagnostics
cmd/compile/internal/types2:TestFixedbugs/issue43124.go	typechecker	NOT_ATTEMPTED	NONE	not-reached-before-wall-clock-cap	NONE	2	check-original-fixture;match-source-positioned-diagnostics
cmd/compile/internal/types2:TestFixedbugs/issue43190.go	typechecker	NOT_ATTEMPTED	NONE	not-reached-before-wall-clock-cap	NONE	2	check-original-fixture;match-source-positioned-diagnostics
cmd/compile/internal/types2:TestFixedbugs/issue43527.go	typechecker	NOT_ATTEMPTED	NONE	not-reached-before-wall-clock-cap	NONE	2	check-original-fixture;match-source-positioned-diagnostics
cmd/compile/internal/types2:TestFixedbugs/issue43671.go	typechecker	NOT_ATTEMPTED	NONE	not-reached-before-wall-clock-cap	NONE	2	check-original-fixture;match-source-positioned-diagnostics
cmd/compile/internal/types2:TestFixedbugs/issue44688.go	typechecker	NOT_ATTEMPTED	NONE	not-reached-before-wall-clock-cap	NONE	2	check-original-fixture;match-source-positioned-diagnostics
cmd/compile/internal/types2:TestFixedbugs/issue44799.go	typechecker	NOT_ATTEMPTED	NONE	not-reached-before-wall-clock-cap	NONE	2	check-original-fixture;match-source-positioned-diagnostics
cmd/compile/internal/types2:TestFixedbugs/issue45114.go	typechecker	NOT_ATTEMPTED	NONE	not-reached-before-wall-clock-cap	NONE	2	check-original-fixture;match-source-positioned-diagnostics
cmd/compile/internal/types2:TestFixedbugs/issue45548.go	typechecker	NOT_ATTEMPTED	NONE	not-reached-before-wall-clock-cap	NONE	2	check-original-fixture;match-source-positioned-diagnostics
cmd/compile/internal/types2:TestFixedbugs/issue45550.go	typechecker	NOT_ATTEMPTED	NONE	not-reached-before-wall-clock-cap	NONE	2	check-original-fixture;match-source-positioned-diagnostics
cmd/compile/internal/types2:TestFixedbugs/issue45635.go	typechecker	NOT_ATTEMPTED	NONE	not-reached-before-wall-clock-cap	NONE	2	check-original-fixture;match-source-positioned-diagnostics
cmd/compile/internal/types2:TestFixedbugs/issue45639.go	typechecker	NOT_ATTEMPTED	NONE	not-reached-before-wall-clock-cap	NONE	2	check-original-fixture;match-source-positioned-diagnostics
cmd/compile/internal/types2:TestFixedbugs/issue45920.go	typechecker	NOT_ATTEMPTED	NONE	not-reached-before-wall-clock-cap	NONE	2	check-original-fixture;match-source-positioned-diagnostics
cmd/compile/internal/types2:TestFixedbugs/issue45985.go	typechecker	NOT_ATTEMPTED	NONE	not-reached-before-wall-clock-cap	NONE	2	check-original-fixture;match-source-positioned-diagnostics
cmd/compile/internal/types2:TestFixedbugs/issue46090.go	typechecker	NOT_ATTEMPTED	NONE	not-reached-before-wall-clock-cap	NONE	2	check-original-fixture;match-source-positioned-diagnostics
cmd/compile/internal/types2:TestFixedbugs/issue46275.go	typechecker	NOT_ATTEMPTED	NONE	not-reached-before-wall-clock-cap	NONE	2	check-original-fixture;match-source-positioned-diagnostics
cmd/compile/internal/types2:TestFixedbugs/issue46403.go	typechecker	NOT_ATTEMPTED	NONE	not-reached-before-wall-clock-cap	NONE	2	check-original-fixture;match-source-positioned-diagnostics
cmd/compile/internal/types2:TestFixedbugs/issue46404.go	typechecker	NOT_ATTEMPTED	NONE	not-reached-before-wall-clock-cap	NONE	2	check-original-fixture;match-source-positioned-diagnostics
cmd/compile/internal/types2:TestFixedbugs/issue46461.go	typechecker	NOT_ATTEMPTED	NONE	not-reached-before-wall-clock-cap	NONE	2	check-original-fixture;match-source-positioned-diagnostics
cmd/compile/internal/types2:TestFixedbugs/issue46583.go	typechecker	NOT_ATTEMPTED	NONE	not-reached-before-wall-clock-cap	NONE	2	check-original-fixture;match-source-positioned-diagnostics
cmd/compile/internal/types2:TestFixedbugs/issue47031.go	typechecker	NOT_ATTEMPTED	NONE	not-reached-before-wall-clock-cap	NONE	2	check-original-fixture;match-source-positioned-diagnostics
cmd/compile/internal/types2:TestFixedbugs/issue47115.go	typechecker	NOT_ATTEMPTED	NONE	not-reached-before-wall-clock-cap	NONE	2	check-original-fixture;match-source-positioned-diagnostics
cmd/compile/internal/types2:TestFixedbugs/issue47127.go	typechecker	NOT_ATTEMPTED	NONE	not-reached-before-wall-clock-cap	NONE	2	check-original-fixture;match-source-positioned-diagnostics
cmd/compile/internal/types2:TestFixedbugs/issue47411.go	typechecker	NOT_ATTEMPTED	NONE	not-reached-before-wall-clock-cap	NONE	2	check-original-fixture;match-source-positioned-diagnostics
cmd/compile/internal/types2:TestFixedbugs/issue47747.go	typechecker	NOT_ATTEMPTED	NONE	not-reached-before-wall-clock-cap	NONE	2	check-original-fixture;match-source-positioned-diagnostics
cmd/compile/internal/types2:TestFixedbugs/issue47796.go	typechecker	NOT_ATTEMPTED	NONE	not-reached-before-wall-clock-cap	NONE	2	check-original-fixture;match-source-positioned-diagnostics
cmd/compile/internal/types2:TestFixedbugs/issue47818.go	typechecker	NOT_ATTEMPTED	NONE	not-reached-before-wall-clock-cap	NONE	2	check-original-fixture;match-source-positioned-diagnostics
cmd/compile/internal/types2:TestFixedbugs/issue47887.go	typechecker	NOT_ATTEMPTED	NONE	not-reached-before-wall-clock-cap	NONE	2	check-original-fixture;match-source-positioned-diagnostics
cmd/compile/internal/types2:TestFixedbugs/issue47968.go	typechecker	NOT_ATTEMPTED	NONE	not-reached-before-wall-clock-cap	NONE	2	check-original-fixture;match-source-positioned-diagnostics
cmd/compile/internal/types2:TestFixedbugs/issue48008.go	typechecker	NOT_ATTEMPTED	NONE	not-reached-before-wall-clock-cap	NONE	2	check-original-fixture;match-source-positioned-diagnostics
cmd/compile/internal/types2:TestFixedbugs/issue48018.go	typechecker	NOT_ATTEMPTED	NONE	not-reached-before-wall-clock-cap	NONE	2	check-original-fixture;match-source-positioned-diagnostics
cmd/compile/internal/types2:TestFixedbugs/issue48048.go	typechecker	NOT_ATTEMPTED	NONE	not-reached-before-wall-clock-cap	NONE	2	check-original-fixture;match-source-positioned-diagnostics
cmd/compile/internal/types2:TestFixedbugs/issue48082.go	typechecker	NOT_ATTEMPTED	NONE	not-reached-before-wall-clock-cap	NONE	2	check-original-fixture;match-source-positioned-diagnostics
cmd/compile/internal/types2:TestFixedbugs/issue48083.go	typechecker	NOT_ATTEMPTED	NONE	not-reached-before-wall-clock-cap	NONE	2	check-original-fixture;match-source-positioned-diagnostics
cmd/compile/internal/types2:TestFixedbugs/issue48136.go	typechecker	NOT_ATTEMPTED	NONE	not-reached-before-wall-clock-cap	NONE	2	check-original-fixture;match-source-positioned-diagnostics
cmd/compile/internal/types2:TestFixedbugs/issue48234.go	typechecker	NOT_ATTEMPTED	NONE	not-reached-before-wall-clock-cap	NONE	2	check-original-fixture;match-source-positioned-diagnostics
cmd/compile/internal/types2:TestFixedbugs/issue48312.go	typechecker	NOT_ATTEMPTED	NONE	not-reached-before-wall-clock-cap	NONE	2	check-original-fixture;match-source-positioned-diagnostics
cmd/compile/internal/types2:TestFixedbugs/issue48472.go	typechecker	NOT_ATTEMPTED	NONE	not-reached-before-wall-clock-cap	NONE	2	check-original-fixture;match-source-positioned-diagnostics
cmd/compile/internal/types2:TestFixedbugs/issue48529.go	typechecker	NOT_ATTEMPTED	NONE	not-reached-before-wall-clock-cap	NONE	2	check-original-fixture;match-source-positioned-diagnostics
cmd/compile/internal/types2:TestFixedbugs/issue48582.go	typechecker	NOT_ATTEMPTED	NONE	not-reached-before-wall-clock-cap	NONE	2	check-original-fixture;match-source-positioned-diagnostics
cmd/compile/internal/types2:TestFixedbugs/issue48619.go	typechecker	NOT_ATTEMPTED	NONE	not-reached-before-wall-clock-cap	NONE	2	check-original-fixture;match-source-positioned-diagnostics
cmd/compile/internal/types2:TestFixedbugs/issue48656.go	typechecker	NOT_ATTEMPTED	NONE	not-reached-before-wall-clock-cap	NONE	2	check-original-fixture;match-source-positioned-diagnostics
cmd/compile/internal/types2:TestFixedbugs/issue48695.go	typechecker	NOT_ATTEMPTED	NONE	not-reached-before-wall-clock-cap	NONE	2	check-original-fixture;match-source-positioned-diagnostics
cmd/compile/internal/types2:TestFixedbugs/issue48703.go	typechecker	NOT_ATTEMPTED	NONE	not-reached-before-wall-clock-cap	NONE	2	check-original-fixture;match-source-positioned-diagnostics
cmd/compile/internal/types2:TestFixedbugs/issue48712.go	typechecker	NOT_ATTEMPTED	NONE	not-reached-before-wall-clock-cap	NONE	2	check-original-fixture;match-source-positioned-diagnostics
cmd/compile/internal/types2:TestFixedbugs/issue48819.go	typechecker	NOT_ATTEMPTED	NONE	not-reached-before-wall-clock-cap	NONE	2	check-original-fixture;match-source-positioned-diagnostics
cmd/compile/internal/types2:TestFixedbugs/issue48827.go	typechecker	NOT_ATTEMPTED	NONE	not-reached-before-wall-clock-cap	NONE	2	check-original-fixture;match-source-positioned-diagnostics
cmd/compile/internal/types2:TestFixedbugs/issue48951.go	typechecker	NOT_ATTEMPTED	NONE	not-reached-before-wall-clock-cap	NONE	2	check-original-fixture;match-source-positioned-diagnostics
cmd/compile/internal/types2:TestFixedbugs/issue48962.go	typechecker	NOT_ATTEMPTED	NONE	not-reached-before-wall-clock-cap	NONE	2	check-original-fixture;match-source-positioned-diagnostics
cmd/compile/internal/types2:TestFixedbugs/issue48974.go	typechecker	NOT_ATTEMPTED	NONE	not-reached-before-wall-clock-cap	NONE	2	check-original-fixture;match-source-positioned-diagnostics
cmd/compile/internal/types2:TestFixedbugs/issue49003.go	typechecker	NOT_ATTEMPTED	NONE	not-reached-before-wall-clock-cap	NONE	2	check-original-fixture;match-source-positioned-diagnostics
cmd/compile/internal/types2:TestFixedbugs/issue49005.go	typechecker	NOT_ATTEMPTED	NONE	not-reached-before-wall-clock-cap	NONE	2	check-original-fixture;match-source-positioned-diagnostics
cmd/compile/internal/types2:TestFixedbugs/issue49043.go	typechecker	NOT_ATTEMPTED	NONE	not-reached-before-wall-clock-cap	NONE	2	check-original-fixture;match-source-positioned-diagnostics
cmd/compile/internal/types2:TestFixedbugs/issue49112.go	typechecker	NOT_ATTEMPTED	NONE	not-reached-before-wall-clock-cap	NONE	2	check-original-fixture;match-source-positioned-diagnostics
cmd/compile/internal/types2:TestFixedbugs/issue49179.go	typechecker	NOT_ATTEMPTED	NONE	not-reached-before-wall-clock-cap	NONE	2	check-original-fixture;match-source-positioned-diagnostics
cmd/compile/internal/types2:TestFixedbugs/issue49242.go	typechecker	NOT_ATTEMPTED	NONE	not-reached-before-wall-clock-cap	NONE	2	check-original-fixture;match-source-positioned-diagnostics
cmd/compile/internal/types2:TestFixedbugs/issue49247.go	typechecker	NOT_ATTEMPTED	NONE	not-reached-before-wall-clock-cap	NONE	2	check-original-fixture;match-source-positioned-diagnostics
cmd/compile/internal/types2:TestFixedbugs/issue49276.go	typechecker	NOT_ATTEMPTED	NONE	not-reached-before-wall-clock-cap	NONE	2	check-original-fixture;match-source-positioned-diagnostics
cmd/compile/internal/types2:TestFixedbugs/issue49296.go	typechecker	NOT_ATTEMPTED	NONE	not-reached-before-wall-clock-cap	NONE	2	check-original-fixture;match-source-positioned-diagnostics
cmd/compile/internal/types2:TestFixedbugs/issue49439.go	typechecker	NOT_ATTEMPTED	NONE	not-reached-before-wall-clock-cap	NONE	2	check-original-fixture;match-source-positioned-diagnostics
cmd/compile/internal/types2:TestFixedbugs/issue49482.go	typechecker	NOT_ATTEMPTED	NONE	not-reached-before-wall-clock-cap	NONE	2	check-original-fixture;match-source-positioned-diagnostics
cmd/compile/internal/types2:TestFixedbugs/issue49541.go	typechecker	NOT_ATTEMPTED	NONE	not-reached-before-wall-clock-cap	NONE	2	check-original-fixture;match-source-positioned-diagnostics
cmd/compile/internal/types2:TestFixedbugs/issue49579.go	typechecker	NOT_ATTEMPTED	NONE	not-reached-before-wall-clock-cap	NONE	2	check-original-fixture;match-source-positioned-diagnostics
cmd/compile/internal/types2:TestFixedbugs/issue49592.go	typechecker	NOT_ATTEMPTED	NONE	not-reached-before-wall-clock-cap	NONE	2	check-original-fixture;match-source-positioned-diagnostics
cmd/compile/internal/types2:TestFixedbugs/issue49602.go	typechecker	NOT_ATTEMPTED	NONE	not-reached-before-wall-clock-cap	NONE	2	check-original-fixture;match-source-positioned-diagnostics
cmd/compile/internal/types2:TestFixedbugs/issue49705.go	typechecker	NOT_ATTEMPTED	NONE	not-reached-before-wall-clock-cap	NONE	2	check-original-fixture;match-source-positioned-diagnostics
cmd/compile/internal/types2:TestFixedbugs/issue49735.go	typechecker	NOT_ATTEMPTED	NONE	not-reached-before-wall-clock-cap	NONE	2	check-original-fixture;match-source-positioned-diagnostics
cmd/compile/internal/types2:TestFixedbugs/issue49736.go	typechecker	NOT_ATTEMPTED	NONE	not-reached-before-wall-clock-cap	NONE	2	check-original-fixture;match-source-positioned-diagnostics
cmd/compile/internal/types2:TestFixedbugs/issue49739.go	typechecker	NOT_ATTEMPTED	NONE	not-reached-before-wall-clock-cap	NONE	2	check-original-fixture;match-source-positioned-diagnostics
cmd/compile/internal/types2:TestFixedbugs/issue49864.go	typechecker	NOT_ATTEMPTED	NONE	not-reached-before-wall-clock-cap	NONE	2	check-original-fixture;match-source-positioned-diagnostics
cmd/compile/internal/types2:TestFixedbugs/issue50259.go	typechecker	NOT_ATTEMPTED	NONE	not-reached-before-wall-clock-cap	NONE	2	check-original-fixture;match-source-positioned-diagnostics
cmd/compile/internal/types2:TestFixedbugs/issue50276.go	typechecker	NOT_ATTEMPTED	NONE	not-reached-before-wall-clock-cap	NONE	2	check-original-fixture;match-source-positioned-diagnostics
cmd/compile/internal/types2:TestFixedbugs/issue50281.go	typechecker	NOT_ATTEMPTED	NONE	not-reached-before-wall-clock-cap	NONE	2	check-original-fixture;match-source-positioned-diagnostics
cmd/compile/internal/types2:TestFixedbugs/issue50321.go	typechecker	NOT_ATTEMPTED	NONE	not-reached-before-wall-clock-cap	NONE	2	check-original-fixture;match-source-positioned-diagnostics
cmd/compile/internal/types2:TestFixedbugs/issue50372.go	typechecker	NOT_ATTEMPTED	NONE	not-reached-before-wall-clock-cap	NONE	2	check-original-fixture;match-source-positioned-diagnostics
cmd/compile/internal/types2:TestFixedbugs/issue50417.go	typechecker	NOT_ATTEMPTED	NONE	not-reached-before-wall-clock-cap	NONE	2	check-original-fixture;match-source-positioned-diagnostics
cmd/compile/internal/types2:TestFixedbugs/issue50426.go	typechecker	NOT_ATTEMPTED	NONE	not-reached-before-wall-clock-cap	NONE	2	check-original-fixture;match-source-positioned-diagnostics
cmd/compile/internal/types2:TestFixedbugs/issue50427a.go	typechecker	NOT_ATTEMPTED	NONE	not-reached-before-wall-clock-cap	NONE	2	check-original-fixture;match-source-positioned-diagnostics
cmd/compile/internal/types2:TestFixedbugs/issue50427b.go	typechecker	NOT_ATTEMPTED	NONE	not-reached-before-wall-clock-cap	NONE	2	check-original-fixture;match-source-positioned-diagnostics
cmd/compile/internal/types2:TestFixedbugs/issue50450.go	typechecker	NOT_ATTEMPTED	NONE	not-reached-before-wall-clock-cap	NONE	2	check-original-fixture;match-source-positioned-diagnostics
cmd/compile/internal/types2:TestFixedbugs/issue50516.go	typechecker	NOT_ATTEMPTED	NONE	not-reached-before-wall-clock-cap	NONE	2	check-original-fixture;match-source-positioned-diagnostics
cmd/compile/internal/types2:TestFixedbugs/issue50646.go	typechecker	NOT_ATTEMPTED	NONE	not-reached-before-wall-clock-cap	NONE	2	check-original-fixture;match-source-positioned-diagnostics
cmd/compile/internal/types2:TestFixedbugs/issue50729.go	typechecker	NOT_ATTEMPTED	NONE	not-reached-before-wall-clock-cap	NONE	2	check-original-fixture;match-source-positioned-diagnostics
cmd/compile/internal/types2:TestFixedbugs/issue50729b.go	typechecker	NOT_ATTEMPTED	NONE	not-reached-before-wall-clock-cap	NONE	2	check-original-fixture;match-source-positioned-diagnostics
cmd/compile/internal/types2:TestFixedbugs/issue50755.go	typechecker	NOT_ATTEMPTED	NONE	not-reached-before-wall-clock-cap	NONE	2	check-original-fixture;match-source-positioned-diagnostics
cmd/compile/internal/types2:TestFixedbugs/issue50779.go	typechecker	NOT_ATTEMPTED	NONE	not-reached-before-wall-clock-cap	NONE	2	check-original-fixture;match-source-positioned-diagnostics
cmd/compile/internal/types2:TestFixedbugs/issue50782.go	typechecker	NOT_ATTEMPTED	NONE	not-reached-before-wall-clock-cap	NONE	2	check-original-fixture;match-source-positioned-diagnostics
cmd/compile/internal/types2:TestFixedbugs/issue50816.go	typechecker	NOT_ATTEMPTED	NONE	not-reached-before-wall-clock-cap	NONE	2	check-original-fixture;match-source-positioned-diagnostics
cmd/compile/internal/types2:TestFixedbugs/issue50833.go	typechecker	NOT_ATTEMPTED	NONE	not-reached-before-wall-clock-cap	NONE	2	check-original-fixture;match-source-positioned-diagnostics
cmd/compile/internal/types2:TestFixedbugs/issue50912.go	typechecker	NOT_ATTEMPTED	NONE	not-reached-before-wall-clock-cap	NONE	2	check-original-fixture;match-source-positioned-diagnostics
cmd/compile/internal/types2:TestFixedbugs/issue50918.go	typechecker	NOT_ATTEMPTED	NONE	not-reached-before-wall-clock-cap	NONE	2	check-original-fixture;match-source-positioned-diagnostics
cmd/compile/internal/types2:TestFixedbugs/issue50929.go	typechecker	NOT_ATTEMPTED	NONE	not-reached-before-wall-clock-cap	NONE	2	check-original-fixture;match-source-positioned-diagnostics
cmd/compile/internal/types2:TestFixedbugs/issue50965.go	typechecker	NOT_ATTEMPTED	NONE	not-reached-before-wall-clock-cap	NONE	2	check-original-fixture;match-source-positioned-diagnostics
cmd/compile/internal/types2:TestFixedbugs/issue51025.go	typechecker	NOT_ATTEMPTED	NONE	not-reached-before-wall-clock-cap	NONE	2	check-original-fixture;match-source-positioned-diagnostics
cmd/compile/internal/types2:TestFixedbugs/issue51048.go	typechecker	NOT_ATTEMPTED	NONE	not-reached-before-wall-clock-cap	NONE	2	check-original-fixture;match-source-positioned-diagnostics
cmd/compile/internal/types2:TestFixedbugs/issue51139.go	typechecker	NOT_ATTEMPTED	NONE	not-reached-before-wall-clock-cap	NONE	2	check-original-fixture;match-source-positioned-diagnostics
cmd/compile/internal/types2:TestFixedbugs/issue51145.go	typechecker	NOT_ATTEMPTED	NONE	not-reached-before-wall-clock-cap	NONE	2	check-original-fixture;match-source-positioned-diagnostics
cmd/compile/internal/types2:TestFixedbugs/issue51158.go	typechecker	NOT_ATTEMPTED	NONE	not-reached-before-wall-clock-cap	NONE	2	check-original-fixture;match-source-positioned-diagnostics
cmd/compile/internal/types2:TestFixedbugs/issue51229.go	typechecker	NOT_ATTEMPTED	NONE	not-reached-before-wall-clock-cap	NONE	2	check-original-fixture;match-source-positioned-diagnostics
cmd/compile/internal/types2:TestFixedbugs/issue51232.go	typechecker	NOT_ATTEMPTED	NONE	not-reached-before-wall-clock-cap	NONE	2	check-original-fixture;match-source-positioned-diagnostics
cmd/compile/internal/types2:TestFixedbugs/issue51233.go	typechecker	NOT_ATTEMPTED	NONE	not-reached-before-wall-clock-cap	NONE	2	check-original-fixture;match-source-positioned-diagnostics
cmd/compile/internal/types2:TestFixedbugs/issue51257.go	typechecker	NOT_ATTEMPTED	NONE	not-reached-before-wall-clock-cap	NONE	2	check-original-fixture;match-source-positioned-diagnostics
cmd/compile/internal/types2:TestFixedbugs/issue51335.go	typechecker	NOT_ATTEMPTED	NONE	not-reached-before-wall-clock-cap	NONE	2	check-original-fixture;match-source-positioned-diagnostics
cmd/compile/internal/types2:TestFixedbugs/issue51339.go	typechecker	NOT_ATTEMPTED	NONE	not-reached-before-wall-clock-cap	NONE	2	check-original-fixture;match-source-positioned-diagnostics
cmd/compile/internal/types2:TestFixedbugs/issue51360.go	typechecker	NOT_ATTEMPTED	NONE	not-reached-before-wall-clock-cap	NONE	2	check-original-fixture;match-source-positioned-diagnostics
cmd/compile/internal/types2:TestFixedbugs/issue51376.go	typechecker	NOT_ATTEMPTED	NONE	not-reached-before-wall-clock-cap	NONE	2	check-original-fixture;match-source-positioned-diagnostics
cmd/compile/internal/types2:TestFixedbugs/issue51386.go	typechecker	NOT_ATTEMPTED	NONE	not-reached-before-wall-clock-cap	NONE	2	check-original-fixture;match-source-positioned-diagnostics
cmd/compile/internal/types2:TestFixedbugs/issue51437.go	typechecker	NOT_ATTEMPTED	NONE	not-reached-before-wall-clock-cap	NONE	2	check-original-fixture;match-source-positioned-diagnostics
cmd/compile/internal/types2:TestFixedbugs/issue51472.go	typechecker	NOT_ATTEMPTED	NONE	not-reached-before-wall-clock-cap	NONE	2	check-original-fixture;match-source-positioned-diagnostics
cmd/compile/internal/types2:TestFixedbugs/issue51503.go	typechecker	NOT_ATTEMPTED	NONE	not-reached-before-wall-clock-cap	NONE	2	check-original-fixture;match-source-positioned-diagnostics
cmd/compile/internal/types2:TestFixedbugs/issue51509.go	typechecker	NOT_ATTEMPTED	NONE	not-reached-before-wall-clock-cap	NONE	2	check-original-fixture;match-source-positioned-diagnostics
cmd/compile/internal/types2:TestFixedbugs/issue51525.go	typechecker	NOT_ATTEMPTED	NONE	not-reached-before-wall-clock-cap	NONE	2	check-original-fixture;match-source-positioned-diagnostics
cmd/compile/internal/types2:TestFixedbugs/issue51533.go	typechecker	NOT_ATTEMPTED	NONE	not-reached-before-wall-clock-cap	NONE	2	check-original-fixture;match-source-positioned-diagnostics
cmd/compile/internal/types2:TestFixedbugs/issue51578.go	typechecker	NOT_ATTEMPTED	NONE	not-reached-before-wall-clock-cap	NONE	2	check-original-fixture;match-source-positioned-diagnostics
cmd/compile/internal/types2:TestFixedbugs/issue51593.go	typechecker	NOT_ATTEMPTED	NONE	not-reached-before-wall-clock-cap	NONE	2	check-original-fixture;match-source-positioned-diagnostics
cmd/compile/internal/types2:TestFixedbugs/issue51607.go	typechecker	NOT_ATTEMPTED	NONE	not-reached-before-wall-clock-cap	NONE	2	check-original-fixture;match-source-positioned-diagnostics
cmd/compile/internal/types2:TestFixedbugs/issue51610.go	typechecker	NOT_ATTEMPTED	NONE	not-reached-before-wall-clock-cap	NONE	2	check-original-fixture;match-source-positioned-diagnostics
cmd/compile/internal/types2:TestFixedbugs/issue51616.go	typechecker	NOT_ATTEMPTED	NONE	not-reached-before-wall-clock-cap	NONE	2	check-original-fixture;match-source-positioned-diagnostics
cmd/compile/internal/types2:TestFixedbugs/issue51658.go	typechecker	NOT_ATTEMPTED	NONE	not-reached-before-wall-clock-cap	NONE	2	check-original-fixture;match-source-positioned-diagnostics
cmd/compile/internal/types2:TestFixedbugs/issue51877.go	typechecker	NOT_ATTEMPTED	NONE	not-reached-before-wall-clock-cap	NONE	2	check-original-fixture;match-source-positioned-diagnostics
cmd/compile/internal/types2:TestFixedbugs/issue52031.go	typechecker	NOT_ATTEMPTED	NONE	not-reached-before-wall-clock-cap	NONE	2	check-original-fixture;match-source-positioned-diagnostics
cmd/compile/internal/types2:TestFixedbugs/issue52401.go	typechecker	NOT_ATTEMPTED	NONE	not-reached-before-wall-clock-cap	NONE	2	check-original-fixture;match-source-positioned-diagnostics
cmd/compile/internal/types2:TestFixedbugs/issue52529.go	typechecker	NOT_ATTEMPTED	NONE	not-reached-before-wall-clock-cap	NONE	2	check-original-fixture;match-source-positioned-diagnostics
cmd/compile/internal/types2:TestFixedbugs/issue52698.go	typechecker	NOT_ATTEMPTED	NONE	not-reached-before-wall-clock-cap	NONE	2	check-original-fixture;match-source-positioned-diagnostics
cmd/compile/internal/types2:TestFixedbugs/issue52915.go	typechecker	NOT_ATTEMPTED	NONE	not-reached-before-wall-clock-cap	NONE	2	check-original-fixture;match-source-positioned-diagnostics
cmd/compile/internal/types2:TestFixedbugs/issue53358.go	typechecker	NOT_ATTEMPTED	NONE	not-reached-before-wall-clock-cap	NONE	2	check-original-fixture;match-source-positioned-diagnostics
cmd/compile/internal/types2:TestFixedbugs/issue53535.go	typechecker	NOT_ATTEMPTED	NONE	not-reached-before-wall-clock-cap	NONE	2	check-original-fixture;match-source-positioned-diagnostics
cmd/compile/internal/types2:TestFixedbugs/issue53650.go	typechecker	NOT_ATTEMPTED	NONE	not-reached-before-wall-clock-cap	NONE	2	check-original-fixture;match-source-positioned-diagnostics
cmd/compile/internal/types2:TestFixedbugs/issue53692.go	typechecker	NOT_ATTEMPTED	NONE	not-reached-before-wall-clock-cap	NONE	2	check-original-fixture;match-source-positioned-diagnostics
cmd/compile/internal/types2:TestFixedbugs/issue54280.go	typechecker	NOT_ATTEMPTED	NONE	not-reached-before-wall-clock-cap	NONE	2	check-original-fixture;match-source-positioned-diagnostics
cmd/compile/internal/types2:TestFixedbugs/issue54405.go	typechecker	NOT_ATTEMPTED	NONE	not-reached-before-wall-clock-cap	NONE	2	check-original-fixture;match-source-positioned-diagnostics
cmd/compile/internal/types2:TestFixedbugs/issue54424.go	typechecker	NOT_ATTEMPTED	NONE	not-reached-before-wall-clock-cap	NONE	2	check-original-fixture;match-source-positioned-diagnostics
cmd/compile/internal/types2:TestFixedbugs/issue54942.go	typechecker	NOT_ATTEMPTED	NONE	not-reached-before-wall-clock-cap	NONE	2	check-original-fixture;match-source-positioned-diagnostics
cmd/compile/internal/types2:TestFixedbugs/issue56351.go	typechecker	NOT_ATTEMPTED	NONE	not-reached-before-wall-clock-cap	NONE	2	check-original-fixture;match-source-positioned-diagnostics
cmd/compile/internal/types2:TestFixedbugs/issue56425.go	typechecker	NOT_ATTEMPTED	NONE	not-reached-before-wall-clock-cap	NONE	2	check-original-fixture;match-source-positioned-diagnostics
cmd/compile/internal/types2:TestFixedbugs/issue56665.go	typechecker	NOT_ATTEMPTED	NONE	not-reached-before-wall-clock-cap	NONE	2	check-original-fixture;match-source-positioned-diagnostics
cmd/compile/internal/types2:TestFixedbugs/issue57155.go	typechecker	NOT_ATTEMPTED	NONE	not-reached-before-wall-clock-cap	NONE	2	check-original-fixture;match-source-positioned-diagnostics
cmd/compile/internal/types2:TestFixedbugs/issue57160.go	typechecker	NOT_ATTEMPTED	NONE	not-reached-before-wall-clock-cap	NONE	2	check-original-fixture;match-source-positioned-diagnostics
cmd/compile/internal/types2:TestFixedbugs/issue57192.go	typechecker	NOT_ATTEMPTED	NONE	not-reached-before-wall-clock-cap	NONE	2	check-original-fixture;match-source-positioned-diagnostics
cmd/compile/internal/types2:TestFixedbugs/issue57352.go	typechecker	NOT_ATTEMPTED	NONE	not-reached-before-wall-clock-cap	NONE	2	check-original-fixture;match-source-positioned-diagnostics
cmd/compile/internal/types2:TestFixedbugs/issue57486.go	typechecker	NOT_ATTEMPTED	NONE	not-reached-before-wall-clock-cap	NONE	2	check-original-fixture;match-source-positioned-diagnostics
cmd/compile/internal/types2:TestFixedbugs/issue57500.go	typechecker	NOT_ATTEMPTED	NONE	not-reached-before-wall-clock-cap	NONE	2	check-original-fixture;match-source-positioned-diagnostics
cmd/compile/internal/types2:TestFixedbugs/issue57522.go	typechecker	NOT_ATTEMPTED	NONE	not-reached-before-wall-clock-cap	NONE	2	check-original-fixture;match-source-positioned-diagnostics
cmd/compile/internal/types2:TestFixedbugs/issue58611.go	typechecker	NOT_ATTEMPTED	NONE	not-reached-before-wall-clock-cap	NONE	2	check-original-fixture;match-source-positioned-diagnostics
cmd/compile/internal/types2:TestFixedbugs/issue58612.go	typechecker	NOT_ATTEMPTED	NONE	not-reached-before-wall-clock-cap	NONE	2	check-original-fixture;match-source-positioned-diagnostics
cmd/compile/internal/types2:TestFixedbugs/issue58671.go	typechecker	NOT_ATTEMPTED	NONE	not-reached-before-wall-clock-cap	NONE	2	check-original-fixture;match-source-positioned-diagnostics
cmd/compile/internal/types2:TestFixedbugs/issue58742.go	typechecker	NOT_ATTEMPTED	NONE	not-reached-before-wall-clock-cap	NONE	2	check-original-fixture;match-source-positioned-diagnostics
cmd/compile/internal/types2:TestFixedbugs/issue59190.go	typechecker	NOT_ATTEMPTED	NONE	not-reached-before-wall-clock-cap	NONE	2	check-original-fixture;match-source-positioned-diagnostics
cmd/compile/internal/types2:TestFixedbugs/issue59207.go	typechecker	NOT_ATTEMPTED	NONE	not-reached-before-wall-clock-cap	NONE	2	check-original-fixture;match-source-positioned-diagnostics
cmd/compile/internal/types2:TestFixedbugs/issue59209.go	typechecker	NOT_ATTEMPTED	NONE	not-reached-before-wall-clock-cap	NONE	2	check-original-fixture;match-source-positioned-diagnostics
cmd/compile/internal/types2:TestFixedbugs/issue59338a.go	typechecker	NOT_ATTEMPTED	NONE	not-reached-before-wall-clock-cap	NONE	2	check-original-fixture;match-source-positioned-diagnostics
cmd/compile/internal/types2:TestFixedbugs/issue59338b.go	typechecker	NOT_ATTEMPTED	NONE	not-reached-before-wall-clock-cap	NONE	2	check-original-fixture;match-source-positioned-diagnostics
cmd/compile/internal/types2:TestFixedbugs/issue59371.go	typechecker	NOT_ATTEMPTED	NONE	not-reached-before-wall-clock-cap	NONE	2	check-original-fixture;match-source-positioned-diagnostics
cmd/compile/internal/types2:TestFixedbugs/issue59639.go	typechecker	NOT_ATTEMPTED	NONE	not-reached-before-wall-clock-cap	NONE	2	check-original-fixture;match-source-positioned-diagnostics
cmd/compile/internal/types2:TestFixedbugs/issue59740.go	typechecker	NOT_ATTEMPTED	NONE	not-reached-before-wall-clock-cap	NONE	2	check-original-fixture;match-source-positioned-diagnostics
cmd/compile/internal/types2:TestFixedbugs/issue59848.go	typechecker	NOT_ATTEMPTED	NONE	not-reached-before-wall-clock-cap	NONE	2	check-original-fixture;match-source-positioned-diagnostics
cmd/compile/internal/types2:TestFixedbugs/issue59890.go	typechecker	NOT_ATTEMPTED	NONE	not-reached-before-wall-clock-cap	NONE	2	check-original-fixture;match-source-positioned-diagnostics
cmd/compile/internal/types2:TestFixedbugs/issue59953.go	typechecker	NOT_ATTEMPTED	NONE	not-reached-before-wall-clock-cap	NONE	2	check-original-fixture;match-source-positioned-diagnostics
cmd/compile/internal/types2:TestFixedbugs/issue59956.go	typechecker	NOT_ATTEMPTED	NONE	not-reached-before-wall-clock-cap	NONE	2	check-original-fixture;match-source-positioned-diagnostics
cmd/compile/internal/types2:TestFixedbugs/issue59958.go	typechecker	NOT_ATTEMPTED	NONE	not-reached-before-wall-clock-cap	NONE	2	check-original-fixture;match-source-positioned-diagnostics
cmd/compile/internal/types2:TestFixedbugs/issue60346.go	typechecker	NOT_ATTEMPTED	NONE	not-reached-before-wall-clock-cap	NONE	2	check-original-fixture;match-source-positioned-diagnostics
cmd/compile/internal/types2:TestFixedbugs/issue60377.go	typechecker	NOT_ATTEMPTED	NONE	not-reached-before-wall-clock-cap	NONE	2	check-original-fixture;match-source-positioned-diagnostics
cmd/compile/internal/types2:TestFixedbugs/issue60434.go	typechecker	NOT_ATTEMPTED	NONE	not-reached-before-wall-clock-cap	NONE	2	check-original-fixture;match-source-positioned-diagnostics
cmd/compile/internal/types2:TestFixedbugs/issue60460.go	typechecker	NOT_ATTEMPTED	NONE	not-reached-before-wall-clock-cap	NONE	2	check-original-fixture;match-source-positioned-diagnostics
cmd/compile/internal/types2:TestFixedbugs/issue60500.go	typechecker	NOT_ATTEMPTED	NONE	not-reached-before-wall-clock-cap	NONE	2	check-original-fixture;match-source-positioned-diagnostics
cmd/compile/internal/types2:TestFixedbugs/issue60542.go	typechecker	NOT_ATTEMPTED	NONE	not-reached-before-wall-clock-cap	NONE	2	check-original-fixture;match-source-positioned-diagnostics
cmd/compile/internal/types2:TestFixedbugs/issue60556.go	typechecker	NOT_ATTEMPTED	NONE	not-reached-before-wall-clock-cap	NONE	2	check-original-fixture;match-source-positioned-diagnostics
cmd/compile/internal/types2:TestFixedbugs/issue60562.go	typechecker	NOT_ATTEMPTED	NONE	not-reached-before-wall-clock-cap	NONE	2	check-original-fixture;match-source-positioned-diagnostics
cmd/compile/internal/types2:TestFixedbugs/issue60688.go	typechecker	NOT_ATTEMPTED	NONE	not-reached-before-wall-clock-cap	NONE	2	check-original-fixture;match-source-positioned-diagnostics
cmd/compile/internal/types2:TestFixedbugs/issue60747.go	typechecker	NOT_ATTEMPTED	NONE	not-reached-before-wall-clock-cap	NONE	2	check-original-fixture;match-source-positioned-diagnostics
cmd/compile/internal/types2:TestFixedbugs/issue60906.go	typechecker	NOT_ATTEMPTED	NONE	not-reached-before-wall-clock-cap	NONE	2	check-original-fixture;match-source-positioned-diagnostics
cmd/compile/internal/types2:TestFixedbugs/issue60933.go	typechecker	NOT_ATTEMPTED	NONE	not-reached-before-wall-clock-cap	NONE	2	check-original-fixture;match-source-positioned-diagnostics
cmd/compile/internal/types2:TestFixedbugs/issue60946.go	typechecker	NOT_ATTEMPTED	NONE	not-reached-before-wall-clock-cap	NONE	2	check-original-fixture;match-source-positioned-diagnostics
cmd/compile/internal/types2:TestFixedbugs/issue61486.go	typechecker	NOT_ATTEMPTED	NONE	not-reached-before-wall-clock-cap	NONE	2	check-original-fixture;match-source-positioned-diagnostics
cmd/compile/internal/types2:TestFixedbugs/issue61685.go	typechecker	NOT_ATTEMPTED	NONE	not-reached-before-wall-clock-cap	NONE	2	check-original-fixture;match-source-positioned-diagnostics
cmd/compile/internal/types2:TestFixedbugs/issue61822.go	typechecker	NOT_ATTEMPTED	NONE	not-reached-before-wall-clock-cap	NONE	2	check-original-fixture;match-source-positioned-diagnostics
cmd/compile/internal/types2:TestFixedbugs/issue61879.go	typechecker	NOT_ATTEMPTED	NONE	not-reached-before-wall-clock-cap	NONE	2	check-original-fixture;match-source-positioned-diagnostics
cmd/compile/internal/types2:TestFixedbugs/issue61903.go	typechecker	NOT_ATTEMPTED	NONE	not-reached-before-wall-clock-cap	NONE	2	check-original-fixture;match-source-positioned-diagnostics
cmd/compile/internal/types2:TestFixedbugs/issue62157.go	typechecker	NOT_ATTEMPTED	NONE	not-reached-before-wall-clock-cap	NONE	2	check-original-fixture;match-source-positioned-diagnostics
cmd/compile/internal/types2:TestFixedbugs/issue63563.go	typechecker	NOT_ATTEMPTED	NONE	not-reached-before-wall-clock-cap	NONE	2	check-original-fixture;match-source-positioned-diagnostics
cmd/compile/internal/types2:TestFixedbugs/issue64406.go	typechecker	NOT_ATTEMPTED	NONE	not-reached-before-wall-clock-cap	NONE	2	check-original-fixture;match-source-positioned-diagnostics
cmd/compile/internal/types2:TestFixedbugs/issue64704.go	typechecker	NOT_ATTEMPTED	NONE	not-reached-before-wall-clock-cap	NONE	2	check-original-fixture;match-source-positioned-diagnostics
cmd/compile/internal/types2:TestFixedbugs/issue65344.go	typechecker	NOT_ATTEMPTED	NONE	not-reached-before-wall-clock-cap	NONE	2	check-original-fixture;match-source-positioned-diagnostics
cmd/compile/internal/types2:TestFixedbugs/issue65711.go	typechecker	NOT_ATTEMPTED	NONE	not-reached-before-wall-clock-cap	NONE	2	check-original-fixture;match-source-positioned-diagnostics
cmd/compile/internal/types2:TestFixedbugs/issue65854.go	typechecker	NOT_ATTEMPTED	NONE	not-reached-before-wall-clock-cap	NONE	2	check-original-fixture;match-source-positioned-diagnostics
cmd/compile/internal/types2:TestFixedbugs/issue66064.go	typechecker	NOT_ATTEMPTED	NONE	not-reached-before-wall-clock-cap	NONE	2	check-original-fixture;match-source-positioned-diagnostics
cmd/compile/internal/types2:TestFixedbugs/issue66285.go	typechecker	NOT_ATTEMPTED	NONE	not-reached-before-wall-clock-cap	NONE	2	check-original-fixture;match-source-positioned-diagnostics
cmd/compile/internal/types2:TestFixedbugs/issue66323.go	typechecker	NOT_ATTEMPTED	NONE	not-reached-before-wall-clock-cap	NONE	2	check-original-fixture;match-source-positioned-diagnostics
cmd/compile/internal/types2:TestFixedbugs/issue66751.go	typechecker	NOT_ATTEMPTED	NONE	not-reached-before-wall-clock-cap	NONE	2	check-original-fixture;match-source-positioned-diagnostics
cmd/compile/internal/types2:TestFixedbugs/issue66878.go	typechecker	NOT_ATTEMPTED	NONE	not-reached-before-wall-clock-cap	NONE	2	check-original-fixture;match-source-positioned-diagnostics
cmd/compile/internal/types2:TestFixedbugs/issue67547.go	typechecker	NOT_ATTEMPTED	NONE	not-reached-before-wall-clock-cap	NONE	2	check-original-fixture;match-source-positioned-diagnostics
cmd/compile/internal/types2:TestFixedbugs/issue67628.go	typechecker	NOT_ATTEMPTED	NONE	not-reached-before-wall-clock-cap	NONE	2	check-original-fixture;match-source-positioned-diagnostics
cmd/compile/internal/types2:TestFixedbugs/issue67683.go	typechecker	NOT_ATTEMPTED	NONE	not-reached-before-wall-clock-cap	NONE	2	check-original-fixture;match-source-positioned-diagnostics
cmd/compile/internal/types2:TestFixedbugs/issue67872.go	typechecker	NOT_ATTEMPTED	NONE	not-reached-before-wall-clock-cap	NONE	2	check-original-fixture;match-source-positioned-diagnostics
cmd/compile/internal/types2:TestFixedbugs/issue67962.go	typechecker	NOT_ATTEMPTED	NONE	not-reached-before-wall-clock-cap	NONE	2	check-original-fixture;match-source-positioned-diagnostics
cmd/compile/internal/types2:TestFixedbugs/issue6814.go	typechecker	NOT_ATTEMPTED	NONE	not-reached-before-wall-clock-cap	NONE	2	check-original-fixture;match-source-positioned-diagnostics
cmd/compile/internal/types2:TestFixedbugs/issue68162.go	typechecker	NOT_ATTEMPTED	NONE	not-reached-before-wall-clock-cap	NONE	2	check-original-fixture;match-source-positioned-diagnostics
cmd/compile/internal/types2:TestFixedbugs/issue68184.go	typechecker	NOT_ATTEMPTED	NONE	not-reached-before-wall-clock-cap	NONE	2	check-original-fixture;match-source-positioned-diagnostics
cmd/compile/internal/types2:TestFixedbugs/issue68903.go	typechecker	NOT_ATTEMPTED	NONE	not-reached-before-wall-clock-cap	NONE	2	check-original-fixture;match-source-positioned-diagnostics
cmd/compile/internal/types2:TestFixedbugs/issue68935.go	typechecker	NOT_ATTEMPTED	NONE	not-reached-before-wall-clock-cap	NONE	2	check-original-fixture;match-source-positioned-diagnostics
cmd/compile/internal/types2:TestFixedbugs/issue69576.go	typechecker	NOT_ATTEMPTED	NONE	not-reached-before-wall-clock-cap	NONE	2	check-original-fixture;match-source-positioned-diagnostics
cmd/compile/internal/types2:TestFixedbugs/issue6977.go	typechecker	NOT_ATTEMPTED	NONE	not-reached-before-wall-clock-cap	NONE	2	check-original-fixture;match-source-positioned-diagnostics
cmd/compile/internal/types2:TestFixedbugs/issue69955.go	typechecker	NOT_ATTEMPTED	NONE	not-reached-before-wall-clock-cap	NONE	2	check-original-fixture;match-source-positioned-diagnostics
cmd/compile/internal/types2:TestFixedbugs/issue70150.go	typechecker	NOT_ATTEMPTED	NONE	not-reached-before-wall-clock-cap	NONE	2	check-original-fixture;match-source-positioned-diagnostics
cmd/compile/internal/types2:TestFixedbugs/issue70417.go	typechecker	NOT_ATTEMPTED	NONE	not-reached-before-wall-clock-cap	NONE	2	check-original-fixture;match-source-positioned-diagnostics
cmd/compile/internal/types2:TestFixedbugs/issue70526.go	typechecker	NOT_ATTEMPTED	NONE	not-reached-before-wall-clock-cap	NONE	2	check-original-fixture;match-source-positioned-diagnostics
cmd/compile/internal/types2:TestFixedbugs/issue70549.go	typechecker	NOT_ATTEMPTED	NONE	not-reached-before-wall-clock-cap	NONE	2	check-original-fixture;match-source-positioned-diagnostics
cmd/compile/internal/types2:TestFixedbugs/issue71131.go	typechecker	NOT_ATTEMPTED	NONE	not-reached-before-wall-clock-cap	NONE	2	check-original-fixture;match-source-positioned-diagnostics
cmd/compile/internal/types2:TestFixedbugs/issue71198.go	typechecker	NOT_ATTEMPTED	NONE	not-reached-before-wall-clock-cap	NONE	2	check-original-fixture;match-source-positioned-diagnostics
cmd/compile/internal/types2:TestFixedbugs/issue71284.go	typechecker	NOT_ATTEMPTED	NONE	not-reached-before-wall-clock-cap	NONE	2	check-original-fixture;match-source-positioned-diagnostics
cmd/compile/internal/types2:TestFixedbugs/issue72936.go	typechecker	NOT_ATTEMPTED	NONE	not-reached-before-wall-clock-cap	NONE	2	check-original-fixture;match-source-positioned-diagnostics
cmd/compile/internal/types2:TestFixedbugs/issue73428.go	typechecker	NOT_ATTEMPTED	NONE	not-reached-before-wall-clock-cap	NONE	2	check-original-fixture;match-source-positioned-diagnostics
cmd/compile/internal/types2:TestFixedbugs/issue75194.go	typechecker	NOT_ATTEMPTED	NONE	not-reached-before-wall-clock-cap	NONE	2	check-original-fixture;match-source-positioned-diagnostics
cmd/compile/internal/types2:TestFixedbugs/issue75883.go	typechecker	NOT_ATTEMPTED	NONE	not-reached-before-wall-clock-cap	NONE	2	check-original-fixture;match-source-positioned-diagnostics
cmd/compile/internal/types2:TestFixedbugs/issue75885.go	typechecker	NOT_ATTEMPTED	NONE	not-reached-before-wall-clock-cap	NONE	2	check-original-fixture;match-source-positioned-diagnostics
cmd/compile/internal/types2:TestFixedbugs/issue75918.go	typechecker	NOT_ATTEMPTED	NONE	not-reached-before-wall-clock-cap	NONE	2	check-original-fixture;match-source-positioned-diagnostics
cmd/compile/internal/types2:TestFixedbugs/issue75986.go	typechecker	NOT_ATTEMPTED	NONE	not-reached-before-wall-clock-cap	NONE	2	check-original-fixture;match-source-positioned-diagnostics
cmd/compile/internal/types2:TestFixedbugs/issue76103.go	typechecker	NOT_ATTEMPTED	NONE	not-reached-before-wall-clock-cap	NONE	2	check-original-fixture;match-source-positioned-diagnostics
cmd/compile/internal/types2:TestFixedbugs/issue76220.go	typechecker	NOT_ATTEMPTED	NONE	not-reached-before-wall-clock-cap	NONE	2	check-original-fixture;match-source-positioned-diagnostics
cmd/compile/internal/types2:TestFixedbugs/issue76366.go	typechecker	NOT_ATTEMPTED	NONE	not-reached-before-wall-clock-cap	NONE	2	check-original-fixture;match-source-positioned-diagnostics
cmd/compile/internal/types2:TestFixedbugs/issue76383.go	typechecker	NOT_ATTEMPTED	NONE	not-reached-before-wall-clock-cap	NONE	2	check-original-fixture;match-source-positioned-diagnostics
cmd/compile/internal/types2:TestFixedbugs/issue76384.go	typechecker	NOT_ATTEMPTED	NONE	not-reached-before-wall-clock-cap	NONE	2	check-original-fixture;match-source-positioned-diagnostics
cmd/compile/internal/types2:TestFixedbugs/issue76478.go	typechecker	NOT_ATTEMPTED	NONE	not-reached-before-wall-clock-cap	NONE	2	check-original-fixture;match-source-positioned-diagnostics
cmd/compile/internal/types2:TestFixedbugs/issue77245.go	typechecker	NOT_ATTEMPTED	NONE	not-reached-before-wall-clock-cap	NONE	2	check-original-fixture;match-source-positioned-diagnostics
cmd/compile/internal/types2:TestFixedbugs/issue77382.go	typechecker	NOT_ATTEMPTED	NONE	not-reached-before-wall-clock-cap	NONE	2	check-original-fixture;match-source-positioned-diagnostics
cmd/compile/internal/types2:TestFixedbugs/issue77905.go	typechecker	NOT_ATTEMPTED	NONE	not-reached-before-wall-clock-cap	NONE	2	check-original-fixture;match-source-positioned-diagnostics
cmd/compile/internal/types2:TestFixedbugs/issue78163.go	typechecker	NOT_ATTEMPTED	NONE	not-reached-before-wall-clock-cap	NONE	2	check-original-fixture;match-source-positioned-diagnostics
cmd/compile/internal/types2:TestFixedbugs/issue78346.go	typechecker	NOT_ATTEMPTED	NONE	not-reached-before-wall-clock-cap	NONE	2	check-original-fixture;match-source-positioned-diagnostics
cmd/compile/internal/types2:TestFixedbugs/issue78483.go	typechecker	NOT_ATTEMPTED	NONE	not-reached-before-wall-clock-cap	NONE	2	check-original-fixture;match-source-positioned-diagnostics
cmd/compile/internal/types2:TestFixedbugs/issue78884.go	typechecker	NOT_ATTEMPTED	NONE	not-reached-before-wall-clock-cap	NONE	2	check-original-fixture;match-source-positioned-diagnostics
cmd/compile/internal/types2:TestFixedbugs/issue79265.go	typechecker	NOT_ATTEMPTED	NONE	not-reached-before-wall-clock-cap	NONE	2	check-original-fixture;match-source-positioned-diagnostics
cmd/compile/internal/types2:TestFixedbugs/issue79687.go	typechecker	NOT_ATTEMPTED	NONE	not-reached-before-wall-clock-cap	NONE	2	check-original-fixture;match-source-positioned-diagnostics
cmd/compile/internal/types2:TestFixedbugs/issue79832.go	typechecker	NOT_ATTEMPTED	NONE	not-reached-before-wall-clock-cap	NONE	2	check-original-fixture;match-source-positioned-diagnostics
cmd/compile/internal/types2:TestFixedbugs/issue79883.go	typechecker	NOT_ATTEMPTED	NONE	not-reached-before-wall-clock-cap	NONE	2	check-original-fixture;match-source-positioned-diagnostics
cmd/compile/internal/types2:TestFixedbugs/issue80042.go	typechecker	NOT_ATTEMPTED	NONE	not-reached-before-wall-clock-cap	NONE	2	check-original-fixture;match-source-positioned-diagnostics
cmd/compile/internal/types2:TestFixedbugs/issue80172.go	typechecker	NOT_ATTEMPTED	NONE	not-reached-before-wall-clock-cap	NONE	2	check-original-fixture;match-source-positioned-diagnostics
cmd/compile/internal/types2:TestLocal/issue47996.go	typechecker	NOT_ATTEMPTED	NONE	not-reached-before-wall-clock-cap	NONE	2	check-original-fixture;match-source-positioned-diagnostics
cmd/compile/internal/types2:TestLocal/issue68183.go	typechecker	NOT_ATTEMPTED	NONE	not-reached-before-wall-clock-cap	NONE	2	check-original-fixture;match-source-positioned-diagnostics
cmd/compile/internal/types2:TestLocal/issue71254.go	typechecker	NOT_ATTEMPTED	NONE	not-reached-before-wall-clock-cap	NONE	2	check-original-fixture;match-source-positioned-diagnostics
cmd/compile/internal/types2:TestSpec/assignability.go	typechecker	NOT_ATTEMPTED	NONE	not-reached-before-wall-clock-cap	NONE	2	check-original-fixture;match-source-positioned-diagnostics
cmd/compile/internal/types2:TestSpec/comparable.go	typechecker	NOT_ATTEMPTED	NONE	not-reached-before-wall-clock-cap	NONE	2	check-original-fixture;match-source-positioned-diagnostics
cmd/compile/internal/types2:TestSpec/comparable1.19.go	typechecker	NOT_ATTEMPTED	NONE	not-reached-before-wall-clock-cap	NONE	2	check-original-fixture;match-source-positioned-diagnostics
cmd/compile/internal/types2:TestSpec/comparisons.go	typechecker	NOT_ATTEMPTED	NONE	not-reached-before-wall-clock-cap	NONE	2	check-original-fixture;match-source-positioned-diagnostics
cmd/compile/internal/types2:TestSpec/conversions.go	typechecker	NOT_ATTEMPTED	NONE	not-reached-before-wall-clock-cap	NONE	2	check-original-fixture;match-source-positioned-diagnostics
cmd/compile/internal/types2:TestSpec/methods.go	typechecker	NOT_ATTEMPTED	NONE	not-reached-before-wall-clock-cap	NONE	2	check-original-fixture;match-source-positioned-diagnostics
cmd/compile/internal/types2:TestSpec/range.go	typechecker	NOT_ATTEMPTED	NONE	not-reached-before-wall-clock-cap	NONE	2	check-original-fixture;match-source-positioned-diagnostics
cmd/compile/internal/types2:TestSpec/range_int.go	typechecker	NOT_ATTEMPTED	NONE	not-reached-before-wall-clock-cap	NONE	2	check-original-fixture;match-source-positioned-diagnostics
cmd/compile/internal/types2:TestSpec/receivers.go	typechecker	NOT_ATTEMPTED	NONE	not-reached-before-wall-clock-cap	NONE	2	check-original-fixture;match-source-positioned-diagnostics
cmd/compile/internal/types2:TestSpec/structLits.go	typechecker	NOT_ATTEMPTED	NONE	not-reached-before-wall-clock-cap	NONE	2	check-original-fixture;match-source-positioned-diagnostics
cmd/compile/internal/types2:TestSpec/typeAliases1.22.go	typechecker	NOT_ATTEMPTED	NONE	not-reached-before-wall-clock-cap	NONE	2	check-original-fixture;match-source-positioned-diagnostics
cmd/compile/internal/types2:TestSpec/typeAliases1.23.go	typechecker	NOT_ATTEMPTED	NONE	not-reached-before-wall-clock-cap	NONE	2	check-original-fixture;match-source-positioned-diagnostics
cmd/compile/internal/types2:TestSpec/typeAliases1.8.go	typechecker	NOT_ATTEMPTED	NONE	not-reached-before-wall-clock-cap	NONE	2	check-original-fixture;match-source-positioned-diagnostics
go/types:TestCheck/blank.go	typechecker	NOT_ATTEMPTED	NONE	not-reached-before-wall-clock-cap	NONE	2	check-original-fixture;match-source-positioned-diagnostics
go/types:TestCheck/builtins0.go	typechecker	NOT_ATTEMPTED	NONE	not-reached-before-wall-clock-cap	NONE	2	check-original-fixture;match-source-positioned-diagnostics
go/types:TestCheck/builtins1.go	typechecker	NOT_ATTEMPTED	NONE	not-reached-before-wall-clock-cap	NONE	2	check-original-fixture;match-source-positioned-diagnostics
go/types:TestCheck/chans.go	typechecker	NOT_ATTEMPTED	NONE	not-reached-before-wall-clock-cap	NONE	2	check-original-fixture;match-source-positioned-diagnostics
go/types:TestCheck/compliterals.go	typechecker	NOT_ATTEMPTED	NONE	not-reached-before-wall-clock-cap	NONE	2	check-original-fixture;match-source-positioned-diagnostics
go/types:TestCheck/const0.go	typechecker	NOT_ATTEMPTED	NONE	not-reached-before-wall-clock-cap	NONE	2	check-original-fixture;match-source-positioned-diagnostics
go/types:TestCheck/const1.go	typechecker	NOT_ATTEMPTED	NONE	not-reached-before-wall-clock-cap	NONE	2	check-original-fixture;match-source-positioned-diagnostics
go/types:TestCheck/constdecl.go	typechecker	NOT_ATTEMPTED	NONE	not-reached-before-wall-clock-cap	NONE	2	check-original-fixture;match-source-positioned-diagnostics
go/types:TestCheck/conversions0.go	typechecker	NOT_ATTEMPTED	NONE	not-reached-before-wall-clock-cap	NONE	2	check-original-fixture;match-source-positioned-diagnostics
go/types:TestCheck/conversions1.go	typechecker	NOT_ATTEMPTED	NONE	not-reached-before-wall-clock-cap	NONE	2	check-original-fixture;match-source-positioned-diagnostics
go/types:TestCheck/cycles0.go	typechecker	NOT_ATTEMPTED	NONE	not-reached-before-wall-clock-cap	NONE	2	check-original-fixture;match-source-positioned-diagnostics
go/types:TestCheck/cycles1.go	typechecker	NOT_ATTEMPTED	NONE	not-reached-before-wall-clock-cap	NONE	2	check-original-fixture;match-source-positioned-diagnostics
go/types:TestCheck/cycles2.go	typechecker	NOT_ATTEMPTED	NONE	not-reached-before-wall-clock-cap	NONE	2	check-original-fixture;match-source-positioned-diagnostics
go/types:TestCheck/cycles3.go	typechecker	NOT_ATTEMPTED	NONE	not-reached-before-wall-clock-cap	NONE	2	check-original-fixture;match-source-positioned-diagnostics
go/types:TestCheck/cycles4.go	typechecker	NOT_ATTEMPTED	NONE	not-reached-before-wall-clock-cap	NONE	2	check-original-fixture;match-source-positioned-diagnostics
go/types:TestCheck/cycles5.go	typechecker	NOT_ATTEMPTED	NONE	not-reached-before-wall-clock-cap	NONE	2	check-original-fixture;match-source-positioned-diagnostics
go/types:TestCheck/cycles6.go	typechecker	NOT_ATTEMPTED	NONE	not-reached-before-wall-clock-cap	NONE	2	check-original-fixture;match-source-positioned-diagnostics
go/types:TestCheck/decls0.go	typechecker	NOT_ATTEMPTED	NONE	not-reached-before-wall-clock-cap	NONE	2	check-original-fixture;match-source-positioned-diagnostics
go/types:TestCheck/decls1.go	typechecker	NOT_ATTEMPTED	NONE	not-reached-before-wall-clock-cap	NONE	2	check-original-fixture;match-source-positioned-diagnostics
go/types:TestCheck/decls2	typechecker	NOT_ATTEMPTED	NONE	not-reached-before-wall-clock-cap	NONE	2	check-original-fixture;match-source-positioned-diagnostics
go/types:TestCheck/decls3.go	typechecker	NOT_ATTEMPTED	NONE	not-reached-before-wall-clock-cap	NONE	2	check-original-fixture;match-source-positioned-diagnostics
go/types:TestCheck/decls4.go	typechecker	NOT_ATTEMPTED	NONE	not-reached-before-wall-clock-cap	NONE	2	check-original-fixture;match-source-positioned-diagnostics
go/types:TestCheck/decls5.go	typechecker	NOT_ATTEMPTED	NONE	not-reached-before-wall-clock-cap	NONE	2	check-original-fixture;match-source-positioned-diagnostics
go/types:TestCheck/doubled_labels.go	typechecker	NOT_ATTEMPTED	NONE	not-reached-before-wall-clock-cap	NONE	2	check-original-fixture;match-source-positioned-diagnostics
go/types:TestCheck/errors.go	typechecker	NOT_ATTEMPTED	NONE	not-reached-before-wall-clock-cap	NONE	2	check-original-fixture;match-source-positioned-diagnostics
go/types:TestCheck/expr0.go	typechecker	NOT_ATTEMPTED	NONE	not-reached-before-wall-clock-cap	NONE	2	check-original-fixture;match-source-positioned-diagnostics
go/types:TestCheck/expr1.go	typechecker	NOT_ATTEMPTED	NONE	not-reached-before-wall-clock-cap	NONE	2	check-original-fixture;match-source-positioned-diagnostics
go/types:TestCheck/expr2.go	typechecker	NOT_ATTEMPTED	NONE	not-reached-before-wall-clock-cap	NONE	2	check-original-fixture;match-source-positioned-diagnostics
go/types:TestCheck/expr3.go	typechecker	NOT_ATTEMPTED	NONE	not-reached-before-wall-clock-cap	NONE	2	check-original-fixture;match-source-positioned-diagnostics
go/types:TestCheck/funcinference.go	typechecker	NOT_ATTEMPTED	NONE	not-reached-before-wall-clock-cap	NONE	2	check-original-fixture;match-source-positioned-diagnostics
go/types:TestCheck/go1_12.go	typechecker	NOT_ATTEMPTED	NONE	not-reached-before-wall-clock-cap	NONE	2	check-original-fixture;match-source-positioned-diagnostics
go/types:TestCheck/go1_13.go	typechecker	NOT_ATTEMPTED	NONE	not-reached-before-wall-clock-cap	NONE	2	check-original-fixture;match-source-positioned-diagnostics
go/types:TestCheck/go1_16.go	typechecker	NOT_ATTEMPTED	NONE	not-reached-before-wall-clock-cap	NONE	2	check-original-fixture;match-source-positioned-diagnostics
go/types:TestCheck/go1_19.go	typechecker	NOT_ATTEMPTED	NONE	not-reached-before-wall-clock-cap	NONE	2	check-original-fixture;match-source-positioned-diagnostics
go/types:TestCheck/go1_19_20.go	typechecker	NOT_ATTEMPTED	NONE	not-reached-before-wall-clock-cap	NONE	2	check-original-fixture;match-source-positioned-diagnostics
go/types:TestCheck/go1_20_19.go	typechecker	NOT_ATTEMPTED	NONE	not-reached-before-wall-clock-cap	NONE	2	check-original-fixture;match-source-positioned-diagnostics
go/types:TestCheck/go1_21_19.go	typechecker	NOT_ATTEMPTED	NONE	not-reached-before-wall-clock-cap	NONE	2	check-original-fixture;match-source-positioned-diagnostics
go/types:TestCheck/go1_21_22.go	typechecker	NOT_ATTEMPTED	NONE	not-reached-before-wall-clock-cap	NONE	2	check-original-fixture;match-source-positioned-diagnostics
go/types:TestCheck/go1_22_21.go	typechecker	NOT_ATTEMPTED	NONE	not-reached-before-wall-clock-cap	NONE	2	check-original-fixture;match-source-positioned-diagnostics
go/types:TestCheck/go1_25.go	typechecker	NOT_ATTEMPTED	NONE	not-reached-before-wall-clock-cap	NONE	2	check-original-fixture;match-source-positioned-diagnostics
go/types:TestCheck/go1_8.go	typechecker	NOT_ATTEMPTED	NONE	not-reached-before-wall-clock-cap	NONE	2	check-original-fixture;match-source-positioned-diagnostics
go/types:TestCheck/go1_xx_19.go	typechecker	NOT_ATTEMPTED	NONE	not-reached-before-wall-clock-cap	NONE	2	check-original-fixture;match-source-positioned-diagnostics
go/types:TestCheck/gotos.go	typechecker	NOT_ATTEMPTED	NONE	not-reached-before-wall-clock-cap	NONE	2	check-original-fixture;match-source-positioned-diagnostics
go/types:TestCheck/importC.go	typechecker	NOT_ATTEMPTED	NONE	not-reached-before-wall-clock-cap	NONE	2	check-original-fixture;match-source-positioned-diagnostics
go/types:TestCheck/importdecl0	typechecker	NOT_ATTEMPTED	NONE	not-reached-before-wall-clock-cap	NONE	2	check-original-fixture;match-source-positioned-diagnostics
go/types:TestCheck/importdecl1	typechecker	NOT_ATTEMPTED	NONE	not-reached-before-wall-clock-cap	NONE	2	check-original-fixture;match-source-positioned-diagnostics
go/types:TestCheck/init0.go	typechecker	NOT_ATTEMPTED	NONE	not-reached-before-wall-clock-cap	NONE	2	check-original-fixture;match-source-positioned-diagnostics
go/types:TestCheck/init1.go	typechecker	NOT_ATTEMPTED	NONE	not-reached-before-wall-clock-cap	NONE	2	check-original-fixture;match-source-positioned-diagnostics
go/types:TestCheck/init2.go	typechecker	NOT_ATTEMPTED	NONE	not-reached-before-wall-clock-cap	NONE	2	check-original-fixture;match-source-positioned-diagnostics
go/types:TestCheck/issue25008	typechecker	NOT_ATTEMPTED	NONE	not-reached-before-wall-clock-cap	NONE	2	check-original-fixture;match-source-positioned-diagnostics
go/types:TestCheck/issue70974.go	typechecker	NOT_ATTEMPTED	NONE	not-reached-before-wall-clock-cap	NONE	2	check-original-fixture;match-source-positioned-diagnostics
go/types:TestCheck/issues0.go	typechecker	NOT_ATTEMPTED	NONE	not-reached-before-wall-clock-cap	NONE	2	check-original-fixture;match-source-positioned-diagnostics
go/types:TestCheck/issues1.go	typechecker	NOT_ATTEMPTED	NONE	not-reached-before-wall-clock-cap	NONE	2	check-original-fixture;match-source-positioned-diagnostics
go/types:TestCheck/labels.go	typechecker	NOT_ATTEMPTED	NONE	not-reached-before-wall-clock-cap	NONE	2	check-original-fixture;match-source-positioned-diagnostics
go/types:TestCheck/linalg.go	typechecker	NOT_ATTEMPTED	NONE	not-reached-before-wall-clock-cap	NONE	2	check-original-fixture;match-source-positioned-diagnostics
go/types:TestCheck/literals.go	typechecker	NOT_ATTEMPTED	NONE	not-reached-before-wall-clock-cap	NONE	2	check-original-fixture;match-source-positioned-diagnostics
go/types:TestCheck/lookup1.go	typechecker	NOT_ATTEMPTED	NONE	not-reached-before-wall-clock-cap	NONE	2	check-original-fixture;match-source-positioned-diagnostics
go/types:TestCheck/lookup2.go	typechecker	NOT_ATTEMPTED	NONE	not-reached-before-wall-clock-cap	NONE	2	check-original-fixture;match-source-positioned-diagnostics
go/types:TestCheck/main0.go	typechecker	NOT_ATTEMPTED	NONE	not-reached-before-wall-clock-cap	NONE	2	check-original-fixture;match-source-positioned-diagnostics
go/types:TestCheck/main1.go	typechecker	NOT_ATTEMPTED	NONE	not-reached-before-wall-clock-cap	NONE	2	check-original-fixture;match-source-positioned-diagnostics
go/types:TestCheck/map0.go	typechecker	NOT_ATTEMPTED	NONE	not-reached-before-wall-clock-cap	NONE	2	check-original-fixture;match-source-positioned-diagnostics
go/types:TestCheck/map1.go	typechecker	NOT_ATTEMPTED	NONE	not-reached-before-wall-clock-cap	NONE	2	check-original-fixture;match-source-positioned-diagnostics
go/types:TestCheck/methodsets.go	typechecker	NOT_ATTEMPTED	NONE	not-reached-before-wall-clock-cap	NONE	2	check-original-fixture;match-source-positioned-diagnostics
go/types:TestCheck/shifts.go	typechecker	NOT_ATTEMPTED	NONE	not-reached-before-wall-clock-cap	NONE	2	check-original-fixture;match-source-positioned-diagnostics
go/types:TestCheck/slices.go	typechecker	NOT_ATTEMPTED	NONE	not-reached-before-wall-clock-cap	NONE	2	check-original-fixture;match-source-positioned-diagnostics
go/types:TestCheck/stmt0.go	typechecker	NOT_ATTEMPTED	NONE	not-reached-before-wall-clock-cap	NONE	2	check-original-fixture;match-source-positioned-diagnostics
go/types:TestCheck/stmt1.go	typechecker	NOT_ATTEMPTED	NONE	not-reached-before-wall-clock-cap	NONE	2	check-original-fixture;match-source-positioned-diagnostics
go/types:TestCheck/typeinference.go	typechecker	NOT_ATTEMPTED	NONE	not-reached-before-wall-clock-cap	NONE	2	check-original-fixture;match-source-positioned-diagnostics
go/types:TestCheck/typeinst0.go	typechecker	NOT_ATTEMPTED	NONE	not-reached-before-wall-clock-cap	NONE	2	check-original-fixture;match-source-positioned-diagnostics
go/types:TestCheck/typeinst1.go	typechecker	NOT_ATTEMPTED	NONE	not-reached-before-wall-clock-cap	NONE	2	check-original-fixture;match-source-positioned-diagnostics
go/types:TestCheck/typeinstcycles.go	typechecker	NOT_ATTEMPTED	NONE	not-reached-before-wall-clock-cap	NONE	2	check-original-fixture;match-source-positioned-diagnostics
go/types:TestCheck/typeparams.go	typechecker	NOT_ATTEMPTED	NONE	not-reached-before-wall-clock-cap	NONE	2	check-original-fixture;match-source-positioned-diagnostics
go/types:TestCheck/unions.go	typechecker	NOT_ATTEMPTED	NONE	not-reached-before-wall-clock-cap	NONE	2	check-original-fixture;match-source-positioned-diagnostics
go/types:TestCheck/vardecl.go	typechecker	NOT_ATTEMPTED	NONE	not-reached-before-wall-clock-cap	NONE	2	check-original-fixture;match-source-positioned-diagnostics
go/types:TestExamples/constraints.go	typechecker	NOT_ATTEMPTED	NONE	not-reached-before-wall-clock-cap	NONE	2	check-original-fixture;match-source-positioned-diagnostics
go/types:TestExamples/functions.go	typechecker	NOT_ATTEMPTED	NONE	not-reached-before-wall-clock-cap	NONE	2	check-original-fixture;match-source-positioned-diagnostics
go/types:TestExamples/inference.go	typechecker	NOT_ATTEMPTED	NONE	not-reached-before-wall-clock-cap	NONE	2	check-original-fixture;match-source-positioned-diagnostics
go/types:TestExamples/inference2.go	typechecker	NOT_ATTEMPTED	NONE	not-reached-before-wall-clock-cap	NONE	2	check-original-fixture;match-source-positioned-diagnostics
go/types:TestExamples/methods.go	typechecker	NOT_ATTEMPTED	NONE	not-reached-before-wall-clock-cap	NONE	2	check-original-fixture;match-source-positioned-diagnostics
go/types:TestExamples/operations.go	typechecker	NOT_ATTEMPTED	NONE	not-reached-before-wall-clock-cap	NONE	2	check-original-fixture;match-source-positioned-diagnostics
go/types:TestExamples/types.go	typechecker	NOT_ATTEMPTED	NONE	not-reached-before-wall-clock-cap	NONE	2	check-original-fixture;match-source-positioned-diagnostics
go/types:TestExamples/typesets.go	typechecker	NOT_ATTEMPTED	NONE	not-reached-before-wall-clock-cap	NONE	2	check-original-fixture;match-source-positioned-diagnostics
go/types:TestFixedbugs/issue20583.go	typechecker	NOT_ATTEMPTED	NONE	not-reached-before-wall-clock-cap	NONE	2	check-original-fixture;match-source-positioned-diagnostics
go/types:TestFixedbugs/issue23203a.go	typechecker	NOT_ATTEMPTED	NONE	not-reached-before-wall-clock-cap	NONE	2	check-original-fixture;match-source-positioned-diagnostics
go/types:TestFixedbugs/issue23203b.go	typechecker	NOT_ATTEMPTED	NONE	not-reached-before-wall-clock-cap	NONE	2	check-original-fixture;match-source-positioned-diagnostics
go/types:TestFixedbugs/issue25838.go	typechecker	NOT_ATTEMPTED	NONE	not-reached-before-wall-clock-cap	NONE	2	check-original-fixture;match-source-positioned-diagnostics
go/types:TestFixedbugs/issue26390.go	typechecker	NOT_ATTEMPTED	NONE	not-reached-before-wall-clock-cap	NONE	2	check-original-fixture;match-source-positioned-diagnostics
go/types:TestFixedbugs/issue28251.go	typechecker	NOT_ATTEMPTED	NONE	not-reached-before-wall-clock-cap	NONE	2	check-original-fixture;match-source-positioned-diagnostics
go/types:TestFixedbugs/issue3117.go	typechecker	NOT_ATTEMPTED	NONE	not-reached-before-wall-clock-cap	NONE	2	check-original-fixture;match-source-positioned-diagnostics
go/types:TestFixedbugs/issue39634.go	typechecker	NOT_ATTEMPTED	NONE	not-reached-before-wall-clock-cap	NONE	2	check-original-fixture;match-source-positioned-diagnostics
go/types:TestFixedbugs/issue39664.go	typechecker	NOT_ATTEMPTED	NONE	not-reached-before-wall-clock-cap	NONE	2	check-original-fixture;match-source-positioned-diagnostics
go/types:TestFixedbugs/issue39680.go	typechecker	NOT_ATTEMPTED	NONE	not-reached-before-wall-clock-cap	NONE	2	check-original-fixture;match-source-positioned-diagnostics
go/types:TestFixedbugs/issue39693.go	typechecker	NOT_ATTEMPTED	NONE	not-reached-before-wall-clock-cap	NONE	2	check-original-fixture;match-source-positioned-diagnostics
go/types:TestFixedbugs/issue39699.go	typechecker	NOT_ATTEMPTED	NONE	not-reached-before-wall-clock-cap	NONE	2	check-original-fixture;match-source-positioned-diagnostics
go/types:TestFixedbugs/issue39711.go	typechecker	NOT_ATTEMPTED	NONE	not-reached-before-wall-clock-cap	NONE	2	check-original-fixture;match-source-positioned-diagnostics
go/types:TestFixedbugs/issue39723.go	typechecker	NOT_ATTEMPTED	NONE	not-reached-before-wall-clock-cap	NONE	2	check-original-fixture;match-source-positioned-diagnostics
go/types:TestFixedbugs/issue39725.go	typechecker	NOT_ATTEMPTED	NONE	not-reached-before-wall-clock-cap	NONE	2	check-original-fixture;match-source-positioned-diagnostics
go/types:TestFixedbugs/issue39754.go	typechecker	NOT_ATTEMPTED	NONE	not-reached-before-wall-clock-cap	NONE	2	check-original-fixture;match-source-positioned-diagnostics
go/types:TestFixedbugs/issue39755.go	typechecker	NOT_ATTEMPTED	NONE	not-reached-before-wall-clock-cap	NONE	2	check-original-fixture;match-source-positioned-diagnostics
go/types:TestFixedbugs/issue39768.go	typechecker	NOT_ATTEMPTED	NONE	not-reached-before-wall-clock-cap	NONE	2	check-original-fixture;match-source-positioned-diagnostics
go/types:TestFixedbugs/issue39938.go	typechecker	NOT_ATTEMPTED	NONE	not-reached-before-wall-clock-cap	NONE	2	check-original-fixture;match-source-positioned-diagnostics
go/types:TestFixedbugs/issue39948.go	typechecker	NOT_ATTEMPTED	NONE	not-reached-before-wall-clock-cap	NONE	2	check-original-fixture;match-source-positioned-diagnostics
go/types:TestFixedbugs/issue39976.go	typechecker	NOT_ATTEMPTED	NONE	not-reached-before-wall-clock-cap	NONE	2	check-original-fixture;match-source-positioned-diagnostics
go/types:TestFixedbugs/issue39982.go	typechecker	NOT_ATTEMPTED	NONE	not-reached-before-wall-clock-cap	NONE	2	check-original-fixture;match-source-positioned-diagnostics
go/types:TestFixedbugs/issue40038.go	typechecker	NOT_ATTEMPTED	NONE	not-reached-before-wall-clock-cap	NONE	2	check-original-fixture;match-source-positioned-diagnostics
go/types:TestFixedbugs/issue40056.go	typechecker	NOT_ATTEMPTED	NONE	not-reached-before-wall-clock-cap	NONE	2	check-original-fixture;match-source-positioned-diagnostics
go/types:TestFixedbugs/issue40057.go	typechecker	NOT_ATTEMPTED	NONE	not-reached-before-wall-clock-cap	NONE	2	check-original-fixture;match-source-positioned-diagnostics
go/types:TestFixedbugs/issue40301.go	typechecker	NOT_ATTEMPTED	NONE	not-reached-before-wall-clock-cap	NONE	2	check-original-fixture;match-source-positioned-diagnostics
go/types:TestFixedbugs/issue40350.go	typechecker	NOT_ATTEMPTED	NONE	not-reached-before-wall-clock-cap	NONE	2	check-original-fixture;match-source-positioned-diagnostics
go/types:TestFixedbugs/issue40684.go	typechecker	NOT_ATTEMPTED	NONE	not-reached-before-wall-clock-cap	NONE	2	check-original-fixture;match-source-positioned-diagnostics
go/types:TestFixedbugs/issue40789.go	typechecker	NOT_ATTEMPTED	NONE	not-reached-before-wall-clock-cap	NONE	2	check-original-fixture;match-source-positioned-diagnostics
go/types:TestFixedbugs/issue41124.go	typechecker	NOT_ATTEMPTED	NONE	not-reached-before-wall-clock-cap	NONE	2	check-original-fixture;match-source-positioned-diagnostics
go/types:TestFixedbugs/issue41176.go	typechecker	NOT_ATTEMPTED	NONE	not-reached-before-wall-clock-cap	NONE	2	check-original-fixture;match-source-positioned-diagnostics
go/types:TestFixedbugs/issue42695.go	typechecker	NOT_ATTEMPTED	NONE	not-reached-before-wall-clock-cap	NONE	2	check-original-fixture;match-source-positioned-diagnostics
go/types:TestFixedbugs/issue42758.go	typechecker	NOT_ATTEMPTED	NONE	not-reached-before-wall-clock-cap	NONE	2	check-original-fixture;match-source-positioned-diagnostics
go/types:TestFixedbugs/issue42881.go	typechecker	NOT_ATTEMPTED	NONE	not-reached-before-wall-clock-cap	NONE	2	check-original-fixture;match-source-positioned-diagnostics
go/types:TestFixedbugs/issue42987.go	typechecker	NOT_ATTEMPTED	NONE	not-reached-before-wall-clock-cap	NONE	2	check-original-fixture;match-source-positioned-diagnostics
go/types:TestFixedbugs/issue43056.go	typechecker	NOT_ATTEMPTED	NONE	not-reached-before-wall-clock-cap	NONE	2	check-original-fixture;match-source-positioned-diagnostics
go/types:TestFixedbugs/issue43087.go	typechecker	NOT_ATTEMPTED	NONE	not-reached-before-wall-clock-cap	NONE	2	check-original-fixture;match-source-positioned-diagnostics
go/types:TestFixedbugs/issue43109.go	typechecker	NOT_ATTEMPTED	NONE	not-reached-before-wall-clock-cap	NONE	2	check-original-fixture;match-source-positioned-diagnostics
go/types:TestFixedbugs/issue43110.go	typechecker	NOT_ATTEMPTED	NONE	not-reached-before-wall-clock-cap	NONE	2	check-original-fixture;match-source-positioned-diagnostics
go/types:TestFixedbugs/issue43124.go	typechecker	NOT_ATTEMPTED	NONE	not-reached-before-wall-clock-cap	NONE	2	check-original-fixture;match-source-positioned-diagnostics
go/types:TestFixedbugs/issue43190.go	typechecker	NOT_ATTEMPTED	NONE	not-reached-before-wall-clock-cap	NONE	2	check-original-fixture;match-source-positioned-diagnostics
go/types:TestFixedbugs/issue43527.go	typechecker	NOT_ATTEMPTED	NONE	not-reached-before-wall-clock-cap	NONE	2	check-original-fixture;match-source-positioned-diagnostics
go/types:TestFixedbugs/issue43671.go	typechecker	NOT_ATTEMPTED	NONE	not-reached-before-wall-clock-cap	NONE	2	check-original-fixture;match-source-positioned-diagnostics
go/types:TestFixedbugs/issue44688.go	typechecker	NOT_ATTEMPTED	NONE	not-reached-before-wall-clock-cap	NONE	2	check-original-fixture;match-source-positioned-diagnostics
go/types:TestFixedbugs/issue44799.go	typechecker	NOT_ATTEMPTED	NONE	not-reached-before-wall-clock-cap	NONE	2	check-original-fixture;match-source-positioned-diagnostics
go/types:TestFixedbugs/issue45114.go	typechecker	NOT_ATTEMPTED	NONE	not-reached-before-wall-clock-cap	NONE	2	check-original-fixture;match-source-positioned-diagnostics
go/types:TestFixedbugs/issue45548.go	typechecker	NOT_ATTEMPTED	NONE	not-reached-before-wall-clock-cap	NONE	2	check-original-fixture;match-source-positioned-diagnostics
go/types:TestFixedbugs/issue45550.go	typechecker	NOT_ATTEMPTED	NONE	not-reached-before-wall-clock-cap	NONE	2	check-original-fixture;match-source-positioned-diagnostics
go/types:TestFixedbugs/issue45635.go	typechecker	NOT_ATTEMPTED	NONE	not-reached-before-wall-clock-cap	NONE	2	check-original-fixture;match-source-positioned-diagnostics
go/types:TestFixedbugs/issue45639.go	typechecker	NOT_ATTEMPTED	NONE	not-reached-before-wall-clock-cap	NONE	2	check-original-fixture;match-source-positioned-diagnostics
go/types:TestFixedbugs/issue45920.go	typechecker	NOT_ATTEMPTED	NONE	not-reached-before-wall-clock-cap	NONE	2	check-original-fixture;match-source-positioned-diagnostics
go/types:TestFixedbugs/issue45985.go	typechecker	NOT_ATTEMPTED	NONE	not-reached-before-wall-clock-cap	NONE	2	check-original-fixture;match-source-positioned-diagnostics
go/types:TestFixedbugs/issue46090.go	typechecker	NOT_ATTEMPTED	NONE	not-reached-before-wall-clock-cap	NONE	2	check-original-fixture;match-source-positioned-diagnostics
go/types:TestFixedbugs/issue46275.go	typechecker	NOT_ATTEMPTED	NONE	not-reached-before-wall-clock-cap	NONE	2	check-original-fixture;match-source-positioned-diagnostics
go/types:TestFixedbugs/issue46403.go	typechecker	NOT_ATTEMPTED	NONE	not-reached-before-wall-clock-cap	NONE	2	check-original-fixture;match-source-positioned-diagnostics
go/types:TestFixedbugs/issue46404.go	typechecker	NOT_ATTEMPTED	NONE	not-reached-before-wall-clock-cap	NONE	2	check-original-fixture;match-source-positioned-diagnostics
go/types:TestFixedbugs/issue46461.go	typechecker	NOT_ATTEMPTED	NONE	not-reached-before-wall-clock-cap	NONE	2	check-original-fixture;match-source-positioned-diagnostics
go/types:TestFixedbugs/issue46583.go	typechecker	NOT_ATTEMPTED	NONE	not-reached-before-wall-clock-cap	NONE	2	check-original-fixture;match-source-positioned-diagnostics
go/types:TestFixedbugs/issue47031.go	typechecker	NOT_ATTEMPTED	NONE	not-reached-before-wall-clock-cap	NONE	2	check-original-fixture;match-source-positioned-diagnostics
go/types:TestFixedbugs/issue47115.go	typechecker	NOT_ATTEMPTED	NONE	not-reached-before-wall-clock-cap	NONE	2	check-original-fixture;match-source-positioned-diagnostics
go/types:TestFixedbugs/issue47127.go	typechecker	NOT_ATTEMPTED	NONE	not-reached-before-wall-clock-cap	NONE	2	check-original-fixture;match-source-positioned-diagnostics
go/types:TestFixedbugs/issue47411.go	typechecker	NOT_ATTEMPTED	NONE	not-reached-before-wall-clock-cap	NONE	2	check-original-fixture;match-source-positioned-diagnostics
go/types:TestFixedbugs/issue47747.go	typechecker	NOT_ATTEMPTED	NONE	not-reached-before-wall-clock-cap	NONE	2	check-original-fixture;match-source-positioned-diagnostics
go/types:TestFixedbugs/issue47796.go	typechecker	NOT_ATTEMPTED	NONE	not-reached-before-wall-clock-cap	NONE	2	check-original-fixture;match-source-positioned-diagnostics
go/types:TestFixedbugs/issue47818.go	typechecker	NOT_ATTEMPTED	NONE	not-reached-before-wall-clock-cap	NONE	2	check-original-fixture;match-source-positioned-diagnostics
go/types:TestFixedbugs/issue47887.go	typechecker	NOT_ATTEMPTED	NONE	not-reached-before-wall-clock-cap	NONE	2	check-original-fixture;match-source-positioned-diagnostics
go/types:TestFixedbugs/issue47968.go	typechecker	NOT_ATTEMPTED	NONE	not-reached-before-wall-clock-cap	NONE	2	check-original-fixture;match-source-positioned-diagnostics
go/types:TestFixedbugs/issue48008.go	typechecker	NOT_ATTEMPTED	NONE	not-reached-before-wall-clock-cap	NONE	2	check-original-fixture;match-source-positioned-diagnostics
go/types:TestFixedbugs/issue48018.go	typechecker	NOT_ATTEMPTED	NONE	not-reached-before-wall-clock-cap	NONE	2	check-original-fixture;match-source-positioned-diagnostics
go/types:TestFixedbugs/issue48048.go	typechecker	NOT_ATTEMPTED	NONE	not-reached-before-wall-clock-cap	NONE	2	check-original-fixture;match-source-positioned-diagnostics
go/types:TestFixedbugs/issue48082.go	typechecker	NOT_ATTEMPTED	NONE	not-reached-before-wall-clock-cap	NONE	2	check-original-fixture;match-source-positioned-diagnostics
go/types:TestFixedbugs/issue48083.go	typechecker	NOT_ATTEMPTED	NONE	not-reached-before-wall-clock-cap	NONE	2	check-original-fixture;match-source-positioned-diagnostics
go/types:TestFixedbugs/issue48136.go	typechecker	NOT_ATTEMPTED	NONE	not-reached-before-wall-clock-cap	NONE	2	check-original-fixture;match-source-positioned-diagnostics
go/types:TestFixedbugs/issue48234.go	typechecker	NOT_ATTEMPTED	NONE	not-reached-before-wall-clock-cap	NONE	2	check-original-fixture;match-source-positioned-diagnostics
go/types:TestFixedbugs/issue48312.go	typechecker	NOT_ATTEMPTED	NONE	not-reached-before-wall-clock-cap	NONE	2	check-original-fixture;match-source-positioned-diagnostics
go/types:TestFixedbugs/issue48472.go	typechecker	NOT_ATTEMPTED	NONE	not-reached-before-wall-clock-cap	NONE	2	check-original-fixture;match-source-positioned-diagnostics
go/types:TestFixedbugs/issue48529.go	typechecker	NOT_ATTEMPTED	NONE	not-reached-before-wall-clock-cap	NONE	2	check-original-fixture;match-source-positioned-diagnostics
go/types:TestFixedbugs/issue48582.go	typechecker	NOT_ATTEMPTED	NONE	not-reached-before-wall-clock-cap	NONE	2	check-original-fixture;match-source-positioned-diagnostics
go/types:TestFixedbugs/issue48619.go	typechecker	NOT_ATTEMPTED	NONE	not-reached-before-wall-clock-cap	NONE	2	check-original-fixture;match-source-positioned-diagnostics
go/types:TestFixedbugs/issue48656.go	typechecker	NOT_ATTEMPTED	NONE	not-reached-before-wall-clock-cap	NONE	2	check-original-fixture;match-source-positioned-diagnostics
go/types:TestFixedbugs/issue48695.go	typechecker	NOT_ATTEMPTED	NONE	not-reached-before-wall-clock-cap	NONE	2	check-original-fixture;match-source-positioned-diagnostics
go/types:TestFixedbugs/issue48703.go	typechecker	NOT_ATTEMPTED	NONE	not-reached-before-wall-clock-cap	NONE	2	check-original-fixture;match-source-positioned-diagnostics
go/types:TestFixedbugs/issue48712.go	typechecker	NOT_ATTEMPTED	NONE	not-reached-before-wall-clock-cap	NONE	2	check-original-fixture;match-source-positioned-diagnostics
go/types:TestFixedbugs/issue48819.go	typechecker	NOT_ATTEMPTED	NONE	not-reached-before-wall-clock-cap	NONE	2	check-original-fixture;match-source-positioned-diagnostics
go/types:TestFixedbugs/issue48827.go	typechecker	NOT_ATTEMPTED	NONE	not-reached-before-wall-clock-cap	NONE	2	check-original-fixture;match-source-positioned-diagnostics
go/types:TestFixedbugs/issue48951.go	typechecker	NOT_ATTEMPTED	NONE	not-reached-before-wall-clock-cap	NONE	2	check-original-fixture;match-source-positioned-diagnostics
go/types:TestFixedbugs/issue48962.go	typechecker	NOT_ATTEMPTED	NONE	not-reached-before-wall-clock-cap	NONE	2	check-original-fixture;match-source-positioned-diagnostics
go/types:TestFixedbugs/issue48974.go	typechecker	NOT_ATTEMPTED	NONE	not-reached-before-wall-clock-cap	NONE	2	check-original-fixture;match-source-positioned-diagnostics
go/types:TestFixedbugs/issue49003.go	typechecker	NOT_ATTEMPTED	NONE	not-reached-before-wall-clock-cap	NONE	2	check-original-fixture;match-source-positioned-diagnostics
go/types:TestFixedbugs/issue49005.go	typechecker	NOT_ATTEMPTED	NONE	not-reached-before-wall-clock-cap	NONE	2	check-original-fixture;match-source-positioned-diagnostics
go/types:TestFixedbugs/issue49043.go	typechecker	NOT_ATTEMPTED	NONE	not-reached-before-wall-clock-cap	NONE	2	check-original-fixture;match-source-positioned-diagnostics
go/types:TestFixedbugs/issue49112.go	typechecker	NOT_ATTEMPTED	NONE	not-reached-before-wall-clock-cap	NONE	2	check-original-fixture;match-source-positioned-diagnostics
go/types:TestFixedbugs/issue49179.go	typechecker	NOT_ATTEMPTED	NONE	not-reached-before-wall-clock-cap	NONE	2	check-original-fixture;match-source-positioned-diagnostics
go/types:TestFixedbugs/issue49242.go	typechecker	NOT_ATTEMPTED	NONE	not-reached-before-wall-clock-cap	NONE	2	check-original-fixture;match-source-positioned-diagnostics
go/types:TestFixedbugs/issue49247.go	typechecker	NOT_ATTEMPTED	NONE	not-reached-before-wall-clock-cap	NONE	2	check-original-fixture;match-source-positioned-diagnostics
go/types:TestFixedbugs/issue49276.go	typechecker	NOT_ATTEMPTED	NONE	not-reached-before-wall-clock-cap	NONE	2	check-original-fixture;match-source-positioned-diagnostics
go/types:TestFixedbugs/issue49296.go	typechecker	NOT_ATTEMPTED	NONE	not-reached-before-wall-clock-cap	NONE	2	check-original-fixture;match-source-positioned-diagnostics
go/types:TestFixedbugs/issue49439.go	typechecker	NOT_ATTEMPTED	NONE	not-reached-before-wall-clock-cap	NONE	2	check-original-fixture;match-source-positioned-diagnostics
go/types:TestFixedbugs/issue49482.go	typechecker	NOT_ATTEMPTED	NONE	not-reached-before-wall-clock-cap	NONE	2	check-original-fixture;match-source-positioned-diagnostics
go/types:TestFixedbugs/issue49541.go	typechecker	NOT_ATTEMPTED	NONE	not-reached-before-wall-clock-cap	NONE	2	check-original-fixture;match-source-positioned-diagnostics
go/types:TestFixedbugs/issue49579.go	typechecker	NOT_ATTEMPTED	NONE	not-reached-before-wall-clock-cap	NONE	2	check-original-fixture;match-source-positioned-diagnostics
go/types:TestFixedbugs/issue49592.go	typechecker	NOT_ATTEMPTED	NONE	not-reached-before-wall-clock-cap	NONE	2	check-original-fixture;match-source-positioned-diagnostics
go/types:TestFixedbugs/issue49602.go	typechecker	NOT_ATTEMPTED	NONE	not-reached-before-wall-clock-cap	NONE	2	check-original-fixture;match-source-positioned-diagnostics
go/types:TestFixedbugs/issue49705.go	typechecker	NOT_ATTEMPTED	NONE	not-reached-before-wall-clock-cap	NONE	2	check-original-fixture;match-source-positioned-diagnostics
go/types:TestFixedbugs/issue49735.go	typechecker	NOT_ATTEMPTED	NONE	not-reached-before-wall-clock-cap	NONE	2	check-original-fixture;match-source-positioned-diagnostics
go/types:TestFixedbugs/issue49736.go	typechecker	NOT_ATTEMPTED	NONE	not-reached-before-wall-clock-cap	NONE	2	check-original-fixture;match-source-positioned-diagnostics
go/types:TestFixedbugs/issue49739.go	typechecker	NOT_ATTEMPTED	NONE	not-reached-before-wall-clock-cap	NONE	2	check-original-fixture;match-source-positioned-diagnostics
go/types:TestFixedbugs/issue49864.go	typechecker	NOT_ATTEMPTED	NONE	not-reached-before-wall-clock-cap	NONE	2	check-original-fixture;match-source-positioned-diagnostics
go/types:TestFixedbugs/issue50259.go	typechecker	NOT_ATTEMPTED	NONE	not-reached-before-wall-clock-cap	NONE	2	check-original-fixture;match-source-positioned-diagnostics
go/types:TestFixedbugs/issue50276.go	typechecker	NOT_ATTEMPTED	NONE	not-reached-before-wall-clock-cap	NONE	2	check-original-fixture;match-source-positioned-diagnostics
go/types:TestFixedbugs/issue50281.go	typechecker	NOT_ATTEMPTED	NONE	not-reached-before-wall-clock-cap	NONE	2	check-original-fixture;match-source-positioned-diagnostics
go/types:TestFixedbugs/issue50321.go	typechecker	NOT_ATTEMPTED	NONE	not-reached-before-wall-clock-cap	NONE	2	check-original-fixture;match-source-positioned-diagnostics
go/types:TestFixedbugs/issue50372.go	typechecker	NOT_ATTEMPTED	NONE	not-reached-before-wall-clock-cap	NONE	2	check-original-fixture;match-source-positioned-diagnostics
go/types:TestFixedbugs/issue50417.go	typechecker	NOT_ATTEMPTED	NONE	not-reached-before-wall-clock-cap	NONE	2	check-original-fixture;match-source-positioned-diagnostics
go/types:TestFixedbugs/issue50426.go	typechecker	NOT_ATTEMPTED	NONE	not-reached-before-wall-clock-cap	NONE	2	check-original-fixture;match-source-positioned-diagnostics
go/types:TestFixedbugs/issue50427a.go	typechecker	NOT_ATTEMPTED	NONE	not-reached-before-wall-clock-cap	NONE	2	check-original-fixture;match-source-positioned-diagnostics
go/types:TestFixedbugs/issue50427b.go	typechecker	NOT_ATTEMPTED	NONE	not-reached-before-wall-clock-cap	NONE	2	check-original-fixture;match-source-positioned-diagnostics
go/types:TestFixedbugs/issue50450.go	typechecker	NOT_ATTEMPTED	NONE	not-reached-before-wall-clock-cap	NONE	2	check-original-fixture;match-source-positioned-diagnostics
go/types:TestFixedbugs/issue50516.go	typechecker	NOT_ATTEMPTED	NONE	not-reached-before-wall-clock-cap	NONE	2	check-original-fixture;match-source-positioned-diagnostics
go/types:TestFixedbugs/issue50646.go	typechecker	NOT_ATTEMPTED	NONE	not-reached-before-wall-clock-cap	NONE	2	check-original-fixture;match-source-positioned-diagnostics
go/types:TestFixedbugs/issue50729.go	typechecker	NOT_ATTEMPTED	NONE	not-reached-before-wall-clock-cap	NONE	2	check-original-fixture;match-source-positioned-diagnostics
go/types:TestFixedbugs/issue50729b.go	typechecker	NOT_ATTEMPTED	NONE	not-reached-before-wall-clock-cap	NONE	2	check-original-fixture;match-source-positioned-diagnostics
go/types:TestFixedbugs/issue50755.go	typechecker	NOT_ATTEMPTED	NONE	not-reached-before-wall-clock-cap	NONE	2	check-original-fixture;match-source-positioned-diagnostics
go/types:TestFixedbugs/issue50779.go	typechecker	NOT_ATTEMPTED	NONE	not-reached-before-wall-clock-cap	NONE	2	check-original-fixture;match-source-positioned-diagnostics
go/types:TestFixedbugs/issue50782.go	typechecker	NOT_ATTEMPTED	NONE	not-reached-before-wall-clock-cap	NONE	2	check-original-fixture;match-source-positioned-diagnostics
go/types:TestFixedbugs/issue50816.go	typechecker	NOT_ATTEMPTED	NONE	not-reached-before-wall-clock-cap	NONE	2	check-original-fixture;match-source-positioned-diagnostics
go/types:TestFixedbugs/issue50833.go	typechecker	NOT_ATTEMPTED	NONE	not-reached-before-wall-clock-cap	NONE	2	check-original-fixture;match-source-positioned-diagnostics
go/types:TestFixedbugs/issue50912.go	typechecker	NOT_ATTEMPTED	NONE	not-reached-before-wall-clock-cap	NONE	2	check-original-fixture;match-source-positioned-diagnostics
go/types:TestFixedbugs/issue50918.go	typechecker	NOT_ATTEMPTED	NONE	not-reached-before-wall-clock-cap	NONE	2	check-original-fixture;match-source-positioned-diagnostics
go/types:TestFixedbugs/issue50929.go	typechecker	NOT_ATTEMPTED	NONE	not-reached-before-wall-clock-cap	NONE	2	check-original-fixture;match-source-positioned-diagnostics
go/types:TestFixedbugs/issue50965.go	typechecker	NOT_ATTEMPTED	NONE	not-reached-before-wall-clock-cap	NONE	2	check-original-fixture;match-source-positioned-diagnostics
go/types:TestFixedbugs/issue51025.go	typechecker	NOT_ATTEMPTED	NONE	not-reached-before-wall-clock-cap	NONE	2	check-original-fixture;match-source-positioned-diagnostics
go/types:TestFixedbugs/issue51048.go	typechecker	NOT_ATTEMPTED	NONE	not-reached-before-wall-clock-cap	NONE	2	check-original-fixture;match-source-positioned-diagnostics
go/types:TestFixedbugs/issue51139.go	typechecker	NOT_ATTEMPTED	NONE	not-reached-before-wall-clock-cap	NONE	2	check-original-fixture;match-source-positioned-diagnostics
go/types:TestFixedbugs/issue51145.go	typechecker	NOT_ATTEMPTED	NONE	not-reached-before-wall-clock-cap	NONE	2	check-original-fixture;match-source-positioned-diagnostics
go/types:TestFixedbugs/issue51158.go	typechecker	NOT_ATTEMPTED	NONE	not-reached-before-wall-clock-cap	NONE	2	check-original-fixture;match-source-positioned-diagnostics
go/types:TestFixedbugs/issue51229.go	typechecker	NOT_ATTEMPTED	NONE	not-reached-before-wall-clock-cap	NONE	2	check-original-fixture;match-source-positioned-diagnostics
go/types:TestFixedbugs/issue51232.go	typechecker	NOT_ATTEMPTED	NONE	not-reached-before-wall-clock-cap	NONE	2	check-original-fixture;match-source-positioned-diagnostics
go/types:TestFixedbugs/issue51233.go	typechecker	NOT_ATTEMPTED	NONE	not-reached-before-wall-clock-cap	NONE	2	check-original-fixture;match-source-positioned-diagnostics
go/types:TestFixedbugs/issue51257.go	typechecker	NOT_ATTEMPTED	NONE	not-reached-before-wall-clock-cap	NONE	2	check-original-fixture;match-source-positioned-diagnostics
go/types:TestFixedbugs/issue51335.go	typechecker	NOT_ATTEMPTED	NONE	not-reached-before-wall-clock-cap	NONE	2	check-original-fixture;match-source-positioned-diagnostics
go/types:TestFixedbugs/issue51339.go	typechecker	NOT_ATTEMPTED	NONE	not-reached-before-wall-clock-cap	NONE	2	check-original-fixture;match-source-positioned-diagnostics
go/types:TestFixedbugs/issue51360.go	typechecker	NOT_ATTEMPTED	NONE	not-reached-before-wall-clock-cap	NONE	2	check-original-fixture;match-source-positioned-diagnostics
go/types:TestFixedbugs/issue51376.go	typechecker	NOT_ATTEMPTED	NONE	not-reached-before-wall-clock-cap	NONE	2	check-original-fixture;match-source-positioned-diagnostics
go/types:TestFixedbugs/issue51386.go	typechecker	NOT_ATTEMPTED	NONE	not-reached-before-wall-clock-cap	NONE	2	check-original-fixture;match-source-positioned-diagnostics
go/types:TestFixedbugs/issue51437.go	typechecker	NOT_ATTEMPTED	NONE	not-reached-before-wall-clock-cap	NONE	2	check-original-fixture;match-source-positioned-diagnostics
go/types:TestFixedbugs/issue51472.go	typechecker	NOT_ATTEMPTED	NONE	not-reached-before-wall-clock-cap	NONE	2	check-original-fixture;match-source-positioned-diagnostics
go/types:TestFixedbugs/issue51503.go	typechecker	NOT_ATTEMPTED	NONE	not-reached-before-wall-clock-cap	NONE	2	check-original-fixture;match-source-positioned-diagnostics
go/types:TestFixedbugs/issue51509.go	typechecker	NOT_ATTEMPTED	NONE	not-reached-before-wall-clock-cap	NONE	2	check-original-fixture;match-source-positioned-diagnostics
go/types:TestFixedbugs/issue51525.go	typechecker	NOT_ATTEMPTED	NONE	not-reached-before-wall-clock-cap	NONE	2	check-original-fixture;match-source-positioned-diagnostics
go/types:TestFixedbugs/issue51533.go	typechecker	NOT_ATTEMPTED	NONE	not-reached-before-wall-clock-cap	NONE	2	check-original-fixture;match-source-positioned-diagnostics
go/types:TestFixedbugs/issue51578.go	typechecker	NOT_ATTEMPTED	NONE	not-reached-before-wall-clock-cap	NONE	2	check-original-fixture;match-source-positioned-diagnostics
go/types:TestFixedbugs/issue51593.go	typechecker	NOT_ATTEMPTED	NONE	not-reached-before-wall-clock-cap	NONE	2	check-original-fixture;match-source-positioned-diagnostics
go/types:TestFixedbugs/issue51607.go	typechecker	NOT_ATTEMPTED	NONE	not-reached-before-wall-clock-cap	NONE	2	check-original-fixture;match-source-positioned-diagnostics
go/types:TestFixedbugs/issue51610.go	typechecker	NOT_ATTEMPTED	NONE	not-reached-before-wall-clock-cap	NONE	2	check-original-fixture;match-source-positioned-diagnostics
go/types:TestFixedbugs/issue51616.go	typechecker	NOT_ATTEMPTED	NONE	not-reached-before-wall-clock-cap	NONE	2	check-original-fixture;match-source-positioned-diagnostics
go/types:TestFixedbugs/issue51658.go	typechecker	NOT_ATTEMPTED	NONE	not-reached-before-wall-clock-cap	NONE	2	check-original-fixture;match-source-positioned-diagnostics
go/types:TestFixedbugs/issue51877.go	typechecker	NOT_ATTEMPTED	NONE	not-reached-before-wall-clock-cap	NONE	2	check-original-fixture;match-source-positioned-diagnostics
go/types:TestFixedbugs/issue52031.go	typechecker	NOT_ATTEMPTED	NONE	not-reached-before-wall-clock-cap	NONE	2	check-original-fixture;match-source-positioned-diagnostics
go/types:TestFixedbugs/issue52401.go	typechecker	NOT_ATTEMPTED	NONE	not-reached-before-wall-clock-cap	NONE	2	check-original-fixture;match-source-positioned-diagnostics
go/types:TestFixedbugs/issue52529.go	typechecker	NOT_ATTEMPTED	NONE	not-reached-before-wall-clock-cap	NONE	2	check-original-fixture;match-source-positioned-diagnostics
go/types:TestFixedbugs/issue52698.go	typechecker	NOT_ATTEMPTED	NONE	not-reached-before-wall-clock-cap	NONE	2	check-original-fixture;match-source-positioned-diagnostics
go/types:TestFixedbugs/issue52915.go	typechecker	NOT_ATTEMPTED	NONE	not-reached-before-wall-clock-cap	NONE	2	check-original-fixture;match-source-positioned-diagnostics
go/types:TestFixedbugs/issue53358.go	typechecker	NOT_ATTEMPTED	NONE	not-reached-before-wall-clock-cap	NONE	2	check-original-fixture;match-source-positioned-diagnostics
go/types:TestFixedbugs/issue53535.go	typechecker	NOT_ATTEMPTED	NONE	not-reached-before-wall-clock-cap	NONE	2	check-original-fixture;match-source-positioned-diagnostics
go/types:TestFixedbugs/issue53650.go	typechecker	NOT_ATTEMPTED	NONE	not-reached-before-wall-clock-cap	NONE	2	check-original-fixture;match-source-positioned-diagnostics
go/types:TestFixedbugs/issue53692.go	typechecker	NOT_ATTEMPTED	NONE	not-reached-before-wall-clock-cap	NONE	2	check-original-fixture;match-source-positioned-diagnostics
go/types:TestFixedbugs/issue54280.go	typechecker	NOT_ATTEMPTED	NONE	not-reached-before-wall-clock-cap	NONE	2	check-original-fixture;match-source-positioned-diagnostics
go/types:TestFixedbugs/issue54405.go	typechecker	NOT_ATTEMPTED	NONE	not-reached-before-wall-clock-cap	NONE	2	check-original-fixture;match-source-positioned-diagnostics
go/types:TestFixedbugs/issue54424.go	typechecker	NOT_ATTEMPTED	NONE	not-reached-before-wall-clock-cap	NONE	2	check-original-fixture;match-source-positioned-diagnostics
go/types:TestFixedbugs/issue54942.go	typechecker	NOT_ATTEMPTED	NONE	not-reached-before-wall-clock-cap	NONE	2	check-original-fixture;match-source-positioned-diagnostics
go/types:TestFixedbugs/issue56351.go	typechecker	NOT_ATTEMPTED	NONE	not-reached-before-wall-clock-cap	NONE	2	check-original-fixture;match-source-positioned-diagnostics
go/types:TestFixedbugs/issue56425.go	typechecker	NOT_ATTEMPTED	NONE	not-reached-before-wall-clock-cap	NONE	2	check-original-fixture;match-source-positioned-diagnostics
go/types:TestFixedbugs/issue56665.go	typechecker	NOT_ATTEMPTED	NONE	not-reached-before-wall-clock-cap	NONE	2	check-original-fixture;match-source-positioned-diagnostics
go/types:TestFixedbugs/issue57155.go	typechecker	NOT_ATTEMPTED	NONE	not-reached-before-wall-clock-cap	NONE	2	check-original-fixture;match-source-positioned-diagnostics
go/types:TestFixedbugs/issue57160.go	typechecker	NOT_ATTEMPTED	NONE	not-reached-before-wall-clock-cap	NONE	2	check-original-fixture;match-source-positioned-diagnostics
go/types:TestFixedbugs/issue57192.go	typechecker	NOT_ATTEMPTED	NONE	not-reached-before-wall-clock-cap	NONE	2	check-original-fixture;match-source-positioned-diagnostics
go/types:TestFixedbugs/issue57352.go	typechecker	NOT_ATTEMPTED	NONE	not-reached-before-wall-clock-cap	NONE	2	check-original-fixture;match-source-positioned-diagnostics
go/types:TestFixedbugs/issue57486.go	typechecker	NOT_ATTEMPTED	NONE	not-reached-before-wall-clock-cap	NONE	2	check-original-fixture;match-source-positioned-diagnostics
go/types:TestFixedbugs/issue57500.go	typechecker	NOT_ATTEMPTED	NONE	not-reached-before-wall-clock-cap	NONE	2	check-original-fixture;match-source-positioned-diagnostics
go/types:TestFixedbugs/issue57522.go	typechecker	NOT_ATTEMPTED	NONE	not-reached-before-wall-clock-cap	NONE	2	check-original-fixture;match-source-positioned-diagnostics
go/types:TestFixedbugs/issue58611.go	typechecker	NOT_ATTEMPTED	NONE	not-reached-before-wall-clock-cap	NONE	2	check-original-fixture;match-source-positioned-diagnostics
go/types:TestFixedbugs/issue58612.go	typechecker	NOT_ATTEMPTED	NONE	not-reached-before-wall-clock-cap	NONE	2	check-original-fixture;match-source-positioned-diagnostics
go/types:TestFixedbugs/issue58671.go	typechecker	NOT_ATTEMPTED	NONE	not-reached-before-wall-clock-cap	NONE	2	check-original-fixture;match-source-positioned-diagnostics
go/types:TestFixedbugs/issue58742.go	typechecker	NOT_ATTEMPTED	NONE	not-reached-before-wall-clock-cap	NONE	2	check-original-fixture;match-source-positioned-diagnostics
go/types:TestFixedbugs/issue59190.go	typechecker	NOT_ATTEMPTED	NONE	not-reached-before-wall-clock-cap	NONE	2	check-original-fixture;match-source-positioned-diagnostics
go/types:TestFixedbugs/issue59207.go	typechecker	NOT_ATTEMPTED	NONE	not-reached-before-wall-clock-cap	NONE	2	check-original-fixture;match-source-positioned-diagnostics
go/types:TestFixedbugs/issue59209.go	typechecker	NOT_ATTEMPTED	NONE	not-reached-before-wall-clock-cap	NONE	2	check-original-fixture;match-source-positioned-diagnostics
go/types:TestFixedbugs/issue59338a.go	typechecker	NOT_ATTEMPTED	NONE	not-reached-before-wall-clock-cap	NONE	2	check-original-fixture;match-source-positioned-diagnostics
go/types:TestFixedbugs/issue59338b.go	typechecker	NOT_ATTEMPTED	NONE	not-reached-before-wall-clock-cap	NONE	2	check-original-fixture;match-source-positioned-diagnostics
go/types:TestFixedbugs/issue59371.go	typechecker	NOT_ATTEMPTED	NONE	not-reached-before-wall-clock-cap	NONE	2	check-original-fixture;match-source-positioned-diagnostics
go/types:TestFixedbugs/issue59639.go	typechecker	NOT_ATTEMPTED	NONE	not-reached-before-wall-clock-cap	NONE	2	check-original-fixture;match-source-positioned-diagnostics
go/types:TestFixedbugs/issue59740.go	typechecker	NOT_ATTEMPTED	NONE	not-reached-before-wall-clock-cap	NONE	2	check-original-fixture;match-source-positioned-diagnostics
go/types:TestFixedbugs/issue59848.go	typechecker	NOT_ATTEMPTED	NONE	not-reached-before-wall-clock-cap	NONE	2	check-original-fixture;match-source-positioned-diagnostics
go/types:TestFixedbugs/issue59890.go	typechecker	NOT_ATTEMPTED	NONE	not-reached-before-wall-clock-cap	NONE	2	check-original-fixture;match-source-positioned-diagnostics
go/types:TestFixedbugs/issue59953.go	typechecker	NOT_ATTEMPTED	NONE	not-reached-before-wall-clock-cap	NONE	2	check-original-fixture;match-source-positioned-diagnostics
go/types:TestFixedbugs/issue59956.go	typechecker	NOT_ATTEMPTED	NONE	not-reached-before-wall-clock-cap	NONE	2	check-original-fixture;match-source-positioned-diagnostics
go/types:TestFixedbugs/issue59958.go	typechecker	NOT_ATTEMPTED	NONE	not-reached-before-wall-clock-cap	NONE	2	check-original-fixture;match-source-positioned-diagnostics
go/types:TestFixedbugs/issue60346.go	typechecker	NOT_ATTEMPTED	NONE	not-reached-before-wall-clock-cap	NONE	2	check-original-fixture;match-source-positioned-diagnostics
go/types:TestFixedbugs/issue60377.go	typechecker	NOT_ATTEMPTED	NONE	not-reached-before-wall-clock-cap	NONE	2	check-original-fixture;match-source-positioned-diagnostics
go/types:TestFixedbugs/issue60434.go	typechecker	NOT_ATTEMPTED	NONE	not-reached-before-wall-clock-cap	NONE	2	check-original-fixture;match-source-positioned-diagnostics
go/types:TestFixedbugs/issue60460.go	typechecker	NOT_ATTEMPTED	NONE	not-reached-before-wall-clock-cap	NONE	2	check-original-fixture;match-source-positioned-diagnostics
go/types:TestFixedbugs/issue60500.go	typechecker	NOT_ATTEMPTED	NONE	not-reached-before-wall-clock-cap	NONE	2	check-original-fixture;match-source-positioned-diagnostics
go/types:TestFixedbugs/issue60542.go	typechecker	NOT_ATTEMPTED	NONE	not-reached-before-wall-clock-cap	NONE	2	check-original-fixture;match-source-positioned-diagnostics
go/types:TestFixedbugs/issue60556.go	typechecker	NOT_ATTEMPTED	NONE	not-reached-before-wall-clock-cap	NONE	2	check-original-fixture;match-source-positioned-diagnostics
go/types:TestFixedbugs/issue60562.go	typechecker	NOT_ATTEMPTED	NONE	not-reached-before-wall-clock-cap	NONE	2	check-original-fixture;match-source-positioned-diagnostics
go/types:TestFixedbugs/issue60688.go	typechecker	NOT_ATTEMPTED	NONE	not-reached-before-wall-clock-cap	NONE	2	check-original-fixture;match-source-positioned-diagnostics
go/types:TestFixedbugs/issue60747.go	typechecker	NOT_ATTEMPTED	NONE	not-reached-before-wall-clock-cap	NONE	2	check-original-fixture;match-source-positioned-diagnostics
go/types:TestFixedbugs/issue60906.go	typechecker	NOT_ATTEMPTED	NONE	not-reached-before-wall-clock-cap	NONE	2	check-original-fixture;match-source-positioned-diagnostics
go/types:TestFixedbugs/issue60933.go	typechecker	NOT_ATTEMPTED	NONE	not-reached-before-wall-clock-cap	NONE	2	check-original-fixture;match-source-positioned-diagnostics
go/types:TestFixedbugs/issue60946.go	typechecker	NOT_ATTEMPTED	NONE	not-reached-before-wall-clock-cap	NONE	2	check-original-fixture;match-source-positioned-diagnostics
go/types:TestFixedbugs/issue61486.go	typechecker	NOT_ATTEMPTED	NONE	not-reached-before-wall-clock-cap	NONE	2	check-original-fixture;match-source-positioned-diagnostics
go/types:TestFixedbugs/issue61685.go	typechecker	NOT_ATTEMPTED	NONE	not-reached-before-wall-clock-cap	NONE	2	check-original-fixture;match-source-positioned-diagnostics
go/types:TestFixedbugs/issue61822.go	typechecker	NOT_ATTEMPTED	NONE	not-reached-before-wall-clock-cap	NONE	2	check-original-fixture;match-source-positioned-diagnostics
go/types:TestFixedbugs/issue61879.go	typechecker	NOT_ATTEMPTED	NONE	not-reached-before-wall-clock-cap	NONE	2	check-original-fixture;match-source-positioned-diagnostics
go/types:TestFixedbugs/issue61903.go	typechecker	NOT_ATTEMPTED	NONE	not-reached-before-wall-clock-cap	NONE	2	check-original-fixture;match-source-positioned-diagnostics
go/types:TestFixedbugs/issue62157.go	typechecker	NOT_ATTEMPTED	NONE	not-reached-before-wall-clock-cap	NONE	2	check-original-fixture;match-source-positioned-diagnostics
go/types:TestFixedbugs/issue63563.go	typechecker	NOT_ATTEMPTED	NONE	not-reached-before-wall-clock-cap	NONE	2	check-original-fixture;match-source-positioned-diagnostics
go/types:TestFixedbugs/issue64406.go	typechecker	NOT_ATTEMPTED	NONE	not-reached-before-wall-clock-cap	NONE	2	check-original-fixture;match-source-positioned-diagnostics
go/types:TestFixedbugs/issue64704.go	typechecker	NOT_ATTEMPTED	NONE	not-reached-before-wall-clock-cap	NONE	2	check-original-fixture;match-source-positioned-diagnostics
go/types:TestFixedbugs/issue65344.go	typechecker	NOT_ATTEMPTED	NONE	not-reached-before-wall-clock-cap	NONE	2	check-original-fixture;match-source-positioned-diagnostics
go/types:TestFixedbugs/issue65711.go	typechecker	NOT_ATTEMPTED	NONE	not-reached-before-wall-clock-cap	NONE	2	check-original-fixture;match-source-positioned-diagnostics
go/types:TestFixedbugs/issue65854.go	typechecker	NOT_ATTEMPTED	NONE	not-reached-before-wall-clock-cap	NONE	2	check-original-fixture;match-source-positioned-diagnostics
go/types:TestFixedbugs/issue66064.go	typechecker	NOT_ATTEMPTED	NONE	not-reached-before-wall-clock-cap	NONE	2	check-original-fixture;match-source-positioned-diagnostics
go/types:TestFixedbugs/issue66285.go	typechecker	NOT_ATTEMPTED	NONE	not-reached-before-wall-clock-cap	NONE	2	check-original-fixture;match-source-positioned-diagnostics
go/types:TestFixedbugs/issue66323.go	typechecker	NOT_ATTEMPTED	NONE	not-reached-before-wall-clock-cap	NONE	2	check-original-fixture;match-source-positioned-diagnostics
go/types:TestFixedbugs/issue66751.go	typechecker	NOT_ATTEMPTED	NONE	not-reached-before-wall-clock-cap	NONE	2	check-original-fixture;match-source-positioned-diagnostics
go/types:TestFixedbugs/issue66878.go	typechecker	NOT_ATTEMPTED	NONE	not-reached-before-wall-clock-cap	NONE	2	check-original-fixture;match-source-positioned-diagnostics
go/types:TestFixedbugs/issue67547.go	typechecker	NOT_ATTEMPTED	NONE	not-reached-before-wall-clock-cap	NONE	2	check-original-fixture;match-source-positioned-diagnostics
go/types:TestFixedbugs/issue67628.go	typechecker	NOT_ATTEMPTED	NONE	not-reached-before-wall-clock-cap	NONE	2	check-original-fixture;match-source-positioned-diagnostics
go/types:TestFixedbugs/issue67683.go	typechecker	NOT_ATTEMPTED	NONE	not-reached-before-wall-clock-cap	NONE	2	check-original-fixture;match-source-positioned-diagnostics
go/types:TestFixedbugs/issue67872.go	typechecker	NOT_ATTEMPTED	NONE	not-reached-before-wall-clock-cap	NONE	2	check-original-fixture;match-source-positioned-diagnostics
go/types:TestFixedbugs/issue67962.go	typechecker	NOT_ATTEMPTED	NONE	not-reached-before-wall-clock-cap	NONE	2	check-original-fixture;match-source-positioned-diagnostics
go/types:TestFixedbugs/issue6814.go	typechecker	NOT_ATTEMPTED	NONE	not-reached-before-wall-clock-cap	NONE	2	check-original-fixture;match-source-positioned-diagnostics
go/types:TestFixedbugs/issue68162.go	typechecker	NOT_ATTEMPTED	NONE	not-reached-before-wall-clock-cap	NONE	2	check-original-fixture;match-source-positioned-diagnostics
go/types:TestFixedbugs/issue68184.go	typechecker	NOT_ATTEMPTED	NONE	not-reached-before-wall-clock-cap	NONE	2	check-original-fixture;match-source-positioned-diagnostics
go/types:TestFixedbugs/issue68903.go	typechecker	NOT_ATTEMPTED	NONE	not-reached-before-wall-clock-cap	NONE	2	check-original-fixture;match-source-positioned-diagnostics
go/types:TestFixedbugs/issue68935.go	typechecker	NOT_ATTEMPTED	NONE	not-reached-before-wall-clock-cap	NONE	2	check-original-fixture;match-source-positioned-diagnostics
go/types:TestFixedbugs/issue69576.go	typechecker	NOT_ATTEMPTED	NONE	not-reached-before-wall-clock-cap	NONE	2	check-original-fixture;match-source-positioned-diagnostics
go/types:TestFixedbugs/issue6977.go	typechecker	NOT_ATTEMPTED	NONE	not-reached-before-wall-clock-cap	NONE	2	check-original-fixture;match-source-positioned-diagnostics
go/types:TestFixedbugs/issue69955.go	typechecker	NOT_ATTEMPTED	NONE	not-reached-before-wall-clock-cap	NONE	2	check-original-fixture;match-source-positioned-diagnostics
go/types:TestFixedbugs/issue70150.go	typechecker	NOT_ATTEMPTED	NONE	not-reached-before-wall-clock-cap	NONE	2	check-original-fixture;match-source-positioned-diagnostics
go/types:TestFixedbugs/issue70417.go	typechecker	NOT_ATTEMPTED	NONE	not-reached-before-wall-clock-cap	NONE	2	check-original-fixture;match-source-positioned-diagnostics
go/types:TestFixedbugs/issue70526.go	typechecker	NOT_ATTEMPTED	NONE	not-reached-before-wall-clock-cap	NONE	2	check-original-fixture;match-source-positioned-diagnostics
go/types:TestFixedbugs/issue70549.go	typechecker	NOT_ATTEMPTED	NONE	not-reached-before-wall-clock-cap	NONE	2	check-original-fixture;match-source-positioned-diagnostics
go/types:TestFixedbugs/issue71131.go	typechecker	NOT_ATTEMPTED	NONE	not-reached-before-wall-clock-cap	NONE	2	check-original-fixture;match-source-positioned-diagnostics
go/types:TestFixedbugs/issue71198.go	typechecker	NOT_ATTEMPTED	NONE	not-reached-before-wall-clock-cap	NONE	2	check-original-fixture;match-source-positioned-diagnostics
go/types:TestFixedbugs/issue71284.go	typechecker	NOT_ATTEMPTED	NONE	not-reached-before-wall-clock-cap	NONE	2	check-original-fixture;match-source-positioned-diagnostics
go/types:TestFixedbugs/issue72936.go	typechecker	NOT_ATTEMPTED	NONE	not-reached-before-wall-clock-cap	NONE	2	check-original-fixture;match-source-positioned-diagnostics
go/types:TestFixedbugs/issue73428.go	typechecker	NOT_ATTEMPTED	NONE	not-reached-before-wall-clock-cap	NONE	2	check-original-fixture;match-source-positioned-diagnostics
go/types:TestFixedbugs/issue75194.go	typechecker	NOT_ATTEMPTED	NONE	not-reached-before-wall-clock-cap	NONE	2	check-original-fixture;match-source-positioned-diagnostics
go/types:TestFixedbugs/issue75883.go	typechecker	NOT_ATTEMPTED	NONE	not-reached-before-wall-clock-cap	NONE	2	check-original-fixture;match-source-positioned-diagnostics
go/types:TestFixedbugs/issue75885.go	typechecker	NOT_ATTEMPTED	NONE	not-reached-before-wall-clock-cap	NONE	2	check-original-fixture;match-source-positioned-diagnostics
go/types:TestFixedbugs/issue75918.go	typechecker	NOT_ATTEMPTED	NONE	not-reached-before-wall-clock-cap	NONE	2	check-original-fixture;match-source-positioned-diagnostics
go/types:TestFixedbugs/issue75986.go	typechecker	NOT_ATTEMPTED	NONE	not-reached-before-wall-clock-cap	NONE	2	check-original-fixture;match-source-positioned-diagnostics
go/types:TestFixedbugs/issue76103.go	typechecker	NOT_ATTEMPTED	NONE	not-reached-before-wall-clock-cap	NONE	2	check-original-fixture;match-source-positioned-diagnostics
go/types:TestFixedbugs/issue76220.go	typechecker	NOT_ATTEMPTED	NONE	not-reached-before-wall-clock-cap	NONE	2	check-original-fixture;match-source-positioned-diagnostics
go/types:TestFixedbugs/issue76366.go	typechecker	NOT_ATTEMPTED	NONE	not-reached-before-wall-clock-cap	NONE	2	check-original-fixture;match-source-positioned-diagnostics
go/types:TestFixedbugs/issue76383.go	typechecker	NOT_ATTEMPTED	NONE	not-reached-before-wall-clock-cap	NONE	2	check-original-fixture;match-source-positioned-diagnostics
go/types:TestFixedbugs/issue76384.go	typechecker	NOT_ATTEMPTED	NONE	not-reached-before-wall-clock-cap	NONE	2	check-original-fixture;match-source-positioned-diagnostics
go/types:TestFixedbugs/issue76478.go	typechecker	NOT_ATTEMPTED	NONE	not-reached-before-wall-clock-cap	NONE	2	check-original-fixture;match-source-positioned-diagnostics
go/types:TestFixedbugs/issue77245.go	typechecker	NOT_ATTEMPTED	NONE	not-reached-before-wall-clock-cap	NONE	2	check-original-fixture;match-source-positioned-diagnostics
go/types:TestFixedbugs/issue77382.go	typechecker	NOT_ATTEMPTED	NONE	not-reached-before-wall-clock-cap	NONE	2	check-original-fixture;match-source-positioned-diagnostics
go/types:TestFixedbugs/issue77905.go	typechecker	NOT_ATTEMPTED	NONE	not-reached-before-wall-clock-cap	NONE	2	check-original-fixture;match-source-positioned-diagnostics
go/types:TestFixedbugs/issue78163.go	typechecker	NOT_ATTEMPTED	NONE	not-reached-before-wall-clock-cap	NONE	2	check-original-fixture;match-source-positioned-diagnostics
go/types:TestFixedbugs/issue78346.go	typechecker	NOT_ATTEMPTED	NONE	not-reached-before-wall-clock-cap	NONE	2	check-original-fixture;match-source-positioned-diagnostics
go/types:TestFixedbugs/issue78483.go	typechecker	NOT_ATTEMPTED	NONE	not-reached-before-wall-clock-cap	NONE	2	check-original-fixture;match-source-positioned-diagnostics
go/types:TestFixedbugs/issue78884.go	typechecker	NOT_ATTEMPTED	NONE	not-reached-before-wall-clock-cap	NONE	2	check-original-fixture;match-source-positioned-diagnostics
go/types:TestFixedbugs/issue79265.go	typechecker	NOT_ATTEMPTED	NONE	not-reached-before-wall-clock-cap	NONE	2	check-original-fixture;match-source-positioned-diagnostics
go/types:TestFixedbugs/issue79687.go	typechecker	NOT_ATTEMPTED	NONE	not-reached-before-wall-clock-cap	NONE	2	check-original-fixture;match-source-positioned-diagnostics
go/types:TestFixedbugs/issue79832.go	typechecker	NOT_ATTEMPTED	NONE	not-reached-before-wall-clock-cap	NONE	2	check-original-fixture;match-source-positioned-diagnostics
go/types:TestFixedbugs/issue79883.go	typechecker	NOT_ATTEMPTED	NONE	not-reached-before-wall-clock-cap	NONE	2	check-original-fixture;match-source-positioned-diagnostics
go/types:TestFixedbugs/issue80042.go	typechecker	NOT_ATTEMPTED	NONE	not-reached-before-wall-clock-cap	NONE	2	check-original-fixture;match-source-positioned-diagnostics
go/types:TestFixedbugs/issue80172.go	typechecker	NOT_ATTEMPTED	NONE	not-reached-before-wall-clock-cap	NONE	2	check-original-fixture;match-source-positioned-diagnostics
go/types:TestLocal/issue47996.go	typechecker	NOT_ATTEMPTED	NONE	not-reached-before-wall-clock-cap	NONE	2	check-original-fixture;match-source-positioned-diagnostics
go/types:TestLocal/shifts.go	typechecker	NOT_ATTEMPTED	NONE	not-reached-before-wall-clock-cap	NONE	2	check-original-fixture;match-source-positioned-diagnostics
go/types:TestSpec/assignability.go	typechecker	NOT_ATTEMPTED	NONE	not-reached-before-wall-clock-cap	NONE	2	check-original-fixture;match-source-positioned-diagnostics
go/types:TestSpec/comparable.go	typechecker	NOT_ATTEMPTED	NONE	not-reached-before-wall-clock-cap	NONE	2	check-original-fixture;match-source-positioned-diagnostics
go/types:TestSpec/comparable1.19.go	typechecker	NOT_ATTEMPTED	NONE	not-reached-before-wall-clock-cap	NONE	2	check-original-fixture;match-source-positioned-diagnostics
go/types:TestSpec/comparisons.go	typechecker	NOT_ATTEMPTED	NONE	not-reached-before-wall-clock-cap	NONE	2	check-original-fixture;match-source-positioned-diagnostics
go/types:TestSpec/conversions.go	typechecker	NOT_ATTEMPTED	NONE	not-reached-before-wall-clock-cap	NONE	2	check-original-fixture;match-source-positioned-diagnostics
go/types:TestSpec/methods.go	typechecker	NOT_ATTEMPTED	NONE	not-reached-before-wall-clock-cap	NONE	2	check-original-fixture;match-source-positioned-diagnostics
go/types:TestSpec/range.go	typechecker	NOT_ATTEMPTED	NONE	not-reached-before-wall-clock-cap	NONE	2	check-original-fixture;match-source-positioned-diagnostics
go/types:TestSpec/range_int.go	typechecker	NOT_ATTEMPTED	NONE	not-reached-before-wall-clock-cap	NONE	2	check-original-fixture;match-source-positioned-diagnostics
go/types:TestSpec/receivers.go	typechecker	NOT_ATTEMPTED	NONE	not-reached-before-wall-clock-cap	NONE	2	check-original-fixture;match-source-positioned-diagnostics
go/types:TestSpec/structLits.go	typechecker	NOT_ATTEMPTED	NONE	not-reached-before-wall-clock-cap	NONE	2	check-original-fixture;match-source-positioned-diagnostics
go/types:TestSpec/typeAliases1.22.go	typechecker	NOT_ATTEMPTED	NONE	not-reached-before-wall-clock-cap	NONE	2	check-original-fixture;match-source-positioned-diagnostics
go/types:TestSpec/typeAliases1.23.go	typechecker	NOT_ATTEMPTED	NONE	not-reached-before-wall-clock-cap	NONE	2	check-original-fixture;match-source-positioned-diagnostics
go/types:TestSpec/typeAliases1.8.go	typechecker	NOT_ATTEMPTED	NONE	not-reached-before-wall-clock-cap	NONE	2	check-original-fixture;match-source-positioned-diagnostics
package:cmd/compile	package	NOT_ATTEMPTED	NONE	not-reached-before-wall-clock-cap	NONE	4	build-test-harness;enumerate-runtime-tests;execute-product-test-bodies;join-all-runtime-results
package:cmd/compile/internal/abt	package	NOT_ATTEMPTED	NONE	not-reached-before-wall-clock-cap	NONE	4	build-test-harness;enumerate-runtime-tests;execute-product-test-bodies;join-all-runtime-results
package:cmd/compile/internal/amd64	package	NOT_ATTEMPTED	NONE	not-reached-before-wall-clock-cap	NONE	4	build-test-harness;enumerate-runtime-tests;execute-product-test-bodies;join-all-runtime-results
package:cmd/compile/internal/base	package	NOT_ATTEMPTED	NONE	not-reached-before-wall-clock-cap	NONE	4	build-test-harness;enumerate-runtime-tests;execute-product-test-bodies;join-all-runtime-results
package:cmd/compile/internal/compare	package	NOT_ATTEMPTED	NONE	not-reached-before-wall-clock-cap	NONE	4	build-test-harness;enumerate-runtime-tests;execute-product-test-bodies;join-all-runtime-results
package:cmd/compile/internal/devirtualize	package	NOT_ATTEMPTED	NONE	not-reached-before-wall-clock-cap	NONE	4	build-test-harness;enumerate-runtime-tests;execute-product-test-bodies;join-all-runtime-results
package:cmd/compile/internal/dwarfgen	package	NOT_ATTEMPTED	NONE	not-reached-before-wall-clock-cap	NONE	4	build-test-harness;enumerate-runtime-tests;execute-product-test-bodies;join-all-runtime-results
package:cmd/compile/internal/importer	package	NOT_ATTEMPTED	NONE	not-reached-before-wall-clock-cap	NONE	4	build-test-harness;enumerate-runtime-tests;execute-product-test-bodies;join-all-runtime-results
package:cmd/compile/internal/inline/inlheur	package	NOT_ATTEMPTED	NONE	not-reached-before-wall-clock-cap	NONE	4	build-test-harness;enumerate-runtime-tests;execute-product-test-bodies;join-all-runtime-results
package:cmd/compile/internal/ir	package	NOT_ATTEMPTED	NONE	not-reached-before-wall-clock-cap	NONE	4	build-test-harness;enumerate-runtime-tests;execute-product-test-bodies;join-all-runtime-results
package:cmd/compile/internal/liveness	package	NOT_ATTEMPTED	NONE	not-reached-before-wall-clock-cap	NONE	4	build-test-harness;enumerate-runtime-tests;execute-product-test-bodies;join-all-runtime-results
package:cmd/compile/internal/logopt	package	NOT_ATTEMPTED	NONE	not-reached-before-wall-clock-cap	NONE	4	build-test-harness;enumerate-runtime-tests;execute-product-test-bodies;join-all-runtime-results
package:cmd/compile/internal/loopvar	package	NOT_ATTEMPTED	NONE	not-reached-before-wall-clock-cap	NONE	4	build-test-harness;enumerate-runtime-tests;execute-product-test-bodies;join-all-runtime-results
package:cmd/compile/internal/noder	package	NOT_ATTEMPTED	NONE	not-reached-before-wall-clock-cap	NONE	4	build-test-harness;enumerate-runtime-tests;execute-product-test-bodies;join-all-runtime-results
package:cmd/compile/internal/rangefunc	package	NOT_ATTEMPTED	NONE	not-reached-before-wall-clock-cap	NONE	4	build-test-harness;enumerate-runtime-tests;execute-product-test-bodies;join-all-runtime-results
package:cmd/compile/internal/reflectdata	package	NOT_ATTEMPTED	NONE	not-reached-before-wall-clock-cap	NONE	4	build-test-harness;enumerate-runtime-tests;execute-product-test-bodies;join-all-runtime-results
package:cmd/compile/internal/ssa	package	NOT_ATTEMPTED	NONE	not-reached-before-wall-clock-cap	NONE	4	build-test-harness;enumerate-runtime-tests;execute-product-test-bodies;join-all-runtime-results
package:cmd/compile/internal/ssagen	package	NOT_ATTEMPTED	NONE	not-reached-before-wall-clock-cap	NONE	4	build-test-harness;enumerate-runtime-tests;execute-product-test-bodies;join-all-runtime-results
package:cmd/compile/internal/syntax	package	NOT_ATTEMPTED	NONE	not-reached-before-wall-clock-cap	NONE	4	build-test-harness;enumerate-runtime-tests;execute-product-test-bodies;join-all-runtime-results
package:cmd/compile/internal/test	package	NOT_ATTEMPTED	NONE	not-reached-before-wall-clock-cap	NONE	4	build-test-harness;enumerate-runtime-tests;execute-product-test-bodies;join-all-runtime-results
package:cmd/compile/internal/typecheck	package	NOT_ATTEMPTED	NONE	not-reached-before-wall-clock-cap	NONE	4	build-test-harness;enumerate-runtime-tests;execute-product-test-bodies;join-all-runtime-results
package:cmd/compile/internal/types	package	NOT_ATTEMPTED	NONE	not-reached-before-wall-clock-cap	NONE	4	build-test-harness;enumerate-runtime-tests;execute-product-test-bodies;join-all-runtime-results
package:cmd/compile/internal/types2	package	NOT_ATTEMPTED	NONE	not-reached-before-wall-clock-cap	NONE	4	build-test-harness;enumerate-runtime-tests;execute-product-test-bodies;join-all-runtime-results
package:cmd/internal/testdir	package	NOT_ATTEMPTED	NONE	not-reached-before-wall-clock-cap	NONE	4	build-test-harness;enumerate-runtime-tests;execute-product-test-bodies;join-all-runtime-results
package:go/types	package	NOT_ATTEMPTED	NONE	not-reached-before-wall-clock-cap	NONE	4	build-test-harness;enumerate-runtime-tests;execute-product-test-bodies;join-all-runtime-results
package:internal/types/errors	package	ATTEMPTED	FAIL	unfinished-recipe-probe	pass	4	build-test-harness;enumerate-runtime-tests;execute-product-test-bodies;join-all-runtime-results
testdir:235.go	testdir	NOT_ATTEMPTED	NONE	not-reached-before-wall-clock-cap	NONE	4	compile-or-build;link-if-needed;run;match-output
testdir:64bit.go	testdir	ATTEMPTED	PASS	generator-adapter	pass	0	
testdir:abi/bad_internal_offsets.go	testdir	ATTEMPTED	FAIL	simple-execution	pass	0	
testdir:abi/bad_select_crash.go	testdir	ATTEMPTED	FAIL	unfinished-recipe-probe	pass	1	build
testdir:abi/convF_criteria.go	testdir	ATTEMPTED	PASS	simple-execution	pass	0	
testdir:abi/convT64_criteria.go	testdir	ATTEMPTED	FAIL	simple-execution	pass	0	
testdir:abi/defer_aggregate.go	testdir	ATTEMPTED	PASS	simple-execution	pass	0	
testdir:abi/defer_recover_results.go	testdir	ATTEMPTED	PASS	simple-execution	pass	0	
testdir:abi/double_nested_addressed_struct.go	testdir	ATTEMPTED	FAIL	simple-execution	pass	0	
testdir:abi/double_nested_struct.go	testdir	ATTEMPTED	PASS	simple-execution	pass	0	
testdir:abi/f_ret_z_not.go	testdir	ATTEMPTED	PASS	simple-execution	pass	0	
testdir:abi/fibish.go	testdir	ATTEMPTED	FAIL	simple-execution	pass	0	
testdir:abi/fibish_closure.go	testdir	ATTEMPTED	FAIL	simple-execution	pass	0	
testdir:abi/fuzz_trailing_zero_field.go	testdir	ATTEMPTED	FAIL	simple-execution	pass	0	
testdir:abi/idata.go	testdir	ATTEMPTED	FAIL	simple-execution	pass	0	
testdir:abi/leaf.go	testdir	ATTEMPTED	PASS	simple-execution	pass	0	
testdir:abi/leaf2.go	testdir	ATTEMPTED	FAIL	simple-execution	pass	0	
testdir:abi/many_int_input.go	testdir	ATTEMPTED	PASS	simple-execution	pass	0	
testdir:abi/many_intstar_input.go	testdir	ATTEMPTED	FAIL	simple-execution	pass	0	
testdir:abi/map.go	testdir	ATTEMPTED	FAIL	simple-execution	pass	0	
testdir:abi/method_wrapper.go	testdir	ATTEMPTED	FAIL	simple-execution	pass	0	
testdir:abi/more_intstar_input.go	testdir	ATTEMPTED	PASS	simple-execution	pass	0	
testdir:abi/named_results.go	testdir	ATTEMPTED	PASS	simple-execution	pass	0	
testdir:abi/named_return_stuff.go	testdir	ATTEMPTED	PASS	simple-execution	pass	0	
testdir:abi/open_defer_1.go	testdir	ATTEMPTED	PASS	simple-execution	pass	0	
testdir:abi/part_live.go	testdir	ATTEMPTED	FAIL	simple-execution	pass	0	
testdir:abi/part_live_2.go	testdir	ATTEMPTED	FAIL	simple-execution	pass	0	
testdir:abi/reg_not_ssa.go	testdir	ATTEMPTED	PASS	simple-execution	pass	0	
testdir:abi/result_live.go	testdir	ATTEMPTED	FAIL	unfinished-recipe-probe	pass	2	compile;match-diagnostics
testdir:abi/result_regalloc.go	testdir	ATTEMPTED	PASS	simple-execution	pass	0	
testdir:abi/return_stuff.go	testdir	ATTEMPTED	PASS	simple-execution	pass	0	
testdir:abi/s_sif_sif.go	testdir	ATTEMPTED	PASS	simple-execution	pass	0	
testdir:abi/spills3.go	testdir	ATTEMPTED	FAIL	simple-execution	pass	0	
testdir:abi/spills4.go	testdir	ATTEMPTED	FAIL	simple-execution	pass	0	
testdir:abi/store_reg_args.go	testdir	ATTEMPTED	PASS	simple-execution	pass	0	
testdir:abi/struct_3_string_input.go	testdir	ATTEMPTED	PASS	simple-execution	pass	0	
testdir:abi/struct_lower_1.go	testdir	ATTEMPTED	FAIL	simple-execution	pass	0	
testdir:abi/too_big_to_ssa.go	testdir	ATTEMPTED	PASS	simple-execution	pass	0	
testdir:abi/uglyfib.go	testdir	ATTEMPTED	FAIL	simple-execution	pass	0	
testdir:abi/wrapdefer_largetmp.go	testdir	ATTEMPTED	PASS	simple-execution	pass	0	
testdir:abi/zombie_struct_select.go	testdir	ATTEMPTED	PASS	simple-execution	pass	0	
testdir:alg.go	testdir	ATTEMPTED	PASS	simple-execution	pass	0	
testdir:alias.go	testdir	ATTEMPTED	PASS	diagnostic-matcher	pass	0	
testdir:alias1.go	testdir	ATTEMPTED	FAIL	simple-execution	pass	0	
testdir:alias2.go	testdir	ATTEMPTED	PASS	diagnostic-matcher	pass	0	
testdir:alias3.go	testdir	ATTEMPTED	FAIL	unfinished-recipe-probe	pass	4	compile-packages-in-order;link;run;match-output
testdir:align.go	testdir	ATTEMPTED	PASS	simple-execution	pass	0	
testdir:append.go	testdir	ATTEMPTED	FAIL	simple-execution	pass	0	
testdir:append1.go	testdir	ATTEMPTED	PASS	diagnostic-matcher	pass	0	
testdir:arenas/smoke.go	testdir	ATTEMPTED	FAIL	unfinished-recipe-probe	pass	1	build
testdir:args.go	testdir	ATTEMPTED	PASS	simple-execution	pass	0	
testdir:armimm.go	testdir	ATTEMPTED	PASS	simple-execution	pass	0	
testdir:asmhdr.go	testdir	ATTEMPTED	FAIL	unfinished-recipe-probe	pass	7	assemble-symabis-if-present;compile;assemble-if-present;pack;link;run;match-output
testdir:assign.go	testdir	ATTEMPTED	PASS	diagnostic-matcher	pass	0	
testdir:assign1.go	testdir	ATTEMPTED	PASS	diagnostic-matcher	pass	0	
testdir:atomicload.go	testdir	ATTEMPTED	PASS	simple-execution	pass	0	
testdir:bigalg.go	testdir	ATTEMPTED	FAIL	simple-execution	pass	0	
testdir:bigmap.go	testdir	ATTEMPTED	FAIL	simple-execution	pass	0	
testdir:blank.go	testdir	ATTEMPTED	FAIL	simple-execution	pass	0	
testdir:blank1.go	testdir	ATTEMPTED	PASS	diagnostic-matcher	pass	0	
testdir:bloop.go	testdir	ATTEMPTED	FAIL	unfinished-recipe-probe	pass	2	compile;match-diagnostics
testdir:bom.go	testdir	ATTEMPTED	PASS	generator-adapter	pass	0	
testdir:bombad.go	testdir	ATTEMPTED	FAIL	diagnostic-matcher	pass	0	
testdir:bounds.go	testdir	ATTEMPTED	FAIL	unfinished-recipe-probe	pass	2	compile;match-diagnostics
testdir:cannotassign.go	testdir	ATTEMPTED	PASS	diagnostic-matcher	pass	0	
testdir:chan/doubleselect.go	testdir	ATTEMPTED	FAIL	simple-execution	pass	0	
testdir:chan/fifo.go	testdir	ATTEMPTED	PASS	simple-execution	pass	0	
testdir:chan/goroutines.go	testdir	ATTEMPTED	PASS	simple-execution	pass	0	
testdir:chan/nonblock.go	testdir	ATTEMPTED	FAIL	simple-execution	pass	0	
testdir:chan/perm.go	testdir	ATTEMPTED	PASS	diagnostic-matcher	pass	0	
testdir:chan/powser1.go	testdir	ATTEMPTED	FAIL	simple-execution	pass	0	
testdir:chan/powser2.go	testdir	ATTEMPTED	FAIL	simple-execution	pass	0	
testdir:chan/select.go	testdir	ATTEMPTED	FAIL	simple-execution	pass	0	
testdir:chan/select2.go	testdir	ATTEMPTED	FAIL	simple-execution	pass	0	
testdir:chan/select3.go	testdir	ATTEMPTED	FAIL	simple-execution	pass	0	
testdir:chan/select4.go	testdir	ATTEMPTED	FAIL	simple-execution	pass	0	
testdir:chan/select5.go	testdir	ATTEMPTED	FAIL	generator-adapter	pass	0	
testdir:chan/select6.go	testdir	ATTEMPTED	PASS	simple-execution	pass	0	
testdir:chan/select7.go	testdir	ATTEMPTED	PASS	simple-execution	pass	0	
testdir:chan/select8.go	testdir	ATTEMPTED	PASS	simple-execution	pass	0	
testdir:chan/sendstmt.go	testdir	ATTEMPTED	PASS	simple-execution	pass	0	
testdir:chan/sieve1.go	testdir	ATTEMPTED	PASS	simple-execution	pass	0	
testdir:chan/sieve2.go	testdir	ATTEMPTED	FAIL	simple-execution	pass	0	
testdir:chan/zerosize.go	testdir	ATTEMPTED	FAIL	simple-execution	pass	0	
testdir:chancap.go	testdir	ATTEMPTED	FAIL	simple-execution	pass	0	
testdir:chanlinear.go	testdir	ATTEMPTED	FAIL	simple-execution	pass	0	
testdir:char_lit.go	testdir	ATTEMPTED	PASS	simple-execution	pass	0	
testdir:char_lit1.go	testdir	ATTEMPTED	FAIL	unfinished-recipe-probe	pass	2	compile;match-diagnostics
testdir:checkbce.go	testdir	ATTEMPTED	UPSTREAM_SKIP	native-skip	skip	0	
testdir:clear.go	testdir	ATTEMPTED	FAIL	simple-execution	pass	0	
testdir:clearfat.go	testdir	ATTEMPTED	PASS	generator-adapter	pass	0	
testdir:closedchan.go	testdir	ATTEMPTED	FAIL	simple-execution	pass	0	
testdir:closure.go	testdir	ATTEMPTED	FAIL	simple-execution	pass	0	
testdir:closure1.go	testdir	ATTEMPTED	PASS	simple-execution	pass	0	
testdir:closure2.go	testdir	ATTEMPTED	FAIL	simple-execution	pass	0	
testdir:closure3.go	testdir	ATTEMPTED	FAIL	unfinished-recipe-probe	pass	6	compile-packages-in-order;match-diagnostics;compile-packages-in-order;link;run;match-output
testdir:closure4.go	testdir	ATTEMPTED	FAIL	simple-execution	pass	0	
testdir:closure5.go	testdir	ATTEMPTED	FAIL	unfinished-recipe-probe	pass	1	compile-packages-in-order
testdir:closure6.go	testdir	ATTEMPTED	PASS	simple-execution	pass	0	
testdir:closure7.go	testdir	ATTEMPTED	PASS	simple-execution	pass	0	
testdir:cmp.go	testdir	ATTEMPTED	FAIL	simple-execution	pass	0	
testdir:cmp6.go	testdir	ATTEMPTED	PASS	diagnostic-matcher	pass	0	
testdir:cmplx.go	testdir	ATTEMPTED	PASS	diagnostic-matcher	pass	0	
testdir:cmplxdivide.go	testdir	ATTEMPTED	FAIL	simple-execution	pass	0	
testdir:cmplxdivide1.go	testdir	ATTEMPTED	UPSTREAM_SKIP	native-skip	skip	0	
testdir:codegen/addrcalc.go	testdir	ATTEMPTED	FAIL	unfinished-recipe-probe	pass	2	compile-assembly;match-assembly
testdir:codegen/alloc.go	testdir	ATTEMPTED	FAIL	unfinished-recipe-probe	pass	2	compile-assembly;match-assembly
testdir:codegen/append.go	testdir	ATTEMPTED	FAIL	unfinished-recipe-probe	pass	2	compile-assembly;match-assembly
testdir:codegen/append_freegc.go	testdir	ATTEMPTED	UPSTREAM_SKIP	native-skip	skip	0	
testdir:codegen/arithmetic.go	testdir	ATTEMPTED	FAIL	unfinished-recipe-probe	pass	2	compile-assembly;match-assembly
testdir:codegen/atomics.go	testdir	ATTEMPTED	FAIL	unfinished-recipe-probe	pass	2	compile-assembly;match-assembly
testdir:codegen/bitfield.go	testdir	ATTEMPTED	FAIL	unfinished-recipe-probe	pass	2	compile-assembly;match-assembly
testdir:codegen/bits.go	testdir	ATTEMPTED	FAIL	unfinished-recipe-probe	pass	2	compile-assembly;match-assembly
testdir:codegen/bmi.go	testdir	ATTEMPTED	FAIL	unfinished-recipe-probe	pass	2	compile-assembly;match-assembly
testdir:codegen/bool.go	testdir	ATTEMPTED	FAIL	unfinished-recipe-probe	pass	2	compile-assembly;match-assembly
testdir:codegen/clobberdead.go	testdir	ATTEMPTED	FAIL	unfinished-recipe-probe	pass	2	compile-assembly;match-assembly
testdir:codegen/clobberdeadreg.go	testdir	ATTEMPTED	UPSTREAM_SKIP	native-skip	skip	0	
testdir:codegen/compare_and_branch.go	testdir	ATTEMPTED	FAIL	unfinished-recipe-probe	pass	2	compile-assembly;match-assembly
testdir:codegen/comparisons.go	testdir	ATTEMPTED	FAIL	unfinished-recipe-probe	pass	2	compile-assembly;match-assembly
testdir:codegen/condmove.go	testdir	ATTEMPTED	FAIL	unfinished-recipe-probe	pass	2	compile-assembly;match-assembly
testdir:codegen/constants.go	testdir	ATTEMPTED	FAIL	unfinished-recipe-probe	pass	2	compile-assembly;match-assembly
testdir:codegen/copy.go	testdir	ATTEMPTED	FAIL	unfinished-recipe-probe	pass	2	compile-assembly;match-assembly
testdir:codegen/deadstore.go	testdir	ATTEMPTED	FAIL	unfinished-recipe-probe	pass	2	compile-assembly;match-assembly
testdir:codegen/divmod.go	testdir	ATTEMPTED	FAIL	unfinished-recipe-probe	pass	2	compile-assembly;match-assembly
testdir:codegen/floats.go	testdir	ATTEMPTED	FAIL	unfinished-recipe-probe	pass	2	compile-assembly;match-assembly
testdir:codegen/fuse.go	testdir	ATTEMPTED	FAIL	unfinished-recipe-probe	pass	2	compile-assembly;match-assembly
testdir:codegen/generics.go	testdir	ATTEMPTED	FAIL	unfinished-recipe-probe	pass	2	compile-assembly;match-assembly
testdir:codegen/ifaces.go	testdir	ATTEMPTED	FAIL	unfinished-recipe-probe	pass	2	compile-assembly;match-assembly
testdir:codegen/issue22703.go	testdir	ATTEMPTED	FAIL	unfinished-recipe-probe	pass	2	compile-assembly;match-assembly
testdir:codegen/issue25378.go	testdir	ATTEMPTED	FAIL	unfinished-recipe-probe	pass	2	compile-assembly;match-assembly
testdir:codegen/issue31618.go	testdir	ATTEMPTED	FAIL	unfinished-recipe-probe	pass	2	compile-assembly;match-assembly
testdir:codegen/issue33580.go	testdir	ATTEMPTED	FAIL	unfinished-recipe-probe	pass	2	compile-assembly;match-assembly
testdir:codegen/issue38554.go	testdir	ATTEMPTED	FAIL	unfinished-recipe-probe	pass	2	compile-assembly;match-assembly
testdir:codegen/issue42610.go	testdir	ATTEMPTED	FAIL	unfinished-recipe-probe	pass	2	compile-assembly;match-assembly
testdir:codegen/issue48054.go	testdir	ATTEMPTED	FAIL	unfinished-recipe-probe	pass	2	compile-assembly;match-assembly
testdir:codegen/issue52635.go	testdir	ATTEMPTED	FAIL	unfinished-recipe-probe	pass	2	compile-assembly;match-assembly
testdir:codegen/issue54467.go	testdir	ATTEMPTED	FAIL	unfinished-recipe-probe	pass	2	compile-assembly;match-assembly
testdir:codegen/issue56440.go	testdir	ATTEMPTED	FAIL	unfinished-recipe-probe	pass	2	compile-assembly;match-assembly
testdir:codegen/issue58166.go	testdir	ATTEMPTED	FAIL	unfinished-recipe-probe	pass	2	compile-assembly;match-assembly
testdir:codegen/issue59297.go	testdir	ATTEMPTED	FAIL	unfinished-recipe-probe	pass	2	compile-assembly;match-assembly
testdir:codegen/issue60324.go	testdir	ATTEMPTED	FAIL	unfinished-recipe-probe	pass	2	compile-assembly;match-assembly
testdir:codegen/issue60673.go	testdir	ATTEMPTED	FAIL	unfinished-recipe-probe	pass	2	compile-assembly;match-assembly
testdir:codegen/issue61356.go	testdir	ATTEMPTED	FAIL	unfinished-recipe-probe	pass	2	compile-assembly;match-assembly
testdir:codegen/issue63332.go	testdir	ATTEMPTED	FAIL	unfinished-recipe-probe	pass	2	compile-assembly;match-assembly
testdir:codegen/issue66585.go	testdir	ATTEMPTED	FAIL	unfinished-recipe-probe	pass	2	compile-assembly;match-assembly
testdir:codegen/issue68845.go	testdir	ATTEMPTED	FAIL	unfinished-recipe-probe	pass	2	compile-assembly;match-assembly
testdir:codegen/issue69635.go	testdir	ATTEMPTED	FAIL	unfinished-recipe-probe	pass	2	compile-assembly;match-assembly
testdir:codegen/issue70409.go	testdir	ATTEMPTED	FAIL	unfinished-recipe-probe	pass	2	compile-assembly;match-assembly
testdir:codegen/issue72832.go	testdir	ATTEMPTED	FAIL	unfinished-recipe-probe	pass	2	compile-assembly;match-assembly
testdir:codegen/issue74485.go	testdir	ATTEMPTED	FAIL	unfinished-recipe-probe	pass	2	compile-assembly;match-assembly
testdir:codegen/issue74788.go	testdir	ATTEMPTED	FAIL	unfinished-recipe-probe	pass	2	compile-assembly;match-assembly
testdir:codegen/issue75203.go	testdir	ATTEMPTED	FAIL	unfinished-recipe-probe	pass	2	compile-assembly;match-assembly
testdir:codegen/issue77375.go	testdir	ATTEMPTED	FAIL	unfinished-recipe-probe	pass	2	compile-assembly;match-assembly
testdir:codegen/known_bits.go	testdir	ATTEMPTED	FAIL	unfinished-recipe-probe	pass	2	compile-assembly;match-assembly
testdir:codegen/load_type_from_itab.go	testdir	ATTEMPTED	FAIL	unfinished-recipe-probe	pass	2	compile-assembly;match-assembly
testdir:codegen/logic.go	testdir	ATTEMPTED	FAIL	unfinished-recipe-probe	pass	2	compile-assembly;match-assembly
testdir:codegen/mapaccess.go	testdir	ATTEMPTED	FAIL	unfinished-recipe-probe	pass	2	compile-assembly;match-assembly
testdir:codegen/maps.go	testdir	ATTEMPTED	FAIL	unfinished-recipe-probe	pass	2	compile-assembly;match-assembly
testdir:codegen/math.go	testdir	ATTEMPTED	FAIL	unfinished-recipe-probe	pass	2	compile-assembly;match-assembly
testdir:codegen/mathbits.go	testdir	ATTEMPTED	FAIL	unfinished-recipe-probe	pass	2	compile-assembly;match-assembly
testdir:codegen/memcombine.go	testdir	ATTEMPTED	FAIL	unfinished-recipe-probe	pass	2	compile-assembly;match-assembly
testdir:codegen/memcse.go	testdir	ATTEMPTED	FAIL	unfinished-recipe-probe	pass	2	compile-assembly;match-assembly
testdir:codegen/memops.go	testdir	ATTEMPTED	FAIL	unfinished-recipe-probe	pass	2	compile-assembly;match-assembly
testdir:codegen/memops_bigoffset.go	testdir	ATTEMPTED	FAIL	unfinished-recipe-probe	pass	2	compile-assembly;match-assembly
testdir:codegen/moveload.go	testdir	ATTEMPTED	FAIL	unfinished-recipe-probe	pass	2	compile-assembly;match-assembly
testdir:codegen/multiply.go	testdir	ATTEMPTED	FAIL	unfinished-recipe-probe	pass	2	compile-assembly;match-assembly
testdir:codegen/noextend.go	testdir	ATTEMPTED	FAIL	unfinished-recipe-probe	pass	2	compile-assembly;match-assembly
testdir:codegen/race.go	testdir	ATTEMPTED	FAIL	unfinished-recipe-probe	pass	2	compile-assembly;match-assembly
testdir:codegen/reflect_type.go	testdir	ATTEMPTED	FAIL	unfinished-recipe-probe	pass	2	compile-assembly;match-assembly
testdir:codegen/regabi_regalloc.go	testdir	ATTEMPTED	FAIL	unfinished-recipe-probe	pass	2	compile-assembly;match-assembly
testdir:codegen/retpoline.go	testdir	ATTEMPTED	UPSTREAM_SKIP	native-skip	skip	0	
testdir:codegen/rotate.go	testdir	ATTEMPTED	FAIL	unfinished-recipe-probe	pass	2	compile-assembly;match-assembly
testdir:codegen/schedule.go	testdir	ATTEMPTED	FAIL	unfinished-recipe-probe	pass	2	compile-assembly;match-assembly
testdir:codegen/select.go	testdir	ATTEMPTED	FAIL	unfinished-recipe-probe	pass	2	compile-assembly;match-assembly
testdir:codegen/shape_assert.go	testdir	ATTEMPTED	FAIL	unfinished-recipe-probe	pass	2	compile-assembly;match-assembly
testdir:codegen/shift.go	testdir	ATTEMPTED	FAIL	unfinished-recipe-probe	pass	2	compile-assembly;match-assembly
testdir:codegen/shortcircuit.go	testdir	ATTEMPTED	FAIL	unfinished-recipe-probe	pass	2	compile-assembly;match-assembly
testdir:codegen/simd.go	testdir	ATTEMPTED	UPSTREAM_SKIP	native-skip	skip	0	
testdir:codegen/simd_arm64.go	testdir	ATTEMPTED	UPSTREAM_SKIP	native-skip	skip	0	
testdir:codegen/slices.go	testdir	ATTEMPTED	FAIL	unfinished-recipe-probe	pass	2	compile-assembly;match-assembly
testdir:codegen/smallintiface.go	testdir	ATTEMPTED	FAIL	unfinished-recipe-probe	pass	2	compile-assembly;match-assembly
testdir:codegen/spectre.go	testdir	ATTEMPTED	UPSTREAM_SKIP	native-skip	skip	0	
testdir:codegen/spills.go	testdir	ATTEMPTED	FAIL	unfinished-recipe-probe	pass	2	compile-assembly;match-assembly
testdir:codegen/stack.go	testdir	ATTEMPTED	FAIL	unfinished-recipe-probe	pass	2	compile-assembly;match-assembly
testdir:codegen/strings.go	testdir	ATTEMPTED	FAIL	unfinished-recipe-probe	pass	2	compile-assembly;match-assembly
testdir:codegen/structs.go	testdir	ATTEMPTED	FAIL	unfinished-recipe-probe	pass	2	compile-assembly;match-assembly
testdir:codegen/switch.go	testdir	ATTEMPTED	FAIL	unfinished-recipe-probe	pass	2	compile-assembly;match-assembly
testdir:codegen/typeswitch.go	testdir	ATTEMPTED	FAIL	unfinished-recipe-probe	pass	2	compile-assembly;match-assembly
testdir:codegen/unique.go	testdir	ATTEMPTED	FAIL	unfinished-recipe-probe	pass	2	compile-assembly;match-assembly
testdir:codegen/unsafe.go	testdir	ATTEMPTED	FAIL	unfinished-recipe-probe	pass	2	compile-assembly;match-assembly
testdir:codegen/writebarrier.go	testdir	ATTEMPTED	FAIL	unfinished-recipe-probe	pass	2	compile-assembly;match-assembly
testdir:codegen/zerosize.go	testdir	ATTEMPTED	FAIL	unfinished-recipe-probe	pass	2	compile-assembly;match-assembly
testdir:complit.go	testdir	ATTEMPTED	FAIL	simple-execution	pass	0	
testdir:complit1.go	testdir	ATTEMPTED	PASS	diagnostic-matcher	pass	0	
testdir:complit2.go	testdir	ATTEMPTED	FAIL	simple-execution	pass	0	
testdir:compos.go	testdir	ATTEMPTED	PASS	simple-execution	pass	0	
testdir:const.go	testdir	ATTEMPTED	FAIL	simple-execution	pass	0	
testdir:const1.go	testdir	ATTEMPTED	PASS	diagnostic-matcher	pass	0	
testdir:const2.go	testdir	ATTEMPTED	PASS	diagnostic-matcher	pass	0	
testdir:const3.go	testdir	ATTEMPTED	FAIL	simple-execution	pass	0	
testdir:const4.go	testdir	ATTEMPTED	FAIL	simple-execution	pass	0	
testdir:const5.go	testdir	ATTEMPTED	PASS	diagnostic-matcher	pass	0	
testdir:const6.go	testdir	ATTEMPTED	PASS	diagnostic-matcher	pass	0	
testdir:const7.go	testdir	ATTEMPTED	FAIL	unfinished-recipe-probe	pass	4	compile-or-build;link-if-needed;run;match-output
testdir:const8.go	testdir	ATTEMPTED	PASS	simple-execution	pass	0	
testdir:convT2X.go	testdir	ATTEMPTED	FAIL	simple-execution	pass	0	
testdir:convert.go	testdir	ATTEMPTED	FAIL	simple-execution	pass	0	
testdir:convert1.go	testdir	ATTEMPTED	PASS	diagnostic-matcher	pass	0	
testdir:convert2.go	testdir	ATTEMPTED	PASS	diagnostic-matcher	pass	0	
testdir:convert3.go	testdir	ATTEMPTED	PASS	diagnostic-matcher	pass	0	
testdir:convert4.go	testdir	ATTEMPTED	FAIL	simple-execution	pass	0	
testdir:convert5.go	testdir	ATTEMPTED	FAIL	unfinished-recipe-probe	pass	4	compile-or-build;link-if-needed;run;match-output
testdir:convinline.go	testdir	ATTEMPTED	FAIL	generator-adapter	pass	0	
testdir:convlit.go	testdir	ATTEMPTED	PASS	diagnostic-matcher	pass	0	
testdir:convlit1.go	testdir	ATTEMPTED	PASS	diagnostic-matcher	pass	0	
testdir:copy.go	testdir	ATTEMPTED	FAIL	simple-execution	pass	0	
testdir:copy1.go	testdir	ATTEMPTED	PASS	diagnostic-matcher	pass	0	
testdir:crlf.go	testdir	ATTEMPTED	PASS	generator-adapter	pass	0	
testdir:ddd.go	testdir	ATTEMPTED	FAIL	simple-execution	pass	0	
testdir:ddd1.go	testdir	ATTEMPTED	PASS	diagnostic-matcher	pass	0	
testdir:ddd2.go	testdir	ATTEMPTED	FAIL	unfinished-recipe-probe	pass	4	compile-packages-in-order;link;run;match-output
testdir:decl.go	testdir	ATTEMPTED	PASS	simple-execution	pass	0	
testdir:declbad.go	testdir	ATTEMPTED	PASS	diagnostic-matcher	pass	0	
testdir:defer.go	testdir	ATTEMPTED	FAIL	simple-execution	pass	0	
testdir:defererrcheck.go	testdir	ATTEMPTED	FAIL	unfinished-recipe-probe	pass	2	compile;match-diagnostics
testdir:deferfin.go	testdir	ATTEMPTED	FAIL	simple-execution	pass	0	
testdir:defernil.go	testdir	ATTEMPTED	FAIL	simple-execution	pass	0	
testdir:deferprint.go	testdir	ATTEMPTED	FAIL	simple-execution	pass	0	
testdir:devirt.go	testdir	ATTEMPTED	FAIL	unfinished-recipe-probe	pass	2	compile;match-diagnostics
testdir:devirtualization.go	testdir	ATTEMPTED	FAIL	unfinished-recipe-probe	pass	2	compile;match-diagnostics
testdir:devirtualization_nil_panics.go	testdir	ATTEMPTED	FAIL	simple-execution	pass	0	
testdir:devirtualization_with_type_assertions_interleaved.go	testdir	ATTEMPTED	FAIL	unfinished-recipe-probe	pass	2	compile;match-diagnostics
testdir:directive.go	testdir	ATTEMPTED	FAIL	diagnostic-matcher	pass	0	
testdir:directive2.go	testdir	ATTEMPTED	FAIL	diagnostic-matcher	pass	0	
testdir:divide.go	testdir	ATTEMPTED	PASS	simple-execution	pass	0	
testdir:divmod.go	testdir	ATTEMPTED	FAIL	simple-execution	pass	0	
testdir:dwarf/dwarf.go	testdir	ATTEMPTED	FAIL	unfinished-recipe-probe	pass	4	compile-packages-in-order;link;run;match-output
testdir:dwarf/linedirectives.go	testdir	ATTEMPTED	FAIL	simple-execution	pass	0	
testdir:embedfunc.go	testdir	ATTEMPTED	FAIL	diagnostic-matcher	pass	0	
testdir:embedvers.go	testdir	ATTEMPTED	FAIL	unfinished-recipe-probe	pass	2	compile;match-diagnostics
testdir:empty.go	testdir	ATTEMPTED	PASS	simple-execution	pass	0	
testdir:env.go	testdir	ATTEMPTED	PASS	simple-execution	pass	0	
testdir:eof.go	testdir	ATTEMPTED	PASS	simple-execution	pass	0	
testdir:eof1.go	testdir	ATTEMPTED	PASS	simple-execution	pass	0	
testdir:escape.go	testdir	ATTEMPTED	FAIL	simple-execution	pass	0	
testdir:escape2.go	testdir	ATTEMPTED	FAIL	unfinished-recipe-probe	pass	2	compile;match-diagnostics
testdir:escape2n.go	testdir	ATTEMPTED	FAIL	unfinished-recipe-probe	pass	2	compile;match-diagnostics
testdir:escape3.go	testdir	ATTEMPTED	PASS	simple-execution	pass	0	
testdir:escape4.go	testdir	ATTEMPTED	FAIL	unfinished-recipe-probe	pass	2	compile;match-diagnostics
testdir:escape5.go	testdir	ATTEMPTED	FAIL	unfinished-recipe-probe	pass	2	compile;match-diagnostics
testdir:escape6.go	testdir	ATTEMPTED	FAIL	unfinished-recipe-probe	pass	2	compile;match-diagnostics
testdir:escape_alias.go	testdir	ATTEMPTED	UPSTREAM_SKIP	native-skip	skip	0	
testdir:escape_array.go	testdir	ATTEMPTED	FAIL	unfinished-recipe-probe	pass	2	compile;match-diagnostics
testdir:escape_bloop.go	testdir	ATTEMPTED	FAIL	unfinished-recipe-probe	pass	2	compile;match-diagnostics
testdir:escape_calls.go	testdir	ATTEMPTED	FAIL	unfinished-recipe-probe	pass	2	compile;match-diagnostics
testdir:escape_closure.go	testdir	ATTEMPTED	FAIL	unfinished-recipe-probe	pass	2	compile;match-diagnostics
testdir:escape_field.go	testdir	ATTEMPTED	FAIL	unfinished-recipe-probe	pass	2	compile;match-diagnostics
testdir:escape_goto.go	testdir	ATTEMPTED	FAIL	unfinished-recipe-probe	pass	2	compile;match-diagnostics
testdir:escape_hash_maphash.go	testdir	ATTEMPTED	FAIL	unfinished-recipe-probe	pass	2	compile;match-diagnostics
testdir:escape_iface.go	testdir	ATTEMPTED	FAIL	unfinished-recipe-probe	pass	2	compile;match-diagnostics
testdir:escape_iface_data.go	testdir	ATTEMPTED	FAIL	unfinished-recipe-probe	pass	2	compile;match-diagnostics
testdir:escape_indir.go	testdir	ATTEMPTED	FAIL	unfinished-recipe-probe	pass	2	compile;match-diagnostics
testdir:escape_level.go	testdir	ATTEMPTED	FAIL	unfinished-recipe-probe	pass	2	compile;match-diagnostics
testdir:escape_make_non_const.go	testdir	ATTEMPTED	FAIL	unfinished-recipe-probe	pass	2	compile;match-diagnostics
testdir:escape_map.go	testdir	ATTEMPTED	FAIL	unfinished-recipe-probe	pass	2	compile;match-diagnostics
testdir:escape_mutations.go	testdir	ATTEMPTED	FAIL	unfinished-recipe-probe	pass	2	compile;match-diagnostics
testdir:escape_param.go	testdir	ATTEMPTED	FAIL	unfinished-recipe-probe	pass	2	compile;match-diagnostics
testdir:escape_reflect.go	testdir	ATTEMPTED	FAIL	unfinished-recipe-probe	pass	2	compile;match-diagnostics
testdir:escape_runtime_atomic.go	testdir	ATTEMPTED	FAIL	unfinished-recipe-probe	pass	2	compile;match-diagnostics
testdir:escape_selfassign.go	testdir	ATTEMPTED	FAIL	unfinished-recipe-probe	pass	2	compile;match-diagnostics
testdir:escape_slice.go	testdir	ATTEMPTED	FAIL	unfinished-recipe-probe	pass	2	compile;match-diagnostics
testdir:escape_struct_param1.go	testdir	ATTEMPTED	FAIL	unfinished-recipe-probe	pass	2	compile;match-diagnostics
testdir:escape_struct_param2.go	testdir	ATTEMPTED	FAIL	unfinished-recipe-probe	pass	2	compile;match-diagnostics
testdir:escape_struct_return.go	testdir	ATTEMPTED	FAIL	unfinished-recipe-probe	pass	2	compile;match-diagnostics
testdir:escape_sync_atomic.go	testdir	ATTEMPTED	FAIL	unfinished-recipe-probe	pass	2	compile;match-diagnostics
testdir:escape_unique.go	testdir	ATTEMPTED	FAIL	unfinished-recipe-probe	pass	2	compile;match-diagnostics
testdir:escape_unsafe.go	testdir	ATTEMPTED	FAIL	unfinished-recipe-probe	pass	2	compile;match-diagnostics
testdir:fibo.go	testdir	ATTEMPTED	UPSTREAM_SKIP	native-skip	skip	0	
testdir:finprofiled.go	testdir	ATTEMPTED	FAIL	simple-execution	pass	0	
testdir:fixedbugs/arm64bitfieldoverlap.go	testdir	ATTEMPTED	FAIL	unfinished-recipe-probe	pass	1	compile
testdir:fixedbugs/bug000.go	testdir	ATTEMPTED	PASS	simple-execution	pass	0	
testdir:fixedbugs/bug002.go	testdir	ATTEMPTED	PASS	simple-execution	pass	0	
testdir:fixedbugs/bug003.go	testdir	ATTEMPTED	PASS	simple-execution	pass	0	
testdir:fixedbugs/bug004.go	testdir	ATTEMPTED	PASS	simple-execution	pass	0	
testdir:fixedbugs/bug005.go	testdir	ATTEMPTED	FAIL	simple-execution	pass	0	
testdir:fixedbugs/bug006.go	testdir	ATTEMPTED	PASS	simple-execution	pass	0	
testdir:fixedbugs/bug007.go	testdir	ATTEMPTED	PASS	simple-execution	pass	0	
testdir:fixedbugs/bug008.go	testdir	ATTEMPTED	PASS	simple-execution	pass	0	
testdir:fixedbugs/bug009.go	testdir	ATTEMPTED	PASS	simple-execution	pass	0	
testdir:fixedbugs/bug010.go	testdir	ATTEMPTED	PASS	simple-execution	pass	0	
testdir:fixedbugs/bug011.go	testdir	ATTEMPTED	PASS	simple-execution	pass	0	
testdir:fixedbugs/bug012.go	testdir	ATTEMPTED	PASS	simple-execution	pass	0	
testdir:fixedbugs/bug013.go	testdir	ATTEMPTED	PASS	simple-execution	pass	0	
testdir:fixedbugs/bug014.go	testdir	ATTEMPTED	FAIL	diagnostic-matcher	pass	0	
testdir:fixedbugs/bug015.go	testdir	ATTEMPTED	PASS	diagnostic-matcher	pass	0	
testdir:fixedbugs/bug016.go	testdir	ATTEMPTED	PASS	diagnostic-matcher	pass	0	
testdir:fixedbugs/bug017.go	testdir	ATTEMPTED	PASS	simple-execution	pass	0	
testdir:fixedbugs/bug020.go	testdir	ATTEMPTED	PASS	simple-execution	pass	0	
testdir:fixedbugs/bug021.go	testdir	ATTEMPTED	PASS	simple-execution	pass	0	
testdir:fixedbugs/bug022.go	testdir	ATTEMPTED	PASS	diagnostic-matcher	pass	0	
testdir:fixedbugs/bug023.go	testdir	ATTEMPTED	PASS	simple-execution	pass	0	
testdir:fixedbugs/bug024.go	testdir	ATTEMPTED	PASS	simple-execution	pass	0	
testdir:fixedbugs/bug026.go	testdir	ATTEMPTED	FAIL	simple-execution	pass	0	
testdir:fixedbugs/bug027.go	testdir	ATTEMPTED	FAIL	simple-execution	pass	0	
testdir:fixedbugs/bug028.go	testdir	ATTEMPTED	PASS	simple-execution	pass	0	
testdir:fixedbugs/bug030.go	testdir	ATTEMPTED	PASS	diagnostic-matcher	pass	0	
testdir:fixedbugs/bug031.go	testdir	ATTEMPTED	PASS	simple-execution	pass	0	
testdir:fixedbugs/bug035.go	testdir	ATTEMPTED	PASS	diagnostic-matcher	pass	0	
testdir:fixedbugs/bug037.go	testdir	ATTEMPTED	PASS	diagnostic-matcher	pass	0	
testdir:fixedbugs/bug039.go	testdir	ATTEMPTED	FAIL	diagnostic-matcher	pass	0	
testdir:fixedbugs/bug040.go	testdir	ATTEMPTED	FAIL	diagnostic-matcher	pass	0	
testdir:fixedbugs/bug045.go	testdir	ATTEMPTED	FAIL	simple-execution	pass	0	
testdir:fixedbugs/bug046.go	testdir	ATTEMPTED	PASS	diagnostic-matcher	pass	0	
testdir:fixedbugs/bug047.go	testdir	ATTEMPTED	FAIL	simple-execution	pass	0	
testdir:fixedbugs/bug048.go	testdir	ATTEMPTED	PASS	simple-execution	pass	0	
testdir:fixedbugs/bug049.go	testdir	ATTEMPTED	PASS	diagnostic-matcher	pass	0	
testdir:fixedbugs/bug050.go	testdir	ATTEMPTED	FAIL	unfinished-recipe-probe	pass	2	compile;match-diagnostics
testdir:fixedbugs/bug051.go	testdir	ATTEMPTED	PASS	diagnostic-matcher	pass	0	
testdir:fixedbugs/bug052.go	testdir	ATTEMPTED	PASS	simple-execution	pass	0	
testdir:fixedbugs/bug053.go	testdir	ATTEMPTED	PASS	simple-execution	pass	0	
testdir:fixedbugs/bug054.go	testdir	ATTEMPTED	FAIL	simple-execution	pass	0	
testdir:fixedbugs/bug055.go	testdir	ATTEMPTED	PASS	simple-execution	pass	0	
testdir:fixedbugs/bug056.go	testdir	ATTEMPTED	PASS	simple-execution	pass	0	
testdir:fixedbugs/bug057.go	testdir	ATTEMPTED	FAIL	simple-execution	pass	0	
testdir:fixedbugs/bug058.go	testdir	ATTEMPTED	PASS	simple-execution	pass	0	
testdir:fixedbugs/bug059.go	testdir	ATTEMPTED	FAIL	simple-execution	pass	0	
testdir:fixedbugs/bug060.go	testdir	ATTEMPTED	PASS	simple-execution	pass	0	
testdir:fixedbugs/bug061.go	testdir	ATTEMPTED	FAIL	simple-execution	pass	0	
testdir:fixedbugs/bug062.go	testdir	ATTEMPTED	PASS	diagnostic-matcher	pass	0	
testdir:fixedbugs/bug063.go	testdir	ATTEMPTED	PASS	simple-execution	pass	0	
testdir:fixedbugs/bug064.go	testdir	ATTEMPTED	PASS	simple-execution	pass	0	
testdir:fixedbugs/bug065.go	testdir	ATTEMPTED	PASS	simple-execution	pass	0	
testdir:fixedbugs/bug066.go	testdir	ATTEMPTED	FAIL	simple-execution	pass	0	
testdir:fixedbugs/bug067.go	testdir	ATTEMPTED	PASS	simple-execution	pass	0	
testdir:fixedbugs/bug068.go	testdir	ATTEMPTED	FAIL	diagnostic-matcher	pass	0	
testdir:fixedbugs/bug069.go	testdir	ATTEMPTED	FAIL	simple-execution	pass	0	
testdir:fixedbugs/bug070.go	testdir	ATTEMPTED	FAIL	simple-execution	pass	0	
testdir:fixedbugs/bug071.go	testdir	ATTEMPTED	FAIL	simple-execution	pass	0	
testdir:fixedbugs/bug072.go	testdir	ATTEMPTED	PASS	diagnostic-matcher	pass	0	
testdir:fixedbugs/bug073.go	testdir	ATTEMPTED	PASS	simple-execution	pass	0	
testdir:fixedbugs/bug074.go	testdir	ATTEMPTED	PASS	diagnostic-matcher	pass	0	
testdir:fixedbugs/bug075.go	testdir	ATTEMPTED	FAIL	simple-execution	pass	0	
testdir:fixedbugs/bug076.go	testdir	ATTEMPTED	FAIL	simple-execution	pass	0	
testdir:fixedbugs/bug077.go	testdir	ATTEMPTED	FAIL	simple-execution	pass	0	
testdir:fixedbugs/bug078.go	testdir	ATTEMPTED	PASS	simple-execution	pass	0	
testdir:fixedbugs/bug080.go	testdir	ATTEMPTED	PASS	simple-execution	pass	0	
testdir:fixedbugs/bug081.go	testdir	ATTEMPTED	PASS	diagnostic-matcher	pass	0	
testdir:fixedbugs/bug082.go	testdir	ATTEMPTED	PASS	simple-execution	pass	0	
testdir:fixedbugs/bug083.go	testdir	ATTEMPTED	FAIL	unfinished-recipe-probe	pass	2	compile-packages-in-order;match-diagnostics
testdir:fixedbugs/bug084.go	testdir	ATTEMPTED	FAIL	simple-execution	pass	0	
testdir:fixedbugs/bug085.go	testdir	ATTEMPTED	PASS	diagnostic-matcher	pass	0	
testdir:fixedbugs/bug086.go	testdir	ATTEMPTED	PASS	diagnostic-matcher	pass	0	
testdir:fixedbugs/bug087.go	testdir	ATTEMPTED	PASS	simple-execution	pass	0	
testdir:fixedbugs/bug088.go	testdir	ATTEMPTED	FAIL	unfinished-recipe-probe	pass	1	compile-packages-in-order
testdir:fixedbugs/bug089.go	testdir	ATTEMPTED	FAIL	simple-execution	pass	0	
testdir:fixedbugs/bug090.go	testdir	ATTEMPTED	PASS	diagnostic-matcher	pass	0	
testdir:fixedbugs/bug091.go	testdir	ATTEMPTED	PASS	diagnostic-matcher	pass	0	
testdir:fixedbugs/bug092.go	testdir	ATTEMPTED	PASS	simple-execution	pass	0	
testdir:fixedbugs/bug093.go	testdir	ATTEMPTED	PASS	simple-execution	pass	0	
testdir:fixedbugs/bug094.go	testdir	ATTEMPTED	PASS	simple-execution	pass	0	
testdir:fixedbugs/bug096.go	testdir	ATTEMPTED	PASS	simple-execution	pass	0	
testdir:fixedbugs/bug097.go	testdir	ATTEMPTED	PASS	simple-execution	pass	0	
testdir:fixedbugs/bug098.go	testdir	ATTEMPTED	PASS	simple-execution	pass	0	
testdir:fixedbugs/bug099.go	testdir	ATTEMPTED	FAIL	simple-execution	pass	0	
testdir:fixedbugs/bug101.go	testdir	ATTEMPTED	PASS	simple-execution	pass	0	
testdir:fixedbugs/bug102.go	testdir	ATTEMPTED	PASS	simple-execution	pass	0	
testdir:fixedbugs/bug103.go	testdir	ATTEMPTED	PASS	diagnostic-matcher	pass	0	
testdir:fixedbugs/bug104.go	testdir	ATTEMPTED	PASS	diagnostic-matcher	pass	0	
testdir:fixedbugs/bug106.go	testdir	ATTEMPTED	FAIL	unfinished-recipe-probe	pass	1	compile-packages-in-order
testdir:fixedbugs/bug107.go	testdir	ATTEMPTED	PASS	diagnostic-matcher	pass	0	
testdir:fixedbugs/bug108.go	testdir	ATTEMPTED	PASS	diagnostic-matcher	pass	0	
testdir:fixedbugs/bug109.go	testdir	ATTEMPTED	PASS	simple-execution	pass	0	
testdir:fixedbugs/bug110.go	testdir	ATTEMPTED	PASS	simple-execution	pass	0	
testdir:fixedbugs/bug111.go	testdir	ATTEMPTED	FAIL	simple-execution	pass	0	
testdir:fixedbugs/bug112.go	testdir	ATTEMPTED	PASS	simple-execution	pass	0	
testdir:fixedbugs/bug113.go	testdir	ATTEMPTED	FAIL	simple-execution	pass	0	
testdir:fixedbugs/bug114.go	testdir	ATTEMPTED	FAIL	unfinished-recipe-probe	pass	4	compile-or-build;link-if-needed;run;match-output
testdir:fixedbugs/bug115.go	testdir	ATTEMPTED	FAIL	simple-execution	pass	0	
testdir:fixedbugs/bug116.go	testdir	ATTEMPTED	PASS	simple-execution	pass	0	
testdir:fixedbugs/bug117.go	testdir	ATTEMPTED	PASS	diagnostic-matcher	pass	0	
testdir:fixedbugs/bug118.go	testdir	ATTEMPTED	PASS	simple-execution	pass	0	
testdir:fixedbugs/bug119.go	testdir	ATTEMPTED	PASS	simple-execution	pass	0	
testdir:fixedbugs/bug120.go	testdir	ATTEMPTED	PASS	simple-execution	pass	0	
testdir:fixedbugs/bug121.go	testdir	ATTEMPTED	FAIL	diagnostic-matcher	pass	0	
testdir:fixedbugs/bug122.go	testdir	ATTEMPTED	PASS	diagnostic-matcher	pass	0	
testdir:fixedbugs/bug123.go	testdir	ATTEMPTED	PASS	diagnostic-matcher	pass	0	
testdir:fixedbugs/bug126.go	testdir	ATTEMPTED	FAIL	diagnostic-matcher	pass	0	
testdir:fixedbugs/bug127.go	testdir	ATTEMPTED	PASS	diagnostic-matcher	pass	0	
testdir:fixedbugs/bug128.go	testdir	ATTEMPTED	PASS	simple-execution	pass	0	
testdir:fixedbugs/bug129.go	testdir	ATTEMPTED	PASS	simple-execution	pass	0	
testdir:fixedbugs/bug130.go	testdir	ATTEMPTED	PASS	simple-execution	pass	0	
testdir:fixedbugs/bug131.go	testdir	ATTEMPTED	PASS	diagnostic-matcher	pass	0	
testdir:fixedbugs/bug132.go	testdir	ATTEMPTED	FAIL	diagnostic-matcher	pass	0	
testdir:fixedbugs/bug133.go	testdir	ATTEMPTED	FAIL	unfinished-recipe-probe	pass	2	compile-packages-in-order;match-diagnostics
testdir:fixedbugs/bug13343.go	testdir	ATTEMPTED	FAIL	diagnostic-matcher	pass	0	
testdir:fixedbugs/bug135.go	testdir	ATTEMPTED	FAIL	simple-execution	pass	0	
testdir:fixedbugs/bug136.go	testdir	ATTEMPTED	FAIL	diagnostic-matcher	pass	0	
testdir:fixedbugs/bug137.go	testdir	ATTEMPTED	FAIL	simple-execution	pass	0	
testdir:fixedbugs/bug139.go	testdir	ATTEMPTED	PASS	simple-execution	pass	0	
testdir:fixedbugs/bug140.go	testdir	ATTEMPTED	FAIL	simple-execution	pass	0	
testdir:fixedbugs/bug141.go	testdir	ATTEMPTED	PASS	simple-execution	pass	0	
testdir:fixedbugs/bug142.go	testdir	ATTEMPTED	PASS	simple-execution	pass	0	
testdir:fixedbugs/bug143.go	testdir	ATTEMPTED	FAIL	simple-execution	pass	0	
testdir:fixedbugs/bug144.go	testdir	ATTEMPTED	PASS	simple-execution	pass	0	
testdir:fixedbugs/bug145.go	testdir	ATTEMPTED	PASS	simple-execution	pass	0	
testdir:fixedbugs/bug146.go	testdir	ATTEMPTED	PASS	diagnostic-matcher	pass	0	
testdir:fixedbugs/bug147.go	testdir	ATTEMPTED	PASS	simple-execution	pass	0	
testdir:fixedbugs/bug148.go	testdir	ATTEMPTED	FAIL	simple-execution	pass	0	
testdir:fixedbugs/bug149.go	testdir	ATTEMPTED	PASS	simple-execution	pass	0	
testdir:fixedbugs/bug150.go	testdir	ATTEMPTED	FAIL	simple-execution	pass	0	
testdir:fixedbugs/bug151.go	testdir	ATTEMPTED	FAIL	simple-execution	pass	0	
testdir:fixedbugs/bug1515.go	testdir	ATTEMPTED	PASS	simple-execution	pass	0	
testdir:fixedbugs/bug152.go	testdir	ATTEMPTED	FAIL	simple-execution	pass	0	
testdir:fixedbugs/bug154.go	testdir	ATTEMPTED	PASS	simple-execution	pass	0	
testdir:fixedbugs/bug155.go	testdir	ATTEMPTED	PASS	simple-execution	pass	0	
testdir:fixedbugs/bug156.go	testdir	ATTEMPTED	PASS	simple-execution	pass	0	
testdir:fixedbugs/bug157.go	testdir	ATTEMPTED	PASS	simple-execution	pass	0	
testdir:fixedbugs/bug158.go	testdir	ATTEMPTED	PASS	simple-execution	pass	0	
testdir:fixedbugs/bug159.go	testdir	ATTEMPTED	PASS	simple-execution	pass	0	
testdir:fixedbugs/bug160.go	testdir	ATTEMPTED	FAIL	unfinished-recipe-probe	pass	4	compile-packages-in-order;link;run;match-output
testdir:fixedbugs/bug161.go	testdir	ATTEMPTED	PASS	simple-execution	pass	0	
testdir:fixedbugs/bug163.go	testdir	ATTEMPTED	FAIL	diagnostic-matcher	pass	0	
testdir:fixedbugs/bug164.go	testdir	ATTEMPTED	PASS	simple-execution	pass	0	
testdir:fixedbugs/bug165.go	testdir	ATTEMPTED	PASS	diagnostic-matcher	pass	0	
testdir:fixedbugs/bug167.go	testdir	ATTEMPTED	PASS	simple-execution	pass	0	
testdir:fixedbugs/bug168.go	testdir	ATTEMPTED	PASS	simple-execution	pass	0	
testdir:fixedbugs/bug169.go	testdir	ATTEMPTED	FAIL	diagnostic-matcher	pass	0	
testdir:fixedbugs/bug170.go	testdir	ATTEMPTED	PASS	diagnostic-matcher	pass	0	
testdir:fixedbugs/bug171.go	testdir	ATTEMPTED	PASS	diagnostic-matcher	pass	0	
testdir:fixedbugs/bug172.go	testdir	ATTEMPTED	PASS	diagnostic-matcher	pass	0	
testdir:fixedbugs/bug173.go	testdir	ATTEMPTED	FAIL	simple-execution	pass	0	
testdir:fixedbugs/bug174.go	testdir	ATTEMPTED	PASS	simple-execution	pass	0	
testdir:fixedbugs/bug175.go	testdir	ATTEMPTED	PASS	diagnostic-matcher	pass	0	
testdir:fixedbugs/bug176.go	testdir	ATTEMPTED	PASS	diagnostic-matcher	pass	0	
testdir:fixedbugs/bug177.go	testdir	ATTEMPTED	FAIL	simple-execution	pass	0	
testdir:fixedbugs/bug178.go	testdir	ATTEMPTED	FAIL	simple-execution	pass	0	
testdir:fixedbugs/bug179.go	testdir	ATTEMPTED	FAIL	diagnostic-matcher	pass	0	
testdir:fixedbugs/bug180.go	testdir	ATTEMPTED	PASS	simple-execution	pass	0	
testdir:fixedbugs/bug181.go	testdir	ATTEMPTED	PASS	diagnostic-matcher	pass	0	
testdir:fixedbugs/bug182.go	testdir	ATTEMPTED	PASS	diagnostic-matcher	pass	0	
testdir:fixedbugs/bug183.go	testdir	ATTEMPTED	PASS	diagnostic-matcher	pass	0	
testdir:fixedbugs/bug184.go	testdir	ATTEMPTED	FAIL	simple-execution	pass	0	
testdir:fixedbugs/bug185.go	testdir	ATTEMPTED	PASS	simple-execution	pass	0	
testdir:fixedbugs/bug186.go	testdir	ATTEMPTED	PASS	diagnostic-matcher	pass	0	
testdir:fixedbugs/bug187.go	testdir	ATTEMPTED	PASS	simple-execution	pass	0	
testdir:fixedbugs/bug188.go	testdir	ATTEMPTED	FAIL	unfinished-recipe-probe	pass	2	compile;match-diagnostics
testdir:fixedbugs/bug189.go	testdir	ATTEMPTED	PASS	diagnostic-matcher	pass	0	
testdir:fixedbugs/bug190.go	testdir	ATTEMPTED	FAIL	simple-execution	pass	0	
testdir:fixedbugs/bug191.go	testdir	ATTEMPTED	FAIL	unfinished-recipe-probe	pass	4	compile-packages-in-order;link;run;match-output
testdir:fixedbugs/bug192.go	testdir	ATTEMPTED	FAIL	diagnostic-matcher	pass	0	
testdir:fixedbugs/bug193.go	testdir	ATTEMPTED	PASS	diagnostic-matcher	pass	0	
testdir:fixedbugs/bug194.go	testdir	ATTEMPTED	PASS	simple-execution	pass	0	
testdir:fixedbugs/bug19403.go	testdir	ATTEMPTED	PASS	simple-execution	pass	0	
testdir:fixedbugs/bug195.go	testdir	ATTEMPTED	FAIL	unfinished-recipe-probe	pass	2	compile;match-diagnostics
testdir:fixedbugs/bug196.go	testdir	ATTEMPTED	FAIL	simple-execution	pass	0	
testdir:fixedbugs/bug197.go	testdir	ATTEMPTED	PASS	diagnostic-matcher	pass	0	
testdir:fixedbugs/bug198.go	testdir	ATTEMPTED	PASS	diagnostic-matcher	pass	0	
testdir:fixedbugs/bug199.go	testdir	ATTEMPTED	PASS	simple-execution	pass	0	
testdir:fixedbugs/bug200.go	testdir	ATTEMPTED	FAIL	diagnostic-matcher	pass	0	
testdir:fixedbugs/bug201.go	testdir	ATTEMPTED	PASS	simple-execution	pass	0	
testdir:fixedbugs/bug202.go	testdir	ATTEMPTED	PASS	simple-execution	pass	0	
testdir:fixedbugs/bug203.go	testdir	ATTEMPTED	FAIL	simple-execution	pass	0	
testdir:fixedbugs/bug204.go	testdir	ATTEMPTED	PASS	simple-execution	pass	0	
testdir:fixedbugs/bug205.go	testdir	ATTEMPTED	PASS	diagnostic-matcher	pass	0	
testdir:fixedbugs/bug206.go	testdir	ATTEMPTED	FAIL	simple-execution	pass	0	
testdir:fixedbugs/bug207.go	testdir	ATTEMPTED	PASS	simple-execution	pass	0	
testdir:fixedbugs/bug208.go	testdir	ATTEMPTED	PASS	diagnostic-matcher	pass	0	
testdir:fixedbugs/bug209.go	testdir	ATTEMPTED	PASS	diagnostic-matcher	pass	0	
testdir:fixedbugs/bug212.go	testdir	ATTEMPTED	PASS	diagnostic-matcher	pass	0	
testdir:fixedbugs/bug213.go	testdir	ATTEMPTED	PASS	diagnostic-matcher	pass	0	
testdir:fixedbugs/bug214.go	testdir	ATTEMPTED	FAIL	simple-execution	pass	0	
testdir:fixedbugs/bug215.go	testdir	ATTEMPTED	PASS	diagnostic-matcher	pass	0	
testdir:fixedbugs/bug216.go	testdir	ATTEMPTED	PASS	simple-execution	pass	0	
testdir:fixedbugs/bug217.go	testdir	ATTEMPTED	PASS	diagnostic-matcher	pass	0	
testdir:fixedbugs/bug218.go	testdir	ATTEMPTED	PASS	simple-execution	pass	0	
testdir:fixedbugs/bug219.go	testdir	ATTEMPTED	PASS	simple-execution	pass	0	
testdir:fixedbugs/bug221.go	testdir	ATTEMPTED	PASS	simple-execution	pass	0	
testdir:fixedbugs/bug222.go	testdir	ATTEMPTED	FAIL	unfinished-recipe-probe	pass	1	compile-packages-in-order
testdir:fixedbugs/bug223.go	testdir	ATTEMPTED	FAIL	diagnostic-matcher	pass	0	
testdir:fixedbugs/bug224.go	testdir	ATTEMPTED	PASS	diagnostic-matcher	pass	0	
testdir:fixedbugs/bug225.go	testdir	ATTEMPTED	FAIL	simple-execution	pass	0	
testdir:fixedbugs/bug227.go	testdir	ATTEMPTED	PASS	simple-execution	pass	0	
testdir:fixedbugs/bug228.go	testdir	ATTEMPTED	FAIL	diagnostic-matcher	pass	0	
testdir:fixedbugs/bug228a.go	testdir	ATTEMPTED	PASS	diagnostic-matcher	pass	0	
testdir:fixedbugs/bug229.go	testdir	ATTEMPTED	PASS	diagnostic-matcher	pass	0	
testdir:fixedbugs/bug230.go	testdir	ATTEMPTED	PASS	simple-execution	pass	0	
testdir:fixedbugs/bug231.go	testdir	ATTEMPTED	PASS	diagnostic-matcher	pass	0	
testdir:fixedbugs/bug232.go	testdir	ATTEMPTED	PASS	simple-execution	pass	0	
testdir:fixedbugs/bug233.go	testdir	ATTEMPTED	FAIL	simple-execution	pass	0	
testdir:fixedbugs/bug234.go	testdir	ATTEMPTED	PASS	simple-execution	pass	0	
testdir:fixedbugs/bug235.go	testdir	ATTEMPTED	FAIL	simple-execution	pass	0	
testdir:fixedbugs/bug236.go	testdir	ATTEMPTED	PASS	simple-execution	pass	0	
testdir:fixedbugs/bug237.go	testdir	ATTEMPTED	FAIL	simple-execution	pass	0	
testdir:fixedbugs/bug238.go	testdir	ATTEMPTED	PASS	diagnostic-matcher	pass	0	
testdir:fixedbugs/bug239.go	testdir	ATTEMPTED	PASS	simple-execution	pass	0	
testdir:fixedbugs/bug240.go	testdir	ATTEMPTED	PASS	diagnostic-matcher	pass	0	
testdir:fixedbugs/bug241.go	testdir	ATTEMPTED	PASS	diagnostic-matcher	pass	0	
testdir:fixedbugs/bug242.go	testdir	ATTEMPTED	FAIL	simple-execution	pass	0	
testdir:fixedbugs/bug243.go	testdir	ATTEMPTED	FAIL	simple-execution	pass	0	
testdir:fixedbugs/bug244.go	testdir	ATTEMPTED	PASS	simple-execution	pass	0	
testdir:fixedbugs/bug245.go	testdir	ATTEMPTED	FAIL	simple-execution	pass	0	
testdir:fixedbugs/bug246.go	testdir	ATTEMPTED	FAIL	simple-execution	pass	0	
testdir:fixedbugs/bug247.go	testdir	ATTEMPTED	PASS	simple-execution	pass	0	
testdir:fixedbugs/bug248.go	testdir	ATTEMPTED	FAIL	unfinished-recipe-probe	pass	6	compile-packages-in-order;match-diagnostics;compile-packages-in-order;link;run;match-output
testdir:fixedbugs/bug249.go	testdir	ATTEMPTED	PASS	diagnostic-matcher	pass	0	
testdir:fixedbugs/bug250.go	testdir	ATTEMPTED	PASS	simple-execution	pass	0	
testdir:fixedbugs/bug251.go	testdir	ATTEMPTED	FAIL	diagnostic-matcher	pass	0	
testdir:fixedbugs/bug252.go	testdir	ATTEMPTED	PASS	diagnostic-matcher	pass	0	
testdir:fixedbugs/bug253.go	testdir	ATTEMPTED	PASS	simple-execution	pass	0	
testdir:fixedbugs/bug254.go	testdir	ATTEMPTED	FAIL	simple-execution	pass	0	
testdir:fixedbugs/bug255.go	testdir	ATTEMPTED	PASS	diagnostic-matcher	pass	0	
testdir:fixedbugs/bug256.go	testdir	ATTEMPTED	PASS	diagnostic-matcher	pass	0	
testdir:fixedbugs/bug257.go	testdir	ATTEMPTED	FAIL	simple-execution	pass	0	
testdir:fixedbugs/bug258.go	testdir	ATTEMPTED	PASS	simple-execution	pass	0	
testdir:fixedbugs/bug259.go	testdir	ATTEMPTED	PASS	simple-execution	pass	0	
testdir:fixedbugs/bug260.go	testdir	ATTEMPTED	FAIL	simple-execution	pass	0	
testdir:fixedbugs/bug261.go	testdir	ATTEMPTED	PASS	simple-execution	pass	0	
testdir:fixedbugs/bug262.go	testdir	ATTEMPTED	FAIL	simple-execution	pass	0	
testdir:fixedbugs/bug263.go	testdir	ATTEMPTED	PASS	simple-execution	pass	0	
testdir:fixedbugs/bug264.go	testdir	ATTEMPTED	PASS	simple-execution	pass	0	
testdir:fixedbugs/bug265.go	testdir	ATTEMPTED	PASS	simple-execution	pass	0	
testdir:fixedbugs/bug266.go	testdir	ATTEMPTED	PASS	simple-execution	pass	0	
testdir:fixedbugs/bug267.go	testdir	ATTEMPTED	PASS	simple-execution	pass	0	
testdir:fixedbugs/bug269.go	testdir	ATTEMPTED	FAIL	simple-execution	pass	0	
testdir:fixedbugs/bug271.go	testdir	ATTEMPTED	PASS	simple-execution	pass	0	
testdir:fixedbugs/bug272.go	testdir	ATTEMPTED	FAIL	simple-execution	pass	0	
testdir:fixedbugs/bug273.go	testdir	ATTEMPTED	FAIL	simple-execution	pass	0	
testdir:fixedbugs/bug274.go	testdir	ATTEMPTED	FAIL	diagnostic-matcher	pass	0	
testdir:fixedbugs/bug275.go	testdir	ATTEMPTED	PASS	simple-execution	pass	0	
testdir:fixedbugs/bug276.go	testdir	ATTEMPTED	PASS	simple-execution	pass	0	
testdir:fixedbugs/bug277.go	testdir	ATTEMPTED	PASS	simple-execution	pass	0	
testdir:fixedbugs/bug278.go	testdir	ATTEMPTED	PASS	diagnostic-matcher	pass	0	
testdir:fixedbugs/bug279.go	testdir	ATTEMPTED	FAIL	simple-execution	pass	0	
testdir:fixedbugs/bug280.go	testdir	ATTEMPTED	PASS	diagnostic-matcher	pass	0	
testdir:fixedbugs/bug281.go	testdir	ATTEMPTED	PASS	simple-execution	pass	0	
testdir:fixedbugs/bug282.go	testdir	ATTEMPTED	FAIL	unfinished-recipe-probe	pass	1	compile-packages-in-order
testdir:fixedbugs/bug283.go	testdir	ATTEMPTED	FAIL	simple-execution	pass	0	
testdir:fixedbugs/bug284.go	testdir	ATTEMPTED	PASS	diagnostic-matcher	pass	0	
testdir:fixedbugs/bug285.go	testdir	ATTEMPTED	FAIL	simple-execution	pass	0	
testdir:fixedbugs/bug286.go	testdir	ATTEMPTED	FAIL	simple-execution	pass	0	
testdir:fixedbugs/bug287.go	testdir	ATTEMPTED	PASS	diagnostic-matcher	pass	0	
testdir:fixedbugs/bug288.go	testdir	ATTEMPTED	PASS	simple-execution	pass	0	
testdir:fixedbugs/bug289.go	testdir	ATTEMPTED	PASS	diagnostic-matcher	pass	0	
testdir:fixedbugs/bug290.go	testdir	ATTEMPTED	PASS	simple-execution	pass	0	
testdir:fixedbugs/bug291.go	testdir	ATTEMPTED	PASS	simple-execution	pass	0	
testdir:fixedbugs/bug292.go	testdir	ATTEMPTED	FAIL	simple-execution	pass	0	
testdir:fixedbugs/bug293.go	testdir	ATTEMPTED	PASS	simple-execution	pass	0	
testdir:fixedbugs/bug294.go	testdir	ATTEMPTED	FAIL	simple-execution	pass	0	
testdir:fixedbugs/bug295.go	testdir	ATTEMPTED	FAIL	simple-execution	pass	0	
testdir:fixedbugs/bug296.go	testdir	ATTEMPTED	PASS	simple-execution	pass	0	
testdir:fixedbugs/bug297.go	testdir	ATTEMPTED	FAIL	unfinished-recipe-probe	pass	2	compile;match-diagnostics
testdir:fixedbugs/bug298.go	testdir	ATTEMPTED	PASS	diagnostic-matcher	pass	0	
testdir:fixedbugs/bug299.go	testdir	ATTEMPTED	PASS	diagnostic-matcher	pass	0	
testdir:fixedbugs/bug300.go	testdir	ATTEMPTED	FAIL	diagnostic-matcher	pass	0	
testdir:fixedbugs/bug301.go	testdir	ATTEMPTED	PASS	simple-execution	pass	0	
testdir:fixedbugs/bug303.go	testdir	ATTEMPTED	PASS	simple-execution	pass	0	
testdir:fixedbugs/bug304.go	testdir	ATTEMPTED	FAIL	simple-execution	pass	0	
testdir:fixedbugs/bug305.go	testdir	ATTEMPTED	PASS	diagnostic-matcher	pass	0	
testdir:fixedbugs/bug306.go	testdir	ATTEMPTED	FAIL	unfinished-recipe-probe	pass	1	compile-packages-in-order
testdir:fixedbugs/bug307.go	testdir	ATTEMPTED	PASS	simple-execution	pass	0	
testdir:fixedbugs/bug308.go	testdir	ATTEMPTED	PASS	simple-execution	pass	0	
testdir:fixedbugs/bug309.go	testdir	ATTEMPTED	PASS	simple-execution	pass	0	
testdir:fixedbugs/bug311.go	testdir	ATTEMPTED	PASS	simple-execution	pass	0	
testdir:fixedbugs/bug312.go	testdir	ATTEMPTED	FAIL	simple-execution	pass	0	
testdir:fixedbugs/bug313.go	testdir	ATTEMPTED	FAIL	unfinished-recipe-probe	pass	2	compile-packages-in-order;match-diagnostics
testdir:fixedbugs/bug314.go	testdir	ATTEMPTED	PASS	simple-execution	pass	0	
testdir:fixedbugs/bug315.go	testdir	ATTEMPTED	PASS	simple-execution	pass	0	
testdir:fixedbugs/bug316.go	testdir	ATTEMPTED	PASS	simple-execution	pass	0	
testdir:fixedbugs/bug317.go	testdir	ATTEMPTED	PASS	simple-execution	pass	0	
testdir:fixedbugs/bug318.go	testdir	ATTEMPTED	PASS	diagnostic-matcher	pass	0	
testdir:fixedbugs/bug319.go	testdir	ATTEMPTED	PASS	simple-execution	pass	0	
testdir:fixedbugs/bug320.go	testdir	ATTEMPTED	PASS	simple-execution	pass	0	
testdir:fixedbugs/bug321.go	testdir	ATTEMPTED	FAIL	simple-execution	pass	0	
testdir:fixedbugs/bug322.go	testdir	ATTEMPTED	FAIL	unfinished-recipe-probe	pass	4	compile-packages-in-order;link;run;match-output
testdir:fixedbugs/bug323.go	testdir	ATTEMPTED	PASS	diagnostic-matcher	pass	0	
testdir:fixedbugs/bug324.go	testdir	ATTEMPTED	FAIL	unfinished-recipe-probe	pass	4	compile-packages-in-order;link;run;match-output
testdir:fixedbugs/bug325.go	testdir	ATTEMPTED	PASS	diagnostic-matcher	pass	0	
testdir:fixedbugs/bug326.go	testdir	ATTEMPTED	PASS	diagnostic-matcher	pass	0	
testdir:fixedbugs/bug327.go	testdir	ATTEMPTED	FAIL	simple-execution	pass	0	
testdir:fixedbugs/bug328.go	testdir	ATTEMPTED	FAIL	simple-execution	pass	0	
testdir:fixedbugs/bug329.go	testdir	ATTEMPTED	FAIL	simple-execution	pass	0	
testdir:fixedbugs/bug330.go	testdir	ATTEMPTED	PASS	diagnostic-matcher	pass	0	
testdir:fixedbugs/bug331.go	testdir	ATTEMPTED	FAIL	simple-execution	pass	0	
testdir:fixedbugs/bug332.go	testdir	ATTEMPTED	PASS	diagnostic-matcher	pass	0	
testdir:fixedbugs/bug333.go	testdir	ATTEMPTED	PASS	simple-execution	pass	0	
testdir:fixedbugs/bug334.go	testdir	ATTEMPTED	PASS	simple-execution	pass	0	
testdir:fixedbugs/bug335.go	testdir	ATTEMPTED	FAIL	unfinished-recipe-probe	pass	1	compile-packages-in-order
testdir:fixedbugs/bug336.go	testdir	ATTEMPTED	FAIL	simple-execution	pass	0	
testdir:fixedbugs/bug337.go	testdir	ATTEMPTED	PASS	diagnostic-matcher	pass	0	
testdir:fixedbugs/bug338.go	testdir	ATTEMPTED	FAIL	simple-execution	pass	0	
testdir:fixedbugs/bug339.go	testdir	ATTEMPTED	FAIL	simple-execution	pass	0	
testdir:fixedbugs/bug340.go	testdir	ATTEMPTED	PASS	diagnostic-matcher	pass	0	
testdir:fixedbugs/bug341.go	testdir	ATTEMPTED	FAIL	simple-execution	pass	0	
testdir:fixedbugs/bug342.go	testdir	ATTEMPTED	FAIL	diagnostic-matcher	pass	0	
testdir:fixedbugs/bug343.go	testdir	ATTEMPTED	FAIL	simple-execution	pass	0	
testdir:fixedbugs/bug344.go	testdir	ATTEMPTED	PASS	diagnostic-matcher	pass	0	
testdir:fixedbugs/bug345.go	testdir	ATTEMPTED	FAIL	unfinished-recipe-probe	pass	2	compile-packages-in-order;match-diagnostics
testdir:fixedbugs/bug346.go	testdir	ATTEMPTED	FAIL	simple-execution	pass	0	
testdir:fixedbugs/bug347.go	testdir	ATTEMPTED	FAIL	simple-execution	pass	0	
testdir:fixedbugs/bug348.go	testdir	ATTEMPTED	FAIL	simple-execution	pass	0	
testdir:fixedbugs/bug349.go	testdir	ATTEMPTED	FAIL	diagnostic-matcher	pass	0	
testdir:fixedbugs/bug350.go	testdir	ATTEMPTED	PASS	diagnostic-matcher	pass	0	
testdir:fixedbugs/bug351.go	testdir	ATTEMPTED	PASS	diagnostic-matcher	pass	0	
testdir:fixedbugs/bug352.go	testdir	ATTEMPTED	FAIL	simple-execution	pass	0	
testdir:fixedbugs/bug353.go	testdir	ATTEMPTED	PASS	diagnostic-matcher	pass	0	
testdir:fixedbugs/bug354.go	testdir	ATTEMPTED	PASS	simple-execution	pass	0	
testdir:fixedbugs/bug355.go	testdir	ATTEMPTED	PASS	simple-execution	pass	0	
testdir:fixedbugs/bug356.go	testdir	ATTEMPTED	PASS	simple-execution	pass	0	
testdir:fixedbugs/bug357.go	testdir	ATTEMPTED	PASS	diagnostic-matcher	pass	0	
testdir:fixedbugs/bug358.go	testdir	ATTEMPTED	FAIL	unfinished-recipe-probe	pass	2	compile;match-diagnostics
testdir:fixedbugs/bug361.go	testdir	ATTEMPTED	PASS	simple-execution	pass	0	
testdir:fixedbugs/bug362.go	testdir	ATTEMPTED	PASS	diagnostic-matcher	pass	0	
testdir:fixedbugs/bug363.go	testdir	ATTEMPTED	PASS	diagnostic-matcher	pass	0	
testdir:fixedbugs/bug364.go	testdir	ATTEMPTED	FAIL	simple-execution	pass	0	
testdir:fixedbugs/bug365.go	testdir	ATTEMPTED	PASS	diagnostic-matcher	pass	0	
testdir:fixedbugs/bug366.go	testdir	ATTEMPTED	PASS	simple-execution	pass	0	
testdir:fixedbugs/bug367.go	testdir	ATTEMPTED	FAIL	unfinished-recipe-probe	pass	4	compile-packages-in-order;link;run;match-output
testdir:fixedbugs/bug368.go	testdir	ATTEMPTED	PASS	simple-execution	pass	0	
testdir:fixedbugs/bug369.go	testdir	ATTEMPTED	FAIL	unfinished-recipe-probe	pass	4	compile-or-build;link-if-needed;run;match-output
testdir:fixedbugs/bug370.go	testdir	ATTEMPTED	PASS	simple-execution	pass	0	
testdir:fixedbugs/bug371.go	testdir	ATTEMPTED	PASS	diagnostic-matcher	pass	0	
testdir:fixedbugs/bug372.go	testdir	ATTEMPTED	FAIL	simple-execution	pass	0	
testdir:fixedbugs/bug373.go	testdir	ATTEMPTED	PASS	diagnostic-matcher	pass	0	
testdir:fixedbugs/bug374.go	testdir	ATTEMPTED	PASS	diagnostic-matcher	pass	0	
testdir:fixedbugs/bug375.go	testdir	ATTEMPTED	PASS	simple-execution	pass	0	
testdir:fixedbugs/bug376.go	testdir	ATTEMPTED	PASS	diagnostic-matcher	pass	0	
testdir:fixedbugs/bug377.go	testdir	ATTEMPTED	FAIL	unfinished-recipe-probe	pass	1	compile-packages-in-order
testdir:fixedbugs/bug378.go	testdir	ATTEMPTED	PASS	simple-execution	pass	0	
testdir:fixedbugs/bug379.go	testdir	ATTEMPTED	PASS	diagnostic-matcher	pass	0	
testdir:fixedbugs/bug380.go	testdir	ATTEMPTED	PASS	simple-execution	pass	0	
testdir:fixedbugs/bug381.go	testdir	ATTEMPTED	PASS	diagnostic-matcher	pass	0	
testdir:fixedbugs/bug382.go	testdir	ATTEMPTED	FAIL	unfinished-recipe-probe	pass	1	compile-packages-in-order
testdir:fixedbugs/bug383.go	testdir	ATTEMPTED	PASS	diagnostic-matcher	pass	0	
testdir:fixedbugs/bug384.go	testdir	ATTEMPTED	PASS	diagnostic-matcher	pass	0	
testdir:fixedbugs/bug385_32.go	testdir	ATTEMPTED	UPSTREAM_SKIP	native-skip	skip	0	
testdir:fixedbugs/bug385_64.go	testdir	ATTEMPTED	UPSTREAM_SKIP	native-skip	skip	0	
testdir:fixedbugs/bug386.go	testdir	ATTEMPTED	PASS	diagnostic-matcher	pass	0	
testdir:fixedbugs/bug387.go	testdir	ATTEMPTED	PASS	simple-execution	pass	0	
testdir:fixedbugs/bug388.go	testdir	ATTEMPTED	FAIL	diagnostic-matcher	pass	0	
testdir:fixedbugs/bug388a.go	testdir	ATTEMPTED	PASS	diagnostic-matcher	pass	0	
testdir:fixedbugs/bug389.go	testdir	ATTEMPTED	PASS	diagnostic-matcher	pass	0	
testdir:fixedbugs/bug390.go	testdir	ATTEMPTED	PASS	diagnostic-matcher	pass	0	
testdir:fixedbugs/bug391.go	testdir	ATTEMPTED	FAIL	simple-execution	pass	0	
testdir:fixedbugs/bug392.go	testdir	ATTEMPTED	FAIL	unfinished-recipe-probe	pass	1	compile-packages-in-order
testdir:fixedbugs/bug393.go	testdir	ATTEMPTED	PASS	simple-execution	pass	0	
testdir:fixedbugs/bug394.go	testdir	ATTEMPTED	PASS	diagnostic-matcher	pass	0	
testdir:fixedbugs/bug396.go	testdir	ATTEMPTED	FAIL	unfinished-recipe-probe	pass	1	compile-packages-in-order
testdir:fixedbugs/bug397.go	testdir	ATTEMPTED	FAIL	unfinished-recipe-probe	pass	2	compile;match-diagnostics
testdir:fixedbugs/bug398.go	testdir	ATTEMPTED	FAIL	diagnostic-matcher	pass	0	
testdir:fixedbugs/bug399.go	testdir	ATTEMPTED	PASS	simple-execution	pass	0	
testdir:fixedbugs/bug401.go	testdir	ATTEMPTED	FAIL	simple-execution	pass	0	
testdir:fixedbugs/bug402.go	testdir	ATTEMPTED	PASS	simple-execution	pass	0	
testdir:fixedbugs/bug403.go	testdir	ATTEMPTED	FAIL	simple-execution	pass	0	
testdir:fixedbugs/bug404.go	testdir	ATTEMPTED	FAIL	unfinished-recipe-probe	pass	1	compile-packages-in-order
testdir:fixedbugs/bug405.go	testdir	ATTEMPTED	PASS	simple-execution	pass	0	
testdir:fixedbugs/bug406.go	testdir	ATTEMPTED	FAIL	simple-execution	pass	0	
testdir:fixedbugs/bug407.go	testdir	ATTEMPTED	FAIL	unfinished-recipe-probe	pass	1	compile-packages-in-order
testdir:fixedbugs/bug409.go	testdir	ATTEMPTED	PASS	simple-execution	pass	0	
testdir:fixedbugs/bug410.go	testdir	ATTEMPTED	FAIL	simple-execution	pass	0	
testdir:fixedbugs/bug411.go	testdir	ATTEMPTED	PASS	simple-execution	pass	0	
testdir:fixedbugs/bug412.go	testdir	ATTEMPTED	FAIL	diagnostic-matcher	pass	0	
testdir:fixedbugs/bug413.go	testdir	ATTEMPTED	PASS	diagnostic-matcher	pass	0	
testdir:fixedbugs/bug414.go	testdir	ATTEMPTED	FAIL	unfinished-recipe-probe	pass	4	compile-packages-in-order;link;run;match-output
testdir:fixedbugs/bug415.go	testdir	ATTEMPTED	FAIL	unfinished-recipe-probe	pass	1	compile-packages-in-order
testdir:fixedbugs/bug416.go	testdir	ATTEMPTED	FAIL	diagnostic-matcher	pass	0	
testdir:fixedbugs/bug417.go	testdir	ATTEMPTED	PASS	simple-execution	pass	0	
testdir:fixedbugs/bug418.go	testdir	ATTEMPTED	PASS	diagnostic-matcher	pass	0	
testdir:fixedbugs/bug419.go	testdir	ATTEMPTED	PASS	simple-execution	pass	0	
testdir:fixedbugs/bug420.go	testdir	ATTEMPTED	FAIL	simple-execution	pass	0	
testdir:fixedbugs/bug421.go	testdir	ATTEMPTED	PASS	diagnostic-matcher	pass	0	
testdir:fixedbugs/bug422.go	testdir	ATTEMPTED	PASS	simple-execution	pass	0	
testdir:fixedbugs/bug423.go	testdir	ATTEMPTED	PASS	simple-execution	pass	0	
testdir:fixedbugs/bug424.go	testdir	ATTEMPTED	FAIL	unfinished-recipe-probe	pass	4	compile-packages-in-order;link;run;match-output
testdir:fixedbugs/bug425.go	testdir	ATTEMPTED	PASS	simple-execution	pass	0	
testdir:fixedbugs/bug426.go	testdir	ATTEMPTED	FAIL	simple-execution	pass	0	
testdir:fixedbugs/bug427.go	testdir	ATTEMPTED	PASS	simple-execution	pass	0	
testdir:fixedbugs/bug428.go	testdir	ATTEMPTED	PASS	simple-execution	pass	0	
testdir:fixedbugs/bug430.go	testdir	ATTEMPTED	FAIL	simple-execution	pass	0	
testdir:fixedbugs/bug431.go	testdir	ATTEMPTED	PASS	simple-execution	pass	0	
testdir:fixedbugs/bug432.go	testdir	ATTEMPTED	PASS	simple-execution	pass	0	
testdir:fixedbugs/bug433.go	testdir	ATTEMPTED	FAIL	simple-execution	pass	0	
testdir:fixedbugs/bug434.go	testdir	ATTEMPTED	FAIL	simple-execution	pass	0	
testdir:fixedbugs/bug435.go	testdir	ATTEMPTED	FAIL	diagnostic-matcher	pass	0	
testdir:fixedbugs/bug436.go	testdir	ATTEMPTED	PASS	simple-execution	pass	0	
testdir:fixedbugs/bug437.go	testdir	ATTEMPTED	FAIL	unfinished-recipe-probe	pass	4	compile-packages-in-order;link;run;match-output
testdir:fixedbugs/bug438.go	testdir	ATTEMPTED	PASS	simple-execution	pass	0	
testdir:fixedbugs/bug439.go	testdir	ATTEMPTED	FAIL	simple-execution	pass	0	
testdir:fixedbugs/bug440_32.go	testdir	ATTEMPTED	PASS	simple-execution	pass	0	
testdir:fixedbugs/bug440_64.go	testdir	ATTEMPTED	PASS	simple-execution	pass	0	
testdir:fixedbugs/bug441.go	testdir	ATTEMPTED	FAIL	simple-execution	pass	0	
testdir:fixedbugs/bug442.go	testdir	ATTEMPTED	FAIL	simple-execution	pass	0	
testdir:fixedbugs/bug443.go	testdir	ATTEMPTED	FAIL	simple-execution	pass	0	
testdir:fixedbugs/bug444.go	testdir	ATTEMPTED	FAIL	simple-execution	pass	0	
testdir:fixedbugs/bug445.go	testdir	ATTEMPTED	PASS	simple-execution	pass	0	
testdir:fixedbugs/bug446.go	testdir	ATTEMPTED	FAIL	simple-execution	pass	0	
testdir:fixedbugs/bug447.go	testdir	ATTEMPTED	FAIL	generator-adapter	pass	0	
testdir:fixedbugs/bug448.go	testdir	ATTEMPTED	FAIL	unfinished-recipe-probe	pass	1	compile-packages-in-order
testdir:fixedbugs/bug449.go	testdir	ATTEMPTED	FAIL	generator-adapter	pass	0	
testdir:fixedbugs/bug450.go	testdir	ATTEMPTED	FAIL	simple-execution	pass	0	
testdir:fixedbugs/bug451.go	testdir	ATTEMPTED	PASS	diagnostic-matcher	pass	0	
testdir:fixedbugs/bug452.go	testdir	ATTEMPTED	PASS	simple-execution	pass	0	
testdir:fixedbugs/bug453.go	testdir	ATTEMPTED	PASS	simple-execution	pass	0	
testdir:fixedbugs/bug454.go	testdir	ATTEMPTED	FAIL	simple-execution	pass	0	
testdir:fixedbugs/bug455.go	testdir	ATTEMPTED	PASS	simple-execution	pass	0	
testdir:fixedbugs/bug456.go	testdir	ATTEMPTED	PASS	simple-execution	pass	0	
testdir:fixedbugs/bug457.go	testdir	ATTEMPTED	PASS	simple-execution	pass	0	
testdir:fixedbugs/bug458.go	testdir	ATTEMPTED	FAIL	simple-execution	pass	0	
testdir:fixedbugs/bug459.go	testdir	ATTEMPTED	FAIL	diagnostic-matcher	pass	0	
testdir:fixedbugs/bug460.go	testdir	ATTEMPTED	FAIL	unfinished-recipe-probe	pass	2	compile-packages-in-order;match-diagnostics
testdir:fixedbugs/bug461.go	testdir	ATTEMPTED	FAIL	simple-execution	pass	0	
testdir:fixedbugs/bug462.go	testdir	ATTEMPTED	PASS	diagnostic-matcher	pass	0	
testdir:fixedbugs/bug463.go	testdir	ATTEMPTED	FAIL	diagnostic-matcher	pass	0	
testdir:fixedbugs/bug464.go	testdir	ATTEMPTED	PASS	diagnostic-matcher	pass	0	
testdir:fixedbugs/bug465.go	testdir	ATTEMPTED	FAIL	unfinished-recipe-probe	pass	4	compile-packages-in-order;link;run;match-output
testdir:fixedbugs/bug466.go	testdir	ATTEMPTED	FAIL	unfinished-recipe-probe	pass	4	compile-packages-in-order;link;run;match-output
testdir:fixedbugs/bug467.go	testdir	ATTEMPTED	FAIL	unfinished-recipe-probe	pass	1	compile-packages-in-order
testdir:fixedbugs/bug468.go	testdir	ATTEMPTED	FAIL	unfinished-recipe-probe	pass	4	compile-packages-in-order;link;run;match-output
testdir:fixedbugs/bug470.go	testdir	ATTEMPTED	FAIL	simple-execution	pass	0	
testdir:fixedbugs/bug471.go	testdir	ATTEMPTED	PASS	simple-execution	pass	0	
testdir:fixedbugs/bug472.go	testdir	ATTEMPTED	FAIL	unfinished-recipe-probe	pass	4	compile-packages-in-order;link;run;match-output
testdir:fixedbugs/bug473.go	testdir	ATTEMPTED	FAIL	simple-execution	pass	0	
testdir:fixedbugs/bug474.go	testdir	ATTEMPTED	FAIL	simple-execution	pass	0	
testdir:fixedbugs/bug475.go	testdir	ATTEMPTED	PASS	simple-execution	pass	0	
testdir:fixedbugs/bug476.go	testdir	ATTEMPTED	PASS	simple-execution	pass	0	
testdir:fixedbugs/bug477.go	testdir	ATTEMPTED	FAIL	simple-execution	pass	0	
testdir:fixedbugs/bug478.go	testdir	ATTEMPTED	FAIL	unfinished-recipe-probe	pass	1	compile-packages-in-order
testdir:fixedbugs/bug479.go	testdir	ATTEMPTED	FAIL	unfinished-recipe-probe	pass	4	compile-packages-in-order;link;run;match-output
testdir:fixedbugs/bug480.go	testdir	ATTEMPTED	FAIL	unfinished-recipe-probe	pass	1	compile-packages-in-order
testdir:fixedbugs/bug481.go	testdir	ATTEMPTED	PASS	simple-execution	pass	0	
testdir:fixedbugs/bug482.go	testdir	ATTEMPTED	FAIL	simple-execution	pass	0	
testdir:fixedbugs/bug483.go	testdir	ATTEMPTED	FAIL	simple-execution	pass	0	
testdir:fixedbugs/bug484.go	testdir	ATTEMPTED	PASS	simple-execution	pass	0	
testdir:fixedbugs/bug485.go	testdir	ATTEMPTED	PASS	simple-execution	pass	0	
testdir:fixedbugs/bug486.go	testdir	ATTEMPTED	PASS	simple-execution	pass	0	
testdir:fixedbugs/bug487.go	testdir	ATTEMPTED	PASS	diagnostic-matcher	pass	0	
testdir:fixedbugs/bug488.go	testdir	ATTEMPTED	FAIL	unfinished-recipe-probe	pass	2	compile-packages-in-order;match-diagnostics
testdir:fixedbugs/bug489.go	testdir	ATTEMPTED	PASS	simple-execution	pass	0	
testdir:fixedbugs/bug490.go	testdir	ATTEMPTED	PASS	simple-execution	pass	0	
testdir:fixedbugs/bug491.go	testdir	ATTEMPTED	PASS	simple-execution	pass	0	
testdir:fixedbugs/bug492.go	testdir	ATTEMPTED	FAIL	unfinished-recipe-probe	pass	4	compile-packages-in-order;link;run;match-output
testdir:fixedbugs/bug493.go	testdir	ATTEMPTED	PASS	simple-execution	pass	0	
testdir:fixedbugs/bug494.go	testdir	ATTEMPTED	FAIL	simple-execution	pass	0	
testdir:fixedbugs/bug495.go	testdir	ATTEMPTED	FAIL	simple-execution	pass	0	
testdir:fixedbugs/bug496.go	testdir	ATTEMPTED	PASS	simple-execution	pass	0	
testdir:fixedbugs/bug497.go	testdir	ATTEMPTED	PASS	simple-execution	pass	0	
testdir:fixedbugs/bug498.go	testdir	ATTEMPTED	PASS	simple-execution	pass	0	
testdir:fixedbugs/bug499.go	testdir	ATTEMPTED	FAIL	simple-execution	pass	0	
testdir:fixedbugs/bug500.go	testdir	ATTEMPTED	PASS	simple-execution	pass	0	
testdir:fixedbugs/bug501.go	testdir	ATTEMPTED	PASS	simple-execution	pass	0	
testdir:fixedbugs/bug502.go	testdir	ATTEMPTED	PASS	simple-execution	pass	0	
testdir:fixedbugs/bug503.go	testdir	ATTEMPTED	PASS	simple-execution	pass	0	
testdir:fixedbugs/bug504.go	testdir	ATTEMPTED	FAIL	unfinished-recipe-probe	pass	1	compile-packages-in-order
testdir:fixedbugs/bug505.go	testdir	ATTEMPTED	PASS	simple-execution	pass	0	
testdir:fixedbugs/bug506.go	testdir	ATTEMPTED	FAIL	unfinished-recipe-probe	pass	4	compile-packages-in-order;link;run;match-output
testdir:fixedbugs/bug507.go	testdir	ATTEMPTED	FAIL	unfinished-recipe-probe	pass	1	compile-packages-in-order
testdir:fixedbugs/bug508.go	testdir	ATTEMPTED	PASS	simple-execution	pass	0	
testdir:fixedbugs/bug509.go	testdir	ATTEMPTED	FAIL	simple-execution	pass	0	
testdir:fixedbugs/bug510.go	testdir	ATTEMPTED	FAIL	unfinished-recipe-probe	pass	4	compile-packages-in-order;link;run;match-output
testdir:fixedbugs/bug511.go	testdir	ATTEMPTED	FAIL	unfinished-recipe-probe	pass	1	compile-packages-in-order
testdir:fixedbugs/bug512.go	testdir	ATTEMPTED	FAIL	simple-execution	pass	0	
testdir:fixedbugs/bug513.go	testdir	ATTEMPTED	UPSTREAM_SKIP	native-skip	skip	0	
testdir:fixedbugs/bug514.go	testdir	ATTEMPTED	FAIL	simple-execution	pass	0	
testdir:fixedbugs/bug515.go	testdir	ATTEMPTED	UPSTREAM_SKIP	native-skip	skip	0	
testdir:fixedbugs/bug516.go	testdir	ATTEMPTED	FAIL	simple-execution	pass	0	
testdir:fixedbugs/bug517.go	testdir	ATTEMPTED	FAIL	simple-execution	pass	0	
testdir:fixedbugs/bug518.go	testdir	ATTEMPTED	PASS	diagnostic-matcher	pass	0	
testdir:fixedbugs/dse_move_auxint.go	testdir	ATTEMPTED	FAIL	simple-execution	pass	0	
testdir:fixedbugs/gcc101994.go	testdir	ATTEMPTED	PASS	simple-execution	pass	0	
testdir:fixedbugs/gcc61204.go	testdir	ATTEMPTED	PASS	simple-execution	pass	0	
testdir:fixedbugs/gcc61244.go	testdir	ATTEMPTED	FAIL	simple-execution	pass	0	
testdir:fixedbugs/gcc61246.go	testdir	ATTEMPTED	PASS	simple-execution	pass	0	
testdir:fixedbugs/gcc61248.go	testdir	ATTEMPTED	PASS	simple-execution	pass	0	
testdir:fixedbugs/gcc61253.go	testdir	ATTEMPTED	FAIL	simple-execution	pass	0	
testdir:fixedbugs/gcc61254.go	testdir	ATTEMPTED	PASS	simple-execution	pass	0	
testdir:fixedbugs/gcc61255.go	testdir	ATTEMPTED	PASS	simple-execution	pass	0	
testdir:fixedbugs/gcc61258.go	testdir	ATTEMPTED	FAIL	simple-execution	pass	0	
testdir:fixedbugs/gcc61264.go	testdir	ATTEMPTED	PASS	simple-execution	pass	0	
testdir:fixedbugs/gcc61265.go	testdir	ATTEMPTED	PASS	simple-execution	pass	0	
testdir:fixedbugs/gcc61273.go	testdir	ATTEMPTED	PASS	simple-execution	pass	0	
testdir:fixedbugs/gcc65755.go	testdir	ATTEMPTED	FAIL	simple-execution	pass	0	
testdir:fixedbugs/gcc67968.go	testdir	ATTEMPTED	FAIL	unfinished-recipe-probe	pass	1	compile-packages-in-order
testdir:fixedbugs/gcc78763.go	testdir	ATTEMPTED	PASS	simple-execution	pass	0	
testdir:fixedbugs/gcc80226.go	testdir	ATTEMPTED	PASS	simple-execution	pass	0	
testdir:fixedbugs/gcc89321.go	testdir	ATTEMPTED	PASS	simple-execution	pass	0	
testdir:fixedbugs/issue10047.go	testdir	ATTEMPTED	PASS	simple-execution	pass	0	
testdir:fixedbugs/issue10066.go	testdir	ATTEMPTED	FAIL	unfinished-recipe-probe	pass	1	compile-packages-in-order
testdir:fixedbugs/issue10135.go	testdir	ATTEMPTED	PASS	simple-execution	pass	0	
testdir:fixedbugs/issue10219.go	testdir	ATTEMPTED	FAIL	unfinished-recipe-probe	pass	1	compile-packages-in-order
testdir:fixedbugs/issue10253.go	testdir	ATTEMPTED	FAIL	simple-execution	pass	0	
testdir:fixedbugs/issue10284.go	testdir	ATTEMPTED	PASS	simple-execution	pass	0	
testdir:fixedbugs/issue10320.go	testdir	ATTEMPTED	PASS	simple-execution	pass	0	
testdir:fixedbugs/issue10332.go	testdir	ATTEMPTED	PASS	simple-execution	pass	0	
testdir:fixedbugs/issue10353.go	testdir	ATTEMPTED	FAIL	simple-execution	pass	0	
testdir:fixedbugs/issue10407.go	testdir	ATTEMPTED	PASS	generator-adapter	pass	0	
testdir:fixedbugs/issue10441.go	testdir	ATTEMPTED	FAIL	simple-execution	pass	0	
testdir:fixedbugs/issue10486.go	testdir	ATTEMPTED	FAIL	simple-execution	pass	0	
testdir:fixedbugs/issue10607.go	testdir	ATTEMPTED	UPSTREAM_SKIP	native-skip	skip	0	
testdir:fixedbugs/issue10607a.go	testdir	ATTEMPTED	UPSTREAM_SKIP	native-skip	skip	0	
testdir:fixedbugs/issue10654.go	testdir	ATTEMPTED	PASS	simple-execution	pass	0	
testdir:fixedbugs/issue10700.go	testdir	ATTEMPTED	FAIL	unfinished-recipe-probe	pass	2	compile-packages-in-order;match-diagnostics
testdir:fixedbugs/issue10925.go	testdir	ATTEMPTED	FAIL	simple-execution	pass	0	
testdir:fixedbugs/issue10958.go	testdir	ATTEMPTED	UPSTREAM_SKIP	native-skip	skip	0	
testdir:fixedbugs/issue10975.go	testdir	ATTEMPTED	FAIL	unfinished-recipe-probe	pass	2	compile;match-diagnostics
testdir:fixedbugs/issue10977.go	testdir	ATTEMPTED	PASS	simple-execution	pass	0	
testdir:fixedbugs/issue11053.go	testdir	ATTEMPTED	FAIL	unfinished-recipe-probe	pass	4	compile-packages-in-order;link;run;match-output
testdir:fixedbugs/issue11256.go	testdir	ATTEMPTED	FAIL	simple-execution	pass	0	
testdir:fixedbugs/issue11286.go	testdir	ATTEMPTED	FAIL	simple-execution	pass	0	
testdir:fixedbugs/issue11326.go	testdir	ATTEMPTED	PASS	diagnostic-matcher	pass	0	
testdir:fixedbugs/issue11326b.go	testdir	ATTEMPTED	FAIL	simple-execution	pass	0	
testdir:fixedbugs/issue11354.go	testdir	ATTEMPTED	PASS	simple-execution	pass	0	
testdir:fixedbugs/issue11359.go	testdir	ATTEMPTED	FAIL	diagnostic-matcher	pass	0	
testdir:fixedbugs/issue11361.go	testdir	ATTEMPTED	PASS	diagnostic-matcher	pass	0	
testdir:fixedbugs/issue11362.go	testdir	ATTEMPTED	FAIL	diagnostic-matcher	pass	0	
testdir:fixedbugs/issue11369.go	testdir	ATTEMPTED	FAIL	simple-execution	pass	0	
testdir:fixedbugs/issue11370.go	testdir	ATTEMPTED	PASS	simple-execution	pass	0	
testdir:fixedbugs/issue11371.go	testdir	ATTEMPTED	PASS	diagnostic-matcher	pass	0	
testdir:fixedbugs/issue11590.go	testdir	ATTEMPTED	PASS	diagnostic-matcher	pass	0	
testdir:fixedbugs/issue11610.go	testdir	ATTEMPTED	FAIL	diagnostic-matcher	pass	0	
testdir:fixedbugs/issue11610a.go	testdir	ATTEMPTED	PASS	diagnostic-matcher	pass	0	
testdir:fixedbugs/issue11614.go	testdir	ATTEMPTED	FAIL	unfinished-recipe-probe	pass	2	compile;match-diagnostics
testdir:fixedbugs/issue11656.go	testdir	ATTEMPTED	FAIL	unfinished-recipe-probe	pass	4	overlay-directory;generate-module;build-and-run-package;match-output
testdir:fixedbugs/issue11674.go	testdir	ATTEMPTED	PASS	diagnostic-matcher	pass	0	
testdir:fixedbugs/issue11699.go	testdir	ATTEMPTED	FAIL	simple-execution	pass	0	
testdir:fixedbugs/issue11737.go	testdir	ATTEMPTED	PASS	diagnostic-matcher	pass	0	
testdir:fixedbugs/issue11750.go	testdir	ATTEMPTED	PASS	simple-execution	pass	0	
testdir:fixedbugs/issue11771.go	testdir	ATTEMPTED	FAIL	unfinished-recipe-probe	pass	4	compile-or-build;link-if-needed;run;match-output
testdir:fixedbugs/issue11790.go	testdir	ATTEMPTED	FAIL	simple-execution	pass	0	
testdir:fixedbugs/issue11945.go	testdir	ATTEMPTED	FAIL	simple-execution	pass	0	
testdir:fixedbugs/issue11987.go	testdir	ATTEMPTED	PASS	simple-execution	pass	0	
testdir:fixedbugs/issue12006.go	testdir	ATTEMPTED	FAIL	unfinished-recipe-probe	pass	2	compile;match-diagnostics
testdir:fixedbugs/issue12108.go	testdir	ATTEMPTED	PASS	simple-execution	pass	0	
testdir:fixedbugs/issue12133.go	testdir	ATTEMPTED	PASS	simple-execution	pass	0	
testdir:fixedbugs/issue12226.go	testdir	ATTEMPTED	FAIL	simple-execution	pass	0	
testdir:fixedbugs/issue12347.go	testdir	ATTEMPTED	FAIL	simple-execution	pass	0	
testdir:fixedbugs/issue12411.go	testdir	ATTEMPTED	PASS	simple-execution	pass	0	
testdir:fixedbugs/issue12413.go	testdir	ATTEMPTED	PASS	simple-execution	pass	0	
testdir:fixedbugs/issue12525.go	testdir	ATTEMPTED	PASS	diagnostic-matcher	pass	0	
testdir:fixedbugs/issue12536.go	testdir	ATTEMPTED	PASS	simple-execution	pass	0	
testdir:fixedbugs/issue12577.go	testdir	ATTEMPTED	FAIL	simple-execution	pass	0	
testdir:fixedbugs/issue12588.go	testdir	ATTEMPTED	FAIL	unfinished-recipe-probe	pass	2	compile;match-diagnostics
testdir:fixedbugs/issue12621.go	testdir	ATTEMPTED	PASS	simple-execution	pass	0	
testdir:fixedbugs/issue12677.go	testdir	ATTEMPTED	FAIL	unfinished-recipe-probe	pass	1	compile-packages-in-order
testdir:fixedbugs/issue12686.go	testdir	ATTEMPTED	PASS	simple-execution	pass	0	
testdir:fixedbugs/issue12944.go	testdir	ATTEMPTED	PASS	diagnostic-matcher	pass	0	
testdir:fixedbugs/issue1304.go	testdir	ATTEMPTED	FAIL	simple-execution	pass	0	
testdir:fixedbugs/issue13160.go	testdir	ATTEMPTED	FAIL	simple-execution	pass	0	
testdir:fixedbugs/issue13162.go	testdir	ATTEMPTED	FAIL	simple-execution	pass	0	
testdir:fixedbugs/issue13169.go	testdir	ATTEMPTED	FAIL	simple-execution	pass	0	
testdir:fixedbugs/issue13171.go	testdir	ATTEMPTED	PASS	simple-execution	pass	0	
testdir:fixedbugs/issue13248.go	testdir	ATTEMPTED	FAIL	diagnostic-matcher	pass	0	
testdir:fixedbugs/issue13261.go	testdir	ATTEMPTED	PASS	simple-execution	pass	0	
testdir:fixedbugs/issue13262.go	testdir	ATTEMPTED	PASS	simple-execution	pass	0	
testdir:fixedbugs/issue13263.go	testdir	ATTEMPTED	PASS	simple-execution	pass	0	
testdir:fixedbugs/issue13265.go	testdir	ATTEMPTED	UPSTREAM_SKIP	native-skip	skip	0	
testdir:fixedbugs/issue13266.go	testdir	ATTEMPTED	FAIL	diagnostic-matcher	pass	0	
testdir:fixedbugs/issue13268.go	testdir	ATTEMPTED	FAIL	unfinished-recipe-probe	pass	4	compile-or-build;link-if-needed;run;match-output
testdir:fixedbugs/issue13273.go	testdir	ATTEMPTED	FAIL	diagnostic-matcher	pass	0	
testdir:fixedbugs/issue13274.go	testdir	ATTEMPTED	FAIL	diagnostic-matcher	pass	0	
testdir:fixedbugs/issue13319.go	testdir	ATTEMPTED	FAIL	diagnostic-matcher	pass	0	
testdir:fixedbugs/issue13337.go	testdir	ATTEMPTED	FAIL	simple-execution	pass	0	
testdir:fixedbugs/issue13365.go	testdir	ATTEMPTED	PASS	diagnostic-matcher	pass	0	
testdir:fixedbugs/issue13415.go	testdir	ATTEMPTED	PASS	diagnostic-matcher	pass	0	
testdir:fixedbugs/issue13471.go	testdir	ATTEMPTED	PASS	diagnostic-matcher	pass	0	
testdir:fixedbugs/issue13480.go	testdir	ATTEMPTED	PASS	diagnostic-matcher	pass	0	
testdir:fixedbugs/issue13485.go	testdir	ATTEMPTED	PASS	diagnostic-matcher	pass	0	
testdir:fixedbugs/issue13539.go	testdir	ATTEMPTED	PASS	diagnostic-matcher	pass	0	
testdir:fixedbugs/issue13559.go	testdir	ATTEMPTED	PASS	diagnostic-matcher	pass	0	
testdir:fixedbugs/issue13587.go	testdir	ATTEMPTED	FAIL	unfinished-recipe-probe	pass	2	compile;match-diagnostics
testdir:fixedbugs/issue13684.go	testdir	ATTEMPTED	FAIL	simple-execution	pass	0	
testdir:fixedbugs/issue13777.go	testdir	ATTEMPTED	FAIL	unfinished-recipe-probe	pass	4	compile-packages-in-order;link;run;match-output
testdir:fixedbugs/issue13779.go	testdir	ATTEMPTED	PASS	diagnostic-matcher	pass	0	
testdir:fixedbugs/issue13799.go	testdir	ATTEMPTED	FAIL	unfinished-recipe-probe	pass	2	compile;match-diagnostics
testdir:fixedbugs/issue13821.go	testdir	ATTEMPTED	PASS	simple-execution	pass	0	
testdir:fixedbugs/issue13821b.go	testdir	ATTEMPTED	PASS	diagnostic-matcher	pass	0	
testdir:fixedbugs/issue14006.go	testdir	ATTEMPTED	FAIL	diagnostic-matcher	pass	0	
testdir:fixedbugs/issue14010.go	testdir	ATTEMPTED	PASS	diagnostic-matcher	pass	0	
testdir:fixedbugs/issue14136.go	testdir	ATTEMPTED	PASS	diagnostic-matcher	pass	0	
testdir:fixedbugs/issue14164.go	testdir	ATTEMPTED	FAIL	unfinished-recipe-probe	pass	1	compile-packages-in-order
testdir:fixedbugs/issue14321.go	testdir	ATTEMPTED	PASS	diagnostic-matcher	pass	0	
testdir:fixedbugs/issue14331.go	testdir	ATTEMPTED	FAIL	unfinished-recipe-probe	pass	1	compile-packages-in-order
testdir:fixedbugs/issue14405.go	testdir	ATTEMPTED	PASS	simple-execution	pass	0	
testdir:fixedbugs/issue14520.go	testdir	ATTEMPTED	FAIL	diagnostic-matcher	pass	0	
testdir:fixedbugs/issue14520a.go	testdir	ATTEMPTED	PASS	diagnostic-matcher	pass	0	
testdir:fixedbugs/issue14540.go	testdir	ATTEMPTED	PASS	diagnostic-matcher	pass	0	
testdir:fixedbugs/issue14553.go	testdir	ATTEMPTED	FAIL	simple-execution	pass	0	
testdir:fixedbugs/issue14591.go	testdir	ATTEMPTED	PASS	simple-execution	pass	0	
testdir:fixedbugs/issue14636.go	testdir	ATTEMPTED	FAIL	unfinished-recipe-probe	pass	4	compile-or-build;link-if-needed;run;match-output
testdir:fixedbugs/issue14646.go	testdir	ATTEMPTED	FAIL	simple-execution	pass	0	
testdir:fixedbugs/issue14651.go	testdir	ATTEMPTED	FAIL	simple-execution	pass	0	
testdir:fixedbugs/issue14652.go	testdir	ATTEMPTED	PASS	simple-execution	pass	0	
testdir:fixedbugs/issue14725.go	testdir	ATTEMPTED	PASS	simple-execution	pass	0	
testdir:fixedbugs/issue14729.go	testdir	ATTEMPTED	PASS	diagnostic-matcher	pass	0	
testdir:fixedbugs/issue14988.go	testdir	ATTEMPTED	PASS	diagnostic-matcher	pass	0	
testdir:fixedbugs/issue14999.go	testdir	ATTEMPTED	FAIL	unfinished-recipe-probe	pass	2	compile;match-diagnostics
testdir:fixedbugs/issue15002.go	testdir	ATTEMPTED	UPSTREAM_SKIP	native-skip	skip	0	
testdir:fixedbugs/issue15013.go	testdir	ATTEMPTED	PASS	simple-execution	pass	0	
testdir:fixedbugs/issue15039.go	testdir	ATTEMPTED	FAIL	simple-execution	pass	0	
testdir:fixedbugs/issue15042.go	testdir	ATTEMPTED	FAIL	simple-execution	pass	0	
testdir:fixedbugs/issue15055.go	testdir	ATTEMPTED	PASS	diagnostic-matcher	pass	0	
testdir:fixedbugs/issue15071.go	testdir	ATTEMPTED	FAIL	unfinished-recipe-probe	pass	4	compile-packages-in-order;link;run;match-output
testdir:fixedbugs/issue15084.go	testdir	ATTEMPTED	FAIL	simple-execution	pass	0	
testdir:fixedbugs/issue15091.go	testdir	ATTEMPTED	UPSTREAM_SKIP	native-skip	skip	0	
testdir:fixedbugs/issue15141.go	testdir	ATTEMPTED	PASS	simple-execution	pass	0	
testdir:fixedbugs/issue15175.go	testdir	ATTEMPTED	PASS	simple-execution	pass	0	
testdir:fixedbugs/issue15252.go	testdir	ATTEMPTED	FAIL	simple-execution	pass	0	
testdir:fixedbugs/issue15277.go	testdir	ATTEMPTED	UPSTREAM_SKIP	native-skip	skip	0	
testdir:fixedbugs/issue15281.go	testdir	ATTEMPTED	FAIL	simple-execution	pass	0	
testdir:fixedbugs/issue15303.go	testdir	ATTEMPTED	PASS	simple-execution	pass	0	
testdir:fixedbugs/issue15311.go	testdir	ATTEMPTED	PASS	diagnostic-matcher	pass	0	
testdir:fixedbugs/issue15329.go	testdir	ATTEMPTED	FAIL	simple-execution	pass	0	
testdir:fixedbugs/issue15439.go	testdir	ATTEMPTED	FAIL	simple-execution	pass	0	
testdir:fixedbugs/issue15470.go	testdir	ATTEMPTED	FAIL	unfinished-recipe-probe	pass	1	compile-packages-in-order
testdir:fixedbugs/issue15514.go	testdir	ATTEMPTED	FAIL	unfinished-recipe-probe	pass	2	compile-packages-in-order;match-diagnostics
testdir:fixedbugs/issue15528.go	testdir	ATTEMPTED	FAIL	simple-execution	pass	0	
testdir:fixedbugs/issue15548.go	testdir	ATTEMPTED	FAIL	unfinished-recipe-probe	pass	1	compile-packages-in-order
testdir:fixedbugs/issue15550.go	testdir	ATTEMPTED	FAIL	simple-execution	pass	0	
testdir:fixedbugs/issue15572.go	testdir	ATTEMPTED	FAIL	unfinished-recipe-probe	pass	1	compile-packages-in-order
testdir:fixedbugs/issue15585.go	testdir	ATTEMPTED	FAIL	simple-execution	pass	0	
testdir:fixedbugs/issue15602.go	testdir	ATTEMPTED	FAIL	simple-execution	pass	0	
testdir:fixedbugs/issue15604.go	testdir	ATTEMPTED	FAIL	simple-execution	pass	0	
testdir:fixedbugs/issue15609.go	testdir	ATTEMPTED	FAIL	unfinished-recipe-probe	pass	4	overlay-directory;generate-module;build-and-run-package;match-output
testdir:fixedbugs/issue15611.go	testdir	ATTEMPTED	FAIL	diagnostic-matcher	pass	0	
testdir:fixedbugs/issue15646.go	testdir	ATTEMPTED	FAIL	unfinished-recipe-probe	pass	4	compile-packages-in-order;link;run;match-output
testdir:fixedbugs/issue15722.go	testdir	ATTEMPTED	PASS	diagnostic-matcher	pass	0	
testdir:fixedbugs/issue15733.go	testdir	ATTEMPTED	PASS	simple-execution	pass	0	
testdir:fixedbugs/issue15747.go	testdir	ATTEMPTED	FAIL	unfinished-recipe-probe	pass	2	compile;match-diagnostics
testdir:fixedbugs/issue15747b.go	testdir	ATTEMPTED	PASS	simple-execution	pass	0	
testdir:fixedbugs/issue15838.go	testdir	ATTEMPTED	FAIL	unfinished-recipe-probe	pass	1	compile-packages-in-order
testdir:fixedbugs/issue15895.go	testdir	ATTEMPTED	PASS	simple-execution	pass	0	
testdir:fixedbugs/issue15898.go	testdir	ATTEMPTED	FAIL	diagnostic-matcher	pass	0	
testdir:fixedbugs/issue15902.go	testdir	ATTEMPTED	PASS	simple-execution	pass	0	
testdir:fixedbugs/issue15920.go	testdir	ATTEMPTED	FAIL	unfinished-recipe-probe	pass	1	compile-packages-in-order
testdir:fixedbugs/issue15926.go	testdir	ATTEMPTED	PASS	simple-execution	pass	0	
testdir:fixedbugs/issue15961.go	testdir	ATTEMPTED	PASS	simple-execution	pass	0	
testdir:fixedbugs/issue15975.go	testdir	ATTEMPTED	FAIL	simple-execution	pass	0	
testdir:fixedbugs/issue15988.go	testdir	ATTEMPTED	PASS	simple-execution	pass	0	
testdir:fixedbugs/issue15992.go	testdir	ATTEMPTED	FAIL	simple-execution	pass	0	
testdir:fixedbugs/issue16008.go	testdir	ATTEMPTED	UPSTREAM_SKIP	native-skip	skip	0	
testdir:fixedbugs/issue16016.go	testdir	ATTEMPTED	FAIL	simple-execution	pass	0	
testdir:fixedbugs/issue16037_run.go	testdir	ATTEMPTED	FAIL	unfinished-recipe-probe	pass	4	compile-or-build;link-if-needed;run;match-output
testdir:fixedbugs/issue16095.go	testdir	ATTEMPTED	FAIL	simple-execution	pass	0	
testdir:fixedbugs/issue16130.go	testdir	ATTEMPTED	FAIL	simple-execution	pass	0	
testdir:fixedbugs/issue16133.go	testdir	ATTEMPTED	FAIL	unfinished-recipe-probe	pass	2	compile-packages-in-order;match-diagnostics
testdir:fixedbugs/issue16193.go	testdir	ATTEMPTED	PASS	simple-execution	pass	0	
testdir:fixedbugs/issue16241.go	testdir	ATTEMPTED	FAIL	unfinished-recipe-probe	pass	2	compile;match-diagnostics
testdir:fixedbugs/issue16241_64.go	testdir	ATTEMPTED	FAIL	unfinished-recipe-probe	pass	2	compile;match-diagnostics
testdir:fixedbugs/issue16249.go	testdir	ATTEMPTED	FAIL	simple-execution	pass	0	
testdir:fixedbugs/issue16306.go	testdir	ATTEMPTED	PASS	simple-execution	pass	0	
testdir:fixedbugs/issue16317.go	testdir	ATTEMPTED	FAIL	unfinished-recipe-probe	pass	1	compile-packages-in-order
testdir:fixedbugs/issue16331.go	testdir	ATTEMPTED	FAIL	simple-execution	pass	0	
testdir:fixedbugs/issue16369.go	testdir	ATTEMPTED	FAIL	diagnostic-matcher	pass	0	
testdir:fixedbugs/issue16428.go	testdir	ATTEMPTED	PASS	diagnostic-matcher	pass	0	
testdir:fixedbugs/issue16439.go	testdir	ATTEMPTED	PASS	diagnostic-matcher	pass	0	
testdir:fixedbugs/issue16515.go	testdir	ATTEMPTED	FAIL	simple-execution	pass	0	
testdir:fixedbugs/issue16616.go	testdir	ATTEMPTED	FAIL	unfinished-recipe-probe	pass	1	compile-packages-in-order
testdir:fixedbugs/issue16733.go	testdir	ATTEMPTED	PASS	simple-execution	pass	0	
testdir:fixedbugs/issue16741.go	testdir	ATTEMPTED	PASS	simple-execution	pass	0	
testdir:fixedbugs/issue16760.go	testdir	ATTEMPTED	FAIL	simple-execution	pass	0	
testdir:fixedbugs/issue16804.go	testdir	ATTEMPTED	PASS	simple-execution	pass	0	
testdir:fixedbugs/issue16870.go	testdir	ATTEMPTED	FAIL	simple-execution	pass	0	
testdir:fixedbugs/issue16948.go	testdir	ATTEMPTED	FAIL	simple-execution	pass	0	
testdir:fixedbugs/issue16949.go	testdir	ATTEMPTED	PASS	diagnostic-matcher	pass	0	
testdir:fixedbugs/issue16985.go	testdir	ATTEMPTED	FAIL	simple-execution	pass	0	
testdir:fixedbugs/issue17005.go	testdir	ATTEMPTED	FAIL	simple-execution	pass	0	
testdir:fixedbugs/issue17038.go	testdir	ATTEMPTED	PASS	diagnostic-matcher	pass	0	
testdir:fixedbugs/issue17039.go	testdir	ATTEMPTED	PASS	simple-execution	pass	0	
testdir:fixedbugs/issue17111.go	testdir	ATTEMPTED	PASS	simple-execution	pass	0	
testdir:fixedbugs/issue17194.go	testdir	ATTEMPTED	FAIL	simple-execution	pass	0	
testdir:fixedbugs/issue17270.go	testdir	ATTEMPTED	FAIL	simple-execution	pass	0	
testdir:fixedbugs/issue17318.go	testdir	ATTEMPTED	FAIL	unfinished-recipe-probe	pass	2	compile;match-diagnostics
testdir:fixedbugs/issue17328.go	testdir	ATTEMPTED	FAIL	diagnostic-matcher	pass	0	
testdir:fixedbugs/issue17381.go	testdir	ATTEMPTED	FAIL	simple-execution	pass	0	
testdir:fixedbugs/issue17449.go	testdir	ATTEMPTED	UPSTREAM_SKIP	native-skip	skip	0	
testdir:fixedbugs/issue17551.go	testdir	ATTEMPTED	PASS	simple-execution	pass	0	
testdir:fixedbugs/issue17588.go	testdir	ATTEMPTED	FAIL	unfinished-recipe-probe	pass	2	compile;match-diagnostics
testdir:fixedbugs/issue17596.go	testdir	ATTEMPTED	FAIL	simple-execution	pass	0	
testdir:fixedbugs/issue17631.go	testdir	ATTEMPTED	PASS	diagnostic-matcher	pass	0	
testdir:fixedbugs/issue17640.go	testdir	ATTEMPTED	PASS	simple-execution	pass	0	
testdir:fixedbugs/issue17645.go	testdir	ATTEMPTED	PASS	diagnostic-matcher	pass	0	
testdir:fixedbugs/issue17710.go	testdir	ATTEMPTED	PASS	simple-execution	pass	0	
testdir:fixedbugs/issue17752.go	testdir	ATTEMPTED	FAIL	simple-execution	pass	0	
testdir:fixedbugs/issue17758.go	testdir	ATTEMPTED	FAIL	diagnostic-matcher	pass	0	
testdir:fixedbugs/issue17918.go	testdir	ATTEMPTED	FAIL	simple-execution	pass	0	
testdir:fixedbugs/issue18089.go	testdir	ATTEMPTED	PASS	simple-execution	pass	0	
testdir:fixedbugs/issue18092.go	testdir	ATTEMPTED	FAIL	diagnostic-matcher	pass	0	
testdir:fixedbugs/issue18149.go	testdir	ATTEMPTED	FAIL	simple-execution	pass	0	
testdir:fixedbugs/issue18231.go	testdir	ATTEMPTED	PASS	diagnostic-matcher	pass	0	
testdir:fixedbugs/issue18331.go	testdir	ATTEMPTED	FAIL	unfinished-recipe-probe	pass	2	compile;match-diagnostics
testdir:fixedbugs/issue18392.go	testdir	ATTEMPTED	PASS	diagnostic-matcher	pass	0	
testdir:fixedbugs/issue18393.go	testdir	ATTEMPTED	PASS	diagnostic-matcher	pass	0	
testdir:fixedbugs/issue18410.go	testdir	ATTEMPTED	FAIL	simple-execution	pass	0	
testdir:fixedbugs/issue18419.go	testdir	ATTEMPTED	FAIL	unfinished-recipe-probe	pass	2	compile-packages-in-order;match-diagnostics
testdir:fixedbugs/issue18459.go	testdir	ATTEMPTED	FAIL	diagnostic-matcher	pass	0	
testdir:fixedbugs/issue18595.go	testdir	ATTEMPTED	FAIL	simple-execution	pass	0	
testdir:fixedbugs/issue18636.go	testdir	ATTEMPTED	FAIL	simple-execution	pass	0	
testdir:fixedbugs/issue18640.go	testdir	ATTEMPTED	PASS	simple-execution	pass	0	
testdir:fixedbugs/issue18655.go	testdir	ATTEMPTED	PASS	diagnostic-matcher	pass	0	
testdir:fixedbugs/issue18661.go	testdir	ATTEMPTED	FAIL	simple-execution	pass	0	
testdir:fixedbugs/issue18725.go	testdir	ATTEMPTED	PASS	simple-execution	pass	0	
testdir:fixedbugs/issue18747.go	testdir	ATTEMPTED	FAIL	diagnostic-matcher	pass	0	
testdir:fixedbugs/issue18808.go	testdir	ATTEMPTED	PASS	simple-execution	pass	0	
testdir:fixedbugs/issue18882.go	testdir	ATTEMPTED	FAIL	diagnostic-matcher	pass	0	
testdir:fixedbugs/issue18895.go	testdir	ATTEMPTED	FAIL	unfinished-recipe-probe	pass	2	compile-packages-in-order;match-diagnostics
testdir:fixedbugs/issue18906.go	testdir	ATTEMPTED	PASS	simple-execution	pass	0	
testdir:fixedbugs/issue18911.go	testdir	ATTEMPTED	FAIL	unfinished-recipe-probe	pass	4	compile-packages-in-order;link;run;match-output
testdir:fixedbugs/issue18915.go	testdir	ATTEMPTED	FAIL	diagnostic-matcher	pass	0	
testdir:fixedbugs/issue18994.go	testdir	ATTEMPTED	PASS	simple-execution	pass	0	
testdir:fixedbugs/issue19012.go	testdir	ATTEMPTED	PASS	diagnostic-matcher	pass	0	
testdir:fixedbugs/issue19028.go	testdir	ATTEMPTED	FAIL	unfinished-recipe-probe	pass	4	compile-packages-in-order;link;run;match-output
testdir:fixedbugs/issue19040.go	testdir	ATTEMPTED	FAIL	simple-execution	pass	0	
testdir:fixedbugs/issue19056.go	testdir	ATTEMPTED	PASS	diagnostic-matcher	pass	0	
testdir:fixedbugs/issue19078.go	testdir	ATTEMPTED	FAIL	simple-execution	pass	0	
testdir:fixedbugs/issue19084.go	testdir	ATTEMPTED	PASS	simple-execution	pass	0	
testdir:fixedbugs/issue19113.go	testdir	ATTEMPTED	FAIL	simple-execution	pass	0	
testdir:fixedbugs/issue19137.go	testdir	ATTEMPTED	FAIL	simple-execution	pass	0	
testdir:fixedbugs/issue19168.go	testdir	ATTEMPTED	FAIL	unfinished-recipe-probe	pass	2	compile;match-diagnostics
testdir:fixedbugs/issue19182.go	testdir	ATTEMPTED	FAIL	simple-execution	pass	0	
testdir:fixedbugs/issue19201.go	testdir	ATTEMPTED	FAIL	simple-execution	pass	0	
testdir:fixedbugs/issue19217.go	testdir	ATTEMPTED	FAIL	simple-execution	pass	0	
testdir:fixedbugs/issue19246.go	testdir	ATTEMPTED	FAIL	simple-execution	pass	0	
testdir:fixedbugs/issue19261.go	testdir	ATTEMPTED	FAIL	unfinished-recipe-probe	pass	2	compile-packages-in-order;match-diagnostics
testdir:fixedbugs/issue19275.go	testdir	ATTEMPTED	FAIL	simple-execution	pass	0	
testdir:fixedbugs/issue19323.go	testdir	ATTEMPTED	PASS	diagnostic-matcher	pass	0	
testdir:fixedbugs/issue19359.go	testdir	ATTEMPTED	FAIL	simple-execution	pass	0	
testdir:fixedbugs/issue19467.go	testdir	ATTEMPTED	FAIL	unfinished-recipe-probe	pass	4	compile-packages-in-order;link;run;match-output
testdir:fixedbugs/issue19482.go	testdir	ATTEMPTED	PASS	diagnostic-matcher	pass	0	
testdir:fixedbugs/issue19507.go	testdir	ATTEMPTED	UPSTREAM_SKIP	native-skip	skip	0	
testdir:fixedbugs/issue19515.go	testdir	ATTEMPTED	FAIL	simple-execution	pass	0	
testdir:fixedbugs/issue19548.go	testdir	ATTEMPTED	FAIL	unfinished-recipe-probe	pass	4	compile-packages-in-order;link;run;match-output
testdir:fixedbugs/issue19555.go	testdir	ATTEMPTED	PASS	simple-execution	pass	0	
testdir:fixedbugs/issue19610.go	testdir	ATTEMPTED	PASS	diagnostic-matcher	pass	0	
testdir:fixedbugs/issue19632.go	testdir	ATTEMPTED	PASS	simple-execution	pass	0	
testdir:fixedbugs/issue19658.go	testdir	ATTEMPTED	FAIL	unfinished-recipe-probe	pass	4	compile-or-build;link-if-needed;run;match-output
testdir:fixedbugs/issue19667.go	testdir	ATTEMPTED	FAIL	diagnostic-matcher	pass	0	
testdir:fixedbugs/issue19671.go	testdir	ATTEMPTED	PASS	simple-execution	pass	0	
testdir:fixedbugs/issue19678.go	testdir	ATTEMPTED	FAIL	simple-execution	pass	0	
testdir:fixedbugs/issue19679.go	testdir	ATTEMPTED	FAIL	simple-execution	pass	0	
testdir:fixedbugs/issue19696.go	testdir	ATTEMPTED	FAIL	simple-execution	pass	0	
testdir:fixedbugs/issue19699.go	testdir	ATTEMPTED	FAIL	unfinished-recipe-probe	pass	1	compile-packages-in-order
testdir:fixedbugs/issue19699b.go	testdir	ATTEMPTED	PASS	diagnostic-matcher	pass	0	
testdir:fixedbugs/issue19705.go	testdir	ATTEMPTED	PASS	simple-execution	pass	0	
testdir:fixedbugs/issue19710.go	testdir	ATTEMPTED	FAIL	simple-execution	pass	0	
testdir:fixedbugs/issue19743.go	testdir	ATTEMPTED	FAIL	unfinished-recipe-probe	pass	2	compile;match-diagnostics
testdir:fixedbugs/issue19764.go	testdir	ATTEMPTED	FAIL	unfinished-recipe-probe	pass	4	compile-packages-in-order;link;run;match-output
testdir:fixedbugs/issue19783.go	testdir	ATTEMPTED	FAIL	simple-execution	pass	0	
testdir:fixedbugs/issue19799.go	testdir	ATTEMPTED	FAIL	simple-execution	pass	0	
testdir:fixedbugs/issue19880.go	testdir	ATTEMPTED	PASS	diagnostic-matcher	pass	0	
testdir:fixedbugs/issue19911.go	testdir	ATTEMPTED	FAIL	simple-execution	pass	0	
testdir:fixedbugs/issue19947.go	testdir	ATTEMPTED	PASS	diagnostic-matcher	pass	0	
testdir:fixedbugs/issue19977.go	testdir	ATTEMPTED	PASS	diagnostic-matcher	pass	0	
testdir:fixedbugs/issue20014.go	testdir	ATTEMPTED	FAIL	unfinished-recipe-probe	pass	4	overlay-directory;generate-module;build-and-run-package;match-output
testdir:fixedbugs/issue20027.go	testdir	ATTEMPTED	FAIL	diagnostic-matcher	pass	0	
testdir:fixedbugs/issue20029.go	testdir	ATTEMPTED	FAIL	simple-execution	pass	0	
testdir:fixedbugs/issue20097.go	testdir	ATTEMPTED	PASS	simple-execution	pass	0	
testdir:fixedbugs/issue20145.go	testdir	ATTEMPTED	PASS	simple-execution	pass	0	
testdir:fixedbugs/issue20162.go	testdir	ATTEMPTED	FAIL	unfinished-recipe-probe	pass	1	compile
testdir:fixedbugs/issue20174.go	testdir	ATTEMPTED	FAIL	unfinished-recipe-probe	pass	1	compile
testdir:fixedbugs/issue20185.go	testdir	ATTEMPTED	PASS	diagnostic-matcher	pass	0	
testdir:fixedbugs/issue20227.go	testdir	ATTEMPTED	PASS	diagnostic-matcher	pass	0	
testdir:fixedbugs/issue20232.go	testdir	ATTEMPTED	FAIL	unfinished-recipe-probe	pass	2	compile;match-diagnostics
testdir:fixedbugs/issue20233.go	testdir	ATTEMPTED	FAIL	unfinished-recipe-probe	pass	2	compile;match-diagnostics
testdir:fixedbugs/issue20245.go	testdir	ATTEMPTED	FAIL	unfinished-recipe-probe	pass	2	compile;match-diagnostics
testdir:fixedbugs/issue20250.go	testdir	ATTEMPTED	FAIL	unfinished-recipe-probe	pass	2	compile;match-diagnostics
testdir:fixedbugs/issue20298.go	testdir	ATTEMPTED	FAIL	unfinished-recipe-probe	pass	2	compile;match-diagnostics
testdir:fixedbugs/issue20333.go	testdir	ATTEMPTED	PASS	simple-execution	pass	0	
testdir:fixedbugs/issue20335.go	testdir	ATTEMPTED	FAIL	simple-execution	pass	0	
testdir:fixedbugs/issue20415.go	testdir	ATTEMPTED	FAIL	diagnostic-matcher	pass	0	
testdir:fixedbugs/issue20529.go	testdir	ATTEMPTED	UPSTREAM_SKIP	native-skip	skip	0	
testdir:fixedbugs/issue20530.go	testdir	ATTEMPTED	FAIL	simple-execution	pass	0	
testdir:fixedbugs/issue20602.go	testdir	ATTEMPTED	PASS	diagnostic-matcher	pass	0	
testdir:fixedbugs/issue20682.go	testdir	ATTEMPTED	FAIL	unfinished-recipe-probe	pass	1	compile-packages-in-order
testdir:fixedbugs/issue20739.go	testdir	ATTEMPTED	PASS	simple-execution	pass	0	
testdir:fixedbugs/issue20749.go	testdir	ATTEMPTED	PASS	diagnostic-matcher	pass	0	
testdir:fixedbugs/issue20780.go	testdir	ATTEMPTED	FAIL	diagnostic-matcher	pass	0	
testdir:fixedbugs/issue20780b.go	testdir	ATTEMPTED	UPSTREAM_SKIP	native-skip	skip	0	
testdir:fixedbugs/issue20789.go	testdir	ATTEMPTED	FAIL	diagnostic-matcher	pass	0	
testdir:fixedbugs/issue20811.go	testdir	ATTEMPTED	FAIL	simple-execution	pass	0	
testdir:fixedbugs/issue20812.go	testdir	ATTEMPTED	PASS	diagnostic-matcher	pass	0	
testdir:fixedbugs/issue20813.go	testdir	ATTEMPTED	PASS	diagnostic-matcher	pass	0	
testdir:fixedbugs/issue20923.go	testdir	ATTEMPTED	FAIL	simple-execution	pass	0	
testdir:fixedbugs/issue21048.go	testdir	ATTEMPTED	FAIL	simple-execution	pass	0	
testdir:fixedbugs/issue21120.go	testdir	ATTEMPTED	FAIL	unfinished-recipe-probe	pass	4	compile-packages-in-order;link;run;match-output
testdir:fixedbugs/issue21221.go	testdir	ATTEMPTED	FAIL	simple-execution	pass	0	
testdir:fixedbugs/issue21253.go	testdir	ATTEMPTED	PASS	simple-execution	pass	0	
testdir:fixedbugs/issue21256.go	testdir	ATTEMPTED	PASS	diagnostic-matcher	pass	0	
testdir:fixedbugs/issue21273.go	testdir	ATTEMPTED	PASS	diagnostic-matcher	pass	0	
testdir:fixedbugs/issue21317.go	testdir	ATTEMPTED	FAIL	unfinished-recipe-probe	pass	4	compile-or-build;link-if-needed;run;match-output
testdir:fixedbugs/issue21576.go	testdir	ATTEMPTED	FAIL	unfinished-recipe-probe	pass	4	compile-or-build;link-if-needed;run;match-output
testdir:fixedbugs/issue21655.go	testdir	ATTEMPTED	FAIL	simple-execution	pass	0	
testdir:fixedbugs/issue21687.go	testdir	ATTEMPTED	FAIL	simple-execution	pass	0	
testdir:fixedbugs/issue21709.go	testdir	ATTEMPTED	FAIL	unfinished-recipe-probe	pass	2	compile;match-diagnostics
testdir:fixedbugs/issue21770.go	testdir	ATTEMPTED	PASS	diagnostic-matcher	pass	0	
testdir:fixedbugs/issue21808.go	testdir	ATTEMPTED	FAIL	simple-execution	pass	0	
testdir:fixedbugs/issue21879.go	testdir	ATTEMPTED	FAIL	simple-execution	pass	0	
testdir:fixedbugs/issue21882.go	testdir	ATTEMPTED	PASS	diagnostic-matcher	pass	0	
testdir:fixedbugs/issue21887.go	testdir	ATTEMPTED	PASS	simple-execution	pass	0	
testdir:fixedbugs/issue21934.go	testdir	ATTEMPTED	PASS	diagnostic-matcher	pass	0	
testdir:fixedbugs/issue21963.go	testdir	ATTEMPTED	PASS	simple-execution	pass	0	
testdir:fixedbugs/issue21979.go	testdir	ATTEMPTED	PASS	diagnostic-matcher	pass	0	
testdir:fixedbugs/issue21988.go	testdir	ATTEMPTED	PASS	diagnostic-matcher	pass	0	
testdir:fixedbugs/issue22063.go	testdir	ATTEMPTED	PASS	diagnostic-matcher	pass	0	
testdir:fixedbugs/issue22076.go	testdir	ATTEMPTED	PASS	simple-execution	pass	0	
testdir:fixedbugs/issue22083.go	testdir	ATTEMPTED	FAIL	simple-execution	pass	0	
testdir:fixedbugs/issue22164.go	testdir	ATTEMPTED	FAIL	diagnostic-matcher	pass	0	
testdir:fixedbugs/issue22198.go	testdir	ATTEMPTED	FAIL	simple-execution	pass	0	
testdir:fixedbugs/issue22200.go	testdir	ATTEMPTED	FAIL	diagnostic-matcher	pass	0	
testdir:fixedbugs/issue22200b.go	testdir	ATTEMPTED	FAIL	diagnostic-matcher	pass	0	
testdir:fixedbugs/issue22305.go	testdir	ATTEMPTED	PASS	simple-execution	pass	0	
testdir:fixedbugs/issue22326.go	testdir	ATTEMPTED	FAIL	simple-execution	pass	0	
testdir:fixedbugs/issue22327.go	testdir	ATTEMPTED	PASS	simple-execution	pass	0	
testdir:fixedbugs/issue22344.go	testdir	ATTEMPTED	FAIL	simple-execution	pass	0	
testdir:fixedbugs/issue22351.go	testdir	ATTEMPTED	PASS	diagnostic-matcher	pass	0	
testdir:fixedbugs/issue22389.go	testdir	ATTEMPTED	FAIL	unfinished-recipe-probe	pass	2	compile;match-diagnostics
testdir:fixedbugs/issue22429.go	testdir	ATTEMPTED	FAIL	simple-execution	pass	0	
testdir:fixedbugs/issue22458.go	testdir	ATTEMPTED	PASS	simple-execution	pass	0	
testdir:fixedbugs/issue22581.go	testdir	ATTEMPTED	FAIL	diagnostic-matcher	pass	0	
testdir:fixedbugs/issue22605.go	testdir	ATTEMPTED	FAIL	simple-execution	pass	0	
testdir:fixedbugs/issue22660.go	testdir	ATTEMPTED	FAIL	unfinished-recipe-probe	pass	4	compile-or-build;link-if-needed;run;match-output
testdir:fixedbugs/issue22662.go	testdir	ATTEMPTED	FAIL	simple-execution	pass	0	
testdir:fixedbugs/issue22662b.go	testdir	ATTEMPTED	FAIL	unfinished-recipe-probe	pass	4	compile-or-build;link-if-needed;run;match-output
testdir:fixedbugs/issue22683.go	testdir	ATTEMPTED	PASS	simple-execution	pass	0	
testdir:fixedbugs/issue22781.go	testdir	ATTEMPTED	FAIL	simple-execution	pass	0	
testdir:fixedbugs/issue22794.go	testdir	ATTEMPTED	PASS	diagnostic-matcher	pass	0	
testdir:fixedbugs/issue22822.go	testdir	ATTEMPTED	PASS	diagnostic-matcher	pass	0	
testdir:fixedbugs/issue22877.go	testdir	ATTEMPTED	FAIL	unfinished-recipe-probe	pass	5	assemble-symabis-if-present;compile;assemble-if-present;pack;link
testdir:fixedbugs/issue22881.go	testdir	ATTEMPTED	FAIL	simple-execution	pass	0	
testdir:fixedbugs/issue22904.go	testdir	ATTEMPTED	FAIL	diagnostic-matcher	pass	0	
testdir:fixedbugs/issue22921.go	testdir	ATTEMPTED	FAIL	unfinished-recipe-probe	pass	2	compile;match-diagnostics
testdir:fixedbugs/issue22941.go	testdir	ATTEMPTED	FAIL	unfinished-recipe-probe	pass	4	compile-packages-in-order;link;run;match-output
testdir:fixedbugs/issue22962.go	testdir	ATTEMPTED	FAIL	unfinished-recipe-probe	pass	1	compile-packages-in-order
testdir:fixedbugs/issue23017.go	testdir	ATTEMPTED	FAIL	simple-execution	pass	0	
testdir:fixedbugs/issue23093.go	testdir	ATTEMPTED	PASS	diagnostic-matcher	pass	0	
testdir:fixedbugs/issue23094.go	testdir	ATTEMPTED	PASS	diagnostic-matcher	pass	0	
testdir:fixedbugs/issue23116.go	testdir	ATTEMPTED	PASS	diagnostic-matcher	pass	0	
testdir:fixedbugs/issue23179.go	testdir	ATTEMPTED	FAIL	unfinished-recipe-probe	pass	1	compile-packages-in-order
testdir:fixedbugs/issue23188.go	testdir	ATTEMPTED	FAIL	simple-execution	pass	0	
testdir:fixedbugs/issue23298.go	testdir	ATTEMPTED	PASS	simple-execution	pass	0	
testdir:fixedbugs/issue23305.go	testdir	ATTEMPTED	FAIL	unfinished-recipe-probe	pass	4	compile-or-build;link-if-needed;run;match-output
testdir:fixedbugs/issue23311.go	testdir	ATTEMPTED	FAIL	unfinished-recipe-probe	pass	1	compile-packages-in-order
testdir:fixedbugs/issue23414.go	testdir	ATTEMPTED	PASS	simple-execution	pass	0	
testdir:fixedbugs/issue23489.go	testdir	ATTEMPTED	FAIL	simple-execution	pass	0	
testdir:fixedbugs/issue23504.go	testdir	ATTEMPTED	PASS	simple-execution	pass	0	
testdir:fixedbugs/issue23521.go	testdir	ATTEMPTED	FAIL	unfinished-recipe-probe	pass	2	compile;match-diagnostics
testdir:fixedbugs/issue23522.go	testdir	ATTEMPTED	PASS	simple-execution	pass	0	
testdir:fixedbugs/issue23536.go	testdir	ATTEMPTED	PASS	simple-execution	pass	0	
testdir:fixedbugs/issue23545.go	testdir	ATTEMPTED	FAIL	simple-execution	pass	0	
testdir:fixedbugs/issue23546.go	testdir	ATTEMPTED	PASS	simple-execution	pass	0	
testdir:fixedbugs/issue23586.go	testdir	ATTEMPTED	FAIL	diagnostic-matcher	pass	0	
testdir:fixedbugs/issue23587.go	testdir	ATTEMPTED	FAIL	diagnostic-matcher	pass	0	
testdir:fixedbugs/issue23609.go	testdir	ATTEMPTED	FAIL	unfinished-recipe-probe	pass	2	compile;match-diagnostics
testdir:fixedbugs/issue23664.go	testdir	ATTEMPTED	FAIL	diagnostic-matcher	pass	0	
testdir:fixedbugs/issue23719.go	testdir	ATTEMPTED	PASS	simple-execution	pass	0	
testdir:fixedbugs/issue23732.go	testdir	ATTEMPTED	PASS	diagnostic-matcher	pass	0	
testdir:fixedbugs/issue23734.go	testdir	ATTEMPTED	FAIL	simple-execution	pass	0	
testdir:fixedbugs/issue23780.go	testdir	ATTEMPTED	PASS	simple-execution	pass	0	
testdir:fixedbugs/issue23781.go	testdir	ATTEMPTED	UPSTREAM_SKIP	native-skip	skip	0	
testdir:fixedbugs/issue23812.go	testdir	ATTEMPTED	PASS	simple-execution	pass	0	
testdir:fixedbugs/issue23814.go	testdir	ATTEMPTED	FAIL	simple-execution	pass	0	
testdir:fixedbugs/issue23823.go	testdir	ATTEMPTED	PASS	diagnostic-matcher	pass	0	
testdir:fixedbugs/issue23837.go	testdir	ATTEMPTED	FAIL	simple-execution	pass	0	
testdir:fixedbugs/issue23868.go	testdir	ATTEMPTED	PASS	simple-execution	pass	0	
testdir:fixedbugs/issue23870.go	testdir	ATTEMPTED	FAIL	simple-execution	pass	0	
testdir:fixedbugs/issue23912.go	testdir	ATTEMPTED	PASS	simple-execution	pass	0	
testdir:fixedbugs/issue24120.go	testdir	ATTEMPTED	PASS	simple-execution	pass	0	
testdir:fixedbugs/issue24159.go	testdir	ATTEMPTED	FAIL	diagnostic-matcher	pass	0	
testdir:fixedbugs/issue24173.go	testdir	ATTEMPTED	PASS	simple-execution	pass	0	
testdir:fixedbugs/issue24187.go	testdir	ATTEMPTED	UPSTREAM_SKIP	native-skip	skip	0	
testdir:fixedbugs/issue24339.go	testdir	ATTEMPTED	PASS	diagnostic-matcher	pass	0	
testdir:fixedbugs/issue24419.go	testdir	ATTEMPTED	PASS	simple-execution	pass	0	
testdir:fixedbugs/issue24449.go	testdir	ATTEMPTED	FAIL	simple-execution	pass	0	
testdir:fixedbugs/issue24470.go	testdir	ATTEMPTED	FAIL	unfinished-recipe-probe	pass	2	compile;match-diagnostics
testdir:fixedbugs/issue24488.go	testdir	ATTEMPTED	FAIL	simple-execution	pass	0	
testdir:fixedbugs/issue24491a.go	testdir	ATTEMPTED	FAIL	simple-execution	pass	0	
testdir:fixedbugs/issue24491b.go	testdir	ATTEMPTED	FAIL	simple-execution	pass	0	
testdir:fixedbugs/issue24503.go	testdir	ATTEMPTED	PASS	simple-execution	pass	0	
testdir:fixedbugs/issue24547.go	testdir	ATTEMPTED	FAIL	simple-execution	pass	0	
testdir:fixedbugs/issue24651a.go	testdir	ATTEMPTED	UPSTREAM_SKIP	native-skip	skip	0	
testdir:fixedbugs/issue24651b.go	testdir	ATTEMPTED	FAIL	unfinished-recipe-probe	pass	2	compile;match-diagnostics
testdir:fixedbugs/issue24693.go	testdir	ATTEMPTED	FAIL	unfinished-recipe-probe	pass	4	compile-packages-in-order;link;run;match-output
testdir:fixedbugs/issue24755.go	testdir	ATTEMPTED	PASS	diagnostic-matcher	pass	0	
testdir:fixedbugs/issue24760.go	testdir	ATTEMPTED	PASS	simple-execution	pass	0	
testdir:fixedbugs/issue24761.go	testdir	ATTEMPTED	FAIL	unfinished-recipe-probe	pass	1	compile-packages-in-order
testdir:fixedbugs/issue24763.go	testdir	ATTEMPTED	FAIL	simple-execution	pass	0	
testdir:fixedbugs/issue24799.go	testdir	ATTEMPTED	PASS	simple-execution	pass	0	
testdir:fixedbugs/issue24801.go	testdir	ATTEMPTED	FAIL	unfinished-recipe-probe	pass	1	compile-packages-in-order
testdir:fixedbugs/issue24817.go	testdir	ATTEMPTED	PASS	simple-execution	pass	0	
testdir:fixedbugs/issue24937.go	testdir	ATTEMPTED	FAIL	simple-execution	pass	0	
testdir:fixedbugs/issue24939.go	testdir	ATTEMPTED	PASS	simple-execution	pass	0	
testdir:fixedbugs/issue25006.go	testdir	ATTEMPTED	PASS	simple-execution	pass	0	
testdir:fixedbugs/issue25055.go	testdir	ATTEMPTED	FAIL	unfinished-recipe-probe	pass	1	compile-packages-in-order
testdir:fixedbugs/issue25101.go	testdir	ATTEMPTED	FAIL	simple-execution	pass	0	
testdir:fixedbugs/issue25322.go	testdir	ATTEMPTED	PASS	simple-execution	pass	0	
testdir:fixedbugs/issue25507.go	testdir	ATTEMPTED	FAIL	diagnostic-matcher	pass	0	
testdir:fixedbugs/issue25516.go	testdir	ATTEMPTED	FAIL	simple-execution	pass	0	
testdir:fixedbugs/issue25727.go	testdir	ATTEMPTED	PASS	diagnostic-matcher	pass	0	
testdir:fixedbugs/issue25741.go	testdir	ATTEMPTED	PASS	simple-execution	pass	0	
testdir:fixedbugs/issue25776.go	testdir	ATTEMPTED	PASS	simple-execution	pass	0	
testdir:fixedbugs/issue25897a.go	testdir	ATTEMPTED	FAIL	simple-execution	pass	0	
testdir:fixedbugs/issue25897b.go	testdir	ATTEMPTED	FAIL	simple-execution	pass	0	
testdir:fixedbugs/issue25958.go	testdir	ATTEMPTED	PASS	diagnostic-matcher	pass	0	
testdir:fixedbugs/issue25966.go	testdir	ATTEMPTED	FAIL	unfinished-recipe-probe	pass	1	compile
testdir:fixedbugs/issue25984.go	testdir	ATTEMPTED	FAIL	unfinished-recipe-probe	pass	1	compile-packages-in-order
testdir:fixedbugs/issue25993.go	testdir	ATTEMPTED	FAIL	unfinished-recipe-probe	pass	1	compile
testdir:fixedbugs/issue26024.go	testdir	ATTEMPTED	PASS	simple-execution	pass	0	
testdir:fixedbugs/issue26043.go	testdir	ATTEMPTED	PASS	simple-execution	pass	0	
testdir:fixedbugs/issue26094.go	testdir	ATTEMPTED	FAIL	simple-execution	pass	0	
testdir:fixedbugs/issue26097.go	testdir	ATTEMPTED	PASS	simple-execution	pass	0	
testdir:fixedbugs/issue26105.go	testdir	ATTEMPTED	PASS	simple-execution	pass	0	
testdir:fixedbugs/issue26116.go	testdir	ATTEMPTED	PASS	simple-execution	pass	0	
testdir:fixedbugs/issue26120.go	testdir	ATTEMPTED	FAIL	simple-execution	pass	0	
testdir:fixedbugs/issue2615.go	testdir	ATTEMPTED	FAIL	simple-execution	pass	0	
testdir:fixedbugs/issue26153.go	testdir	ATTEMPTED	PASS	simple-execution	pass	0	
testdir:fixedbugs/issue26163.go	testdir	ATTEMPTED	FAIL	unfinished-recipe-probe	pass	1	compile
testdir:fixedbugs/issue26248.go	testdir	ATTEMPTED	PASS	simple-execution	pass	0	
testdir:fixedbugs/issue26335.go	testdir	ATTEMPTED	FAIL	simple-execution	pass	0	
testdir:fixedbugs/issue26340.go	testdir	ATTEMPTED	PASS	simple-execution	pass	0	
testdir:fixedbugs/issue26341.go	testdir	ATTEMPTED	FAIL	unfinished-recipe-probe	pass	1	compile-packages-in-order
testdir:fixedbugs/issue26407.go	testdir	ATTEMPTED	PASS	simple-execution	pass	0	
testdir:fixedbugs/issue26411.go	testdir	ATTEMPTED	FAIL	unfinished-recipe-probe	pass	4	compile-or-build;link-if-needed;run;match-output
testdir:fixedbugs/issue26416.go	testdir	ATTEMPTED	FAIL	unfinished-recipe-probe	pass	2	compile;match-diagnostics
testdir:fixedbugs/issue26426.go	testdir	ATTEMPTED	PASS	simple-execution	pass	0	
testdir:fixedbugs/issue26438.go	testdir	ATTEMPTED	PASS	simple-execution	pass	0	
testdir:fixedbugs/issue26495.go	testdir	ATTEMPTED	PASS	simple-execution	pass	0	
testdir:fixedbugs/issue26616.go	testdir	ATTEMPTED	PASS	diagnostic-matcher	pass	0	
testdir:fixedbugs/issue26855.go	testdir	ATTEMPTED	PASS	diagnostic-matcher	pass	0	
testdir:fixedbugs/issue27143.go	testdir	ATTEMPTED	PASS	simple-execution	pass	0	
testdir:fixedbugs/issue27201.go	testdir	ATTEMPTED	FAIL	simple-execution	pass	0	
testdir:fixedbugs/issue27232.go	testdir	ATTEMPTED	PASS	simple-execution	pass	0	
testdir:fixedbugs/issue27267.go	testdir	ATTEMPTED	PASS	simple-execution	pass	0	
testdir:fixedbugs/issue27278.go	testdir	ATTEMPTED	FAIL	simple-execution	pass	0	
testdir:fixedbugs/issue27289.go	testdir	ATTEMPTED	FAIL	simple-execution	pass	0	
testdir:fixedbugs/issue27356.go	testdir	ATTEMPTED	PASS	diagnostic-matcher	pass	0	
testdir:fixedbugs/issue27518a.go	testdir	ATTEMPTED	FAIL	simple-execution	pass	0	
testdir:fixedbugs/issue27518b.go	testdir	ATTEMPTED	FAIL	simple-execution	pass	0	
testdir:fixedbugs/issue27557.go	testdir	ATTEMPTED	FAIL	unfinished-recipe-probe	pass	2	compile;match-diagnostics
testdir:fixedbugs/issue27595.go	testdir	ATTEMPTED	PASS	diagnostic-matcher	pass	0	
testdir:fixedbugs/issue27695.go	testdir	ATTEMPTED	FAIL	simple-execution	pass	0	
testdir:fixedbugs/issue27695b.go	testdir	ATTEMPTED	FAIL	simple-execution	pass	0	
testdir:fixedbugs/issue27695c.go	testdir	ATTEMPTED	FAIL	simple-execution	pass	0	
testdir:fixedbugs/issue27718.go	testdir	ATTEMPTED	FAIL	simple-execution	pass	0	
testdir:fixedbugs/issue27732a.go	testdir	ATTEMPTED	FAIL	unfinished-recipe-probe	pass	2	compile;match-diagnostics
testdir:fixedbugs/issue27829.go	testdir	ATTEMPTED	PASS	simple-execution	pass	0	
testdir:fixedbugs/issue27836.go	testdir	ATTEMPTED	FAIL	unfinished-recipe-probe	pass	1	compile-packages-in-order
testdir:fixedbugs/issue27938.go	testdir	ATTEMPTED	FAIL	unfinished-recipe-probe	pass	2	compile;match-diagnostics
testdir:fixedbugs/issue27961.go	testdir	ATTEMPTED	FAIL	simple-execution	pass	0	
testdir:fixedbugs/issue28053.go	testdir	ATTEMPTED	FAIL	unfinished-recipe-probe	pass	2	compile-packages-in-order;match-diagnostics
testdir:fixedbugs/issue28055.go	testdir	ATTEMPTED	PASS	simple-execution	pass	0	
testdir:fixedbugs/issue28058.go	testdir	ATTEMPTED	PASS	diagnostic-matcher	pass	0	
testdir:fixedbugs/issue28078.go	testdir	ATTEMPTED	PASS	simple-execution	pass	0	
testdir:fixedbugs/issue28079a.go	testdir	ATTEMPTED	PASS	simple-execution	pass	0	
testdir:fixedbugs/issue28079b.go	testdir	ATTEMPTED	PASS	diagnostic-matcher	pass	0	
testdir:fixedbugs/issue28079c.go	testdir	ATTEMPTED	PASS	diagnostic-matcher	pass	0	
testdir:fixedbugs/issue28085.go	testdir	ATTEMPTED	FAIL	diagnostic-matcher	pass	0	
testdir:fixedbugs/issue28268.go	testdir	ATTEMPTED	FAIL	diagnostic-matcher	pass	0	
testdir:fixedbugs/issue28390.go	testdir	ATTEMPTED	FAIL	simple-execution	pass	0	
testdir:fixedbugs/issue28430.go	testdir	ATTEMPTED	FAIL	simple-execution	pass	0	
testdir:fixedbugs/issue28445.go	testdir	ATTEMPTED	FAIL	simple-execution	pass	0	
testdir:fixedbugs/issue28450.go	testdir	ATTEMPTED	PASS	diagnostic-matcher	pass	0	
testdir:fixedbugs/issue28601.go	testdir	ATTEMPTED	FAIL	simple-execution	pass	0	
testdir:fixedbugs/issue28616.go	testdir	ATTEMPTED	FAIL	simple-execution	pass	0	
testdir:fixedbugs/issue28688.go	testdir	ATTEMPTED	FAIL	unfinished-recipe-probe	pass	4	compile-or-build;link-if-needed;run;match-output
testdir:fixedbugs/issue28748.go	testdir	ATTEMPTED	FAIL	simple-execution	pass	0	
testdir:fixedbugs/issue28797.go	testdir	ATTEMPTED	FAIL	simple-execution	pass	0	
testdir:fixedbugs/issue28926.go	testdir	ATTEMPTED	PASS	diagnostic-matcher	pass	0	
testdir:fixedbugs/issue29013a.go	testdir	ATTEMPTED	FAIL	simple-execution	pass	0	
testdir:fixedbugs/issue29013b.go	testdir	ATTEMPTED	FAIL	simple-execution	pass	0	
testdir:fixedbugs/issue29190.go	testdir	ATTEMPTED	FAIL	simple-execution	pass	0	
testdir:fixedbugs/issue29215.go	testdir	ATTEMPTED	PASS	simple-execution	pass	0	
testdir:fixedbugs/issue29218.go	testdir	ATTEMPTED	FAIL	simple-execution	pass	0	
testdir:fixedbugs/issue29220.go	testdir	ATTEMPTED	PASS	simple-execution	pass	0	
testdir:fixedbugs/issue29264.go	testdir	ATTEMPTED	FAIL	simple-execution	pass	0	
testdir:fixedbugs/issue29304.go	testdir	ATTEMPTED	FAIL	simple-execution	pass	0	
testdir:fixedbugs/issue29312.go	testdir	ATTEMPTED	FAIL	simple-execution	pass	0	
testdir:fixedbugs/issue29329.go	testdir	ATTEMPTED	UPSTREAM_SKIP	native-skip	skip	0	
testdir:fixedbugs/issue29350.go	testdir	ATTEMPTED	PASS	simple-execution	pass	0	
testdir:fixedbugs/issue29362.go	testdir	ATTEMPTED	FAIL	simple-execution	pass	0	
testdir:fixedbugs/issue29362b.go	testdir	ATTEMPTED	FAIL	simple-execution	pass	0	
testdir:fixedbugs/issue29389.go	testdir	ATTEMPTED	FAIL	simple-execution	pass	0	
testdir:fixedbugs/issue29402.go	testdir	ATTEMPTED	PASS	simple-execution	pass	0	
testdir:fixedbugs/issue29504.go	testdir	ATTEMPTED	FAIL	simple-execution	pass	0	
testdir:fixedbugs/issue29562.go	testdir	ATTEMPTED	PASS	simple-execution	pass	0	
testdir:fixedbugs/issue29610.go	testdir	ATTEMPTED	FAIL	unfinished-recipe-probe	pass	4	compile-packages-in-order;link;run;match-output
testdir:fixedbugs/issue29612.go	testdir	ATTEMPTED	FAIL	unfinished-recipe-probe	pass	4	overlay-directory;generate-module;build-and-run-package;match-output
testdir:fixedbugs/issue29735.go	testdir	ATTEMPTED	FAIL	simple-execution	pass	0	
testdir:fixedbugs/issue29855.go	testdir	ATTEMPTED	PASS	diagnostic-matcher	pass	0	
testdir:fixedbugs/issue29870.go	testdir	ATTEMPTED	PASS	simple-execution	pass	0	
testdir:fixedbugs/issue29870b.go	testdir	ATTEMPTED	PASS	diagnostic-matcher	pass	0	
testdir:fixedbugs/issue29919.go	testdir	ATTEMPTED	FAIL	unfinished-recipe-probe	pass	4	compile-packages-in-order;link;run;match-output
testdir:fixedbugs/issue29943.go	testdir	ATTEMPTED	PASS	simple-execution	pass	0	
testdir:fixedbugs/issue30041.go	testdir	ATTEMPTED	FAIL	simple-execution	pass	0	
testdir:fixedbugs/issue30061.go	testdir	ATTEMPTED	FAIL	simple-execution	pass	0	
testdir:fixedbugs/issue30085.go	testdir	ATTEMPTED	PASS	diagnostic-matcher	pass	0	
testdir:fixedbugs/issue30087.go	testdir	ATTEMPTED	PASS	diagnostic-matcher	pass	0	
testdir:fixedbugs/issue30116.go	testdir	ATTEMPTED	FAIL	simple-execution	pass	0	
testdir:fixedbugs/issue30116u.go	testdir	ATTEMPTED	FAIL	simple-execution	pass	0	
testdir:fixedbugs/issue30243.go	testdir	ATTEMPTED	PASS	simple-execution	pass	0	
testdir:fixedbugs/issue30430.go	testdir	ATTEMPTED	PASS	simple-execution	pass	0	
testdir:fixedbugs/issue30476.go	testdir	ATTEMPTED	FAIL	simple-execution	pass	0	
testdir:fixedbugs/issue30566a.go	testdir	NOT_ATTEMPTED	NONE	not-reached-before-wall-clock-cap	NONE	4	compile-or-build;link-if-needed;run;match-output
testdir:fixedbugs/issue30566b.go	testdir	NOT_ATTEMPTED	NONE	not-reached-before-wall-clock-cap	NONE	4	compile-or-build;link-if-needed;run;match-output
testdir:fixedbugs/issue30606.go	testdir	NOT_ATTEMPTED	NONE	not-reached-before-wall-clock-cap	NONE	4	compile-or-build;link-if-needed;run;match-output
testdir:fixedbugs/issue30606b.go	testdir	NOT_ATTEMPTED	NONE	not-reached-before-wall-clock-cap	NONE	4	compile-or-build;link-if-needed;run;match-output
testdir:fixedbugs/issue30659.go	testdir	NOT_ATTEMPTED	NONE	not-reached-before-wall-clock-cap	NONE	1	compile-packages-in-order
testdir:fixedbugs/issue30679.go	testdir	NOT_ATTEMPTED	NONE	not-reached-before-wall-clock-cap	NONE	1	compile
testdir:fixedbugs/issue30709.go	testdir	NOT_ATTEMPTED	NONE	not-reached-before-wall-clock-cap	NONE	4	compile-or-build;link-if-needed;run;match-output
testdir:fixedbugs/issue30722.go	testdir	NOT_ATTEMPTED	NONE	not-reached-before-wall-clock-cap	NONE	2	compile;match-diagnostics
testdir:fixedbugs/issue30862.go	testdir	NOT_ATTEMPTED	NONE	not-reached-before-wall-clock-cap	NONE	4	overlay-directory;generate-module;build-and-run-package;match-output
testdir:fixedbugs/issue30898.go	testdir	NOT_ATTEMPTED	NONE	not-reached-before-wall-clock-cap	NONE	2	compile;match-diagnostics
testdir:fixedbugs/issue30907.go	testdir	NOT_ATTEMPTED	NONE	not-reached-before-wall-clock-cap	NONE	1	compile-packages-in-order
testdir:fixedbugs/issue30908.go	testdir	NOT_ATTEMPTED	NONE	not-reached-before-wall-clock-cap	NONE	4	compile-packages-in-order;link;run;match-output
testdir:fixedbugs/issue30956.go	testdir	NOT_ATTEMPTED	NONE	not-reached-before-wall-clock-cap	NONE	4	compile-or-build;link-if-needed;run;match-output
testdir:fixedbugs/issue30977.go	testdir	NOT_ATTEMPTED	NONE	not-reached-before-wall-clock-cap	NONE	4	compile-or-build;link-if-needed;run;match-output
testdir:fixedbugs/issue31010.go	testdir	NOT_ATTEMPTED	NONE	not-reached-before-wall-clock-cap	NONE	1	compile
testdir:fixedbugs/issue31053.go	testdir	NOT_ATTEMPTED	NONE	not-reached-before-wall-clock-cap	NONE	2	compile-packages-in-order;match-diagnostics
testdir:fixedbugs/issue31060.go	testdir	NOT_ATTEMPTED	NONE	not-reached-before-wall-clock-cap	NONE	2	compile;match-diagnostics
testdir:fixedbugs/issue31252.go	testdir	NOT_ATTEMPTED	NONE	not-reached-before-wall-clock-cap	NONE	1	compile-packages-in-order
testdir:fixedbugs/issue31412a.go	testdir	NOT_ATTEMPTED	NONE	not-reached-before-wall-clock-cap	NONE	1	compile
testdir:fixedbugs/issue31412b.go	testdir	NOT_ATTEMPTED	NONE	not-reached-before-wall-clock-cap	NONE	2	compile;match-diagnostics
testdir:fixedbugs/issue31419.go	testdir	NOT_ATTEMPTED	NONE	not-reached-before-wall-clock-cap	NONE	4	compile-or-build;link-if-needed;run;match-output
testdir:fixedbugs/issue31546.go	testdir	NOT_ATTEMPTED	NONE	not-reached-before-wall-clock-cap	NONE	4	compile-or-build;link-if-needed;run;match-output
testdir:fixedbugs/issue31573.go	testdir	NOT_ATTEMPTED	NONE	not-reached-before-wall-clock-cap	NONE	2	compile;match-diagnostics
testdir:fixedbugs/issue31636.go	testdir	NOT_ATTEMPTED	NONE	not-reached-before-wall-clock-cap	NONE	4	compile-packages-in-order;link;run;match-output
testdir:fixedbugs/issue31637.go	testdir	NOT_ATTEMPTED	NONE	not-reached-before-wall-clock-cap	NONE	1	compile-packages-in-order
testdir:fixedbugs/issue31747.go	testdir	NOT_ATTEMPTED	NONE	not-reached-before-wall-clock-cap	NONE	2	compile;match-diagnostics
testdir:fixedbugs/issue31777.go	testdir	NOT_ATTEMPTED	NONE	not-reached-before-wall-clock-cap	NONE	1	compile
testdir:fixedbugs/issue31782.go	testdir	NOT_ATTEMPTED	NONE	not-reached-before-wall-clock-cap	NONE	4	compile-or-build;link-if-needed;run;match-output
testdir:fixedbugs/issue31915.go	testdir	NOT_ATTEMPTED	NONE	not-reached-before-wall-clock-cap	NONE	1	compile
testdir:fixedbugs/issue31959.go	testdir	NOT_ATTEMPTED	NONE	not-reached-before-wall-clock-cap	NONE	4	compile-packages-in-order;link;run;match-output
testdir:fixedbugs/issue31987.go	testdir	NOT_ATTEMPTED	NONE	not-reached-before-wall-clock-cap	NONE	4	compile-or-build;link-if-needed;run;match-output
testdir:fixedbugs/issue32133.go	testdir	NOT_ATTEMPTED	NONE	not-reached-before-wall-clock-cap	NONE	2	compile;match-diagnostics
testdir:fixedbugs/issue32175.go	testdir	NOT_ATTEMPTED	NONE	not-reached-before-wall-clock-cap	NONE	4	compile-or-build;link-if-needed;run;match-output
testdir:fixedbugs/issue32187.go	testdir	NOT_ATTEMPTED	NONE	not-reached-before-wall-clock-cap	NONE	4	compile-or-build;link-if-needed;run;match-output
testdir:fixedbugs/issue32288.go	testdir	NOT_ATTEMPTED	NONE	not-reached-before-wall-clock-cap	NONE	4	compile-or-build;link-if-needed;run;match-output
testdir:fixedbugs/issue32347.go	testdir	NOT_ATTEMPTED	NONE	not-reached-before-wall-clock-cap	NONE	1	compile
testdir:fixedbugs/issue32454.go	testdir	NOT_ATTEMPTED	NONE	not-reached-before-wall-clock-cap	NONE	1	compile
testdir:fixedbugs/issue32477.go	testdir	NOT_ATTEMPTED	NONE	not-reached-before-wall-clock-cap	NONE	4	compile-or-build;link-if-needed;run;match-output
testdir:fixedbugs/issue32560.go	testdir	NOT_ATTEMPTED	NONE	not-reached-before-wall-clock-cap	NONE	4	compile-or-build;link-if-needed;run;match-output
testdir:fixedbugs/issue32595.go	testdir	NOT_ATTEMPTED	NONE	not-reached-before-wall-clock-cap	NONE	4	compile-packages-in-order;link;run;match-output
testdir:fixedbugs/issue32680.go	testdir	NOT_ATTEMPTED	NONE	not-reached-before-wall-clock-cap	NONE	4	compile-or-build;link-if-needed;run;match-output
testdir:fixedbugs/issue32680b.go	testdir	NOT_ATTEMPTED	NONE	not-reached-before-wall-clock-cap	NONE	1	compile
testdir:fixedbugs/issue32723.go	testdir	NOT_ATTEMPTED	NONE	not-reached-before-wall-clock-cap	NONE	2	compile;match-diagnostics
testdir:fixedbugs/issue32778.go	testdir	NOT_ATTEMPTED	NONE	not-reached-before-wall-clock-cap	NONE	1	compile-packages-in-order
testdir:fixedbugs/issue32901.go	testdir	NOT_ATTEMPTED	NONE	not-reached-before-wall-clock-cap	NONE	4	compile-packages-in-order;link;run;match-output
testdir:fixedbugs/issue32922.go	testdir	NOT_ATTEMPTED	NONE	not-reached-before-wall-clock-cap	NONE	1	compile-packages-in-order
testdir:fixedbugs/issue32959.go	testdir	NOT_ATTEMPTED	NONE	not-reached-before-wall-clock-cap	NONE	1	compile
testdir:fixedbugs/issue33013.go	testdir	NOT_ATTEMPTED	NONE	not-reached-before-wall-clock-cap	NONE	1	compile-packages-in-order
testdir:fixedbugs/issue33020.go	testdir	NOT_ATTEMPTED	NONE	not-reached-before-wall-clock-cap	NONE	1	compile-packages-in-order
testdir:fixedbugs/issue33020a.go	testdir	NOT_ATTEMPTED	NONE	not-reached-before-wall-clock-cap	NONE	1	compile-packages-in-order
testdir:fixedbugs/issue33062.go	testdir	NOT_ATTEMPTED	NONE	not-reached-before-wall-clock-cap	NONE	4	compile-or-build;link-if-needed;run;match-output
testdir:fixedbugs/issue33158.go	testdir	NOT_ATTEMPTED	NONE	not-reached-before-wall-clock-cap	NONE	1	compile-packages-in-order
testdir:fixedbugs/issue33219.go	testdir	NOT_ATTEMPTED	NONE	not-reached-before-wall-clock-cap	NONE	1	compile-packages-in-order
testdir:fixedbugs/issue33275.go	testdir	NOT_ATTEMPTED	NONE	not-reached-before-wall-clock-cap	NONE	1	upstream-explicit-skip
testdir:fixedbugs/issue33275_run.go	testdir	NOT_ATTEMPTED	NONE	not-reached-before-wall-clock-cap	NONE	4	compile-or-build;link-if-needed;run;match-output
testdir:fixedbugs/issue33308.go	testdir	NOT_ATTEMPTED	NONE	not-reached-before-wall-clock-cap	NONE	2	compile;match-diagnostics
testdir:fixedbugs/issue33355.go	testdir	NOT_ATTEMPTED	NONE	not-reached-before-wall-clock-cap	NONE	1	compile
testdir:fixedbugs/issue33386.go	testdir	NOT_ATTEMPTED	NONE	not-reached-before-wall-clock-cap	NONE	2	compile;match-diagnostics
testdir:fixedbugs/issue33438.go	testdir	NOT_ATTEMPTED	NONE	not-reached-before-wall-clock-cap	NONE	1	compile
testdir:fixedbugs/issue33460.go	testdir	NOT_ATTEMPTED	NONE	not-reached-before-wall-clock-cap	NONE	2	compile;match-diagnostics
testdir:fixedbugs/issue33555.go	testdir	NOT_ATTEMPTED	NONE	not-reached-before-wall-clock-cap	NONE	4	compile-or-build;link-if-needed;run;match-output
testdir:fixedbugs/issue33724.go	testdir	NOT_ATTEMPTED	NONE	not-reached-before-wall-clock-cap	NONE	4	compile-or-build;link-if-needed;run;match-output
testdir:fixedbugs/issue33739.go	testdir	NOT_ATTEMPTED	NONE	not-reached-before-wall-clock-cap	NONE	4	compile-packages-in-order;link;run;match-output
testdir:fixedbugs/issue33866.go	testdir	NOT_ATTEMPTED	NONE	not-reached-before-wall-clock-cap	NONE	1	compile-packages-in-order
testdir:fixedbugs/issue33903.go	testdir	NOT_ATTEMPTED	NONE	not-reached-before-wall-clock-cap	NONE	1	compile
testdir:fixedbugs/issue34123.go	testdir	NOT_ATTEMPTED	NONE	not-reached-before-wall-clock-cap	NONE	4	compile-or-build;link-if-needed;run;match-output
testdir:fixedbugs/issue34329.go	testdir	NOT_ATTEMPTED	NONE	not-reached-before-wall-clock-cap	NONE	2	compile;match-diagnostics
testdir:fixedbugs/issue34395.go	testdir	NOT_ATTEMPTED	NONE	not-reached-before-wall-clock-cap	NONE	4	compile-or-build;link-if-needed;run;match-output
testdir:fixedbugs/issue34503.go	testdir	NOT_ATTEMPTED	NONE	not-reached-before-wall-clock-cap	NONE	1	compile-packages-in-order
testdir:fixedbugs/issue34520.go	testdir	NOT_ATTEMPTED	NONE	not-reached-before-wall-clock-cap	NONE	1	compile
testdir:fixedbugs/issue34577.go	testdir	NOT_ATTEMPTED	NONE	not-reached-before-wall-clock-cap	NONE	1	compile-packages-in-order
testdir:fixedbugs/issue34723.go	testdir	NOT_ATTEMPTED	NONE	not-reached-before-wall-clock-cap	NONE	2	compile;match-diagnostics
testdir:fixedbugs/issue34966.go	testdir	NOT_ATTEMPTED	NONE	not-reached-before-wall-clock-cap	NONE	1	compile
testdir:fixedbugs/issue34968.go	testdir	NOT_ATTEMPTED	NONE	not-reached-before-wall-clock-cap	NONE	4	compile-or-build;link-if-needed;run;match-output
testdir:fixedbugs/issue35027.go	testdir	NOT_ATTEMPTED	NONE	not-reached-before-wall-clock-cap	NONE	4	compile-or-build;link-if-needed;run;match-output
testdir:fixedbugs/issue35073a.go	testdir	NOT_ATTEMPTED	NONE	not-reached-before-wall-clock-cap	NONE	4	compile-or-build;link-if-needed;run;match-output
testdir:fixedbugs/issue35073b.go	testdir	NOT_ATTEMPTED	NONE	not-reached-before-wall-clock-cap	NONE	2	compile;match-diagnostics
testdir:fixedbugs/issue35157.go	testdir	NOT_ATTEMPTED	NONE	not-reached-before-wall-clock-cap	NONE	1	compile
testdir:fixedbugs/issue35291.go	testdir	NOT_ATTEMPTED	NONE	not-reached-before-wall-clock-cap	NONE	2	compile;match-diagnostics
testdir:fixedbugs/issue35518.go	testdir	NOT_ATTEMPTED	NONE	not-reached-before-wall-clock-cap	NONE	2	compile;match-diagnostics
testdir:fixedbugs/issue3552.go	testdir	NOT_ATTEMPTED	NONE	not-reached-before-wall-clock-cap	NONE	1	compile-packages-in-order
testdir:fixedbugs/issue35576.go	testdir	NOT_ATTEMPTED	NONE	not-reached-before-wall-clock-cap	NONE	4	compile-or-build;link-if-needed;run;match-output
testdir:fixedbugs/issue35586.go	testdir	NOT_ATTEMPTED	NONE	not-reached-before-wall-clock-cap	NONE	1	compile-packages-in-order
testdir:fixedbugs/issue35652.go	testdir	NOT_ATTEMPTED	NONE	not-reached-before-wall-clock-cap	NONE	1	compile
testdir:fixedbugs/issue35739.go	testdir	NOT_ATTEMPTED	NONE	not-reached-before-wall-clock-cap	NONE	1	compile-packages-in-order
testdir:fixedbugs/issue36085.go	testdir	NOT_ATTEMPTED	NONE	not-reached-before-wall-clock-cap	NONE	1	compile-packages-in-order
testdir:fixedbugs/issue36259.go	testdir	NOT_ATTEMPTED	NONE	not-reached-before-wall-clock-cap	NONE	1	compile
testdir:fixedbugs/issue36437.go	testdir	NOT_ATTEMPTED	NONE	not-reached-before-wall-clock-cap	NONE	4	compile-or-build;link-if-needed;run;match-output
testdir:fixedbugs/issue36516.go	testdir	NOT_ATTEMPTED	NONE	not-reached-before-wall-clock-cap	NONE	4	compile-or-build;link-if-needed;run;match-output
testdir:fixedbugs/issue36705.go	testdir	NOT_ATTEMPTED	NONE	not-reached-before-wall-clock-cap	NONE	4	compile-or-build;link-if-needed;run;match-output
testdir:fixedbugs/issue36723.go	testdir	NOT_ATTEMPTED	NONE	not-reached-before-wall-clock-cap	NONE	1	compile
testdir:fixedbugs/issue3705.go	testdir	NOT_ATTEMPTED	NONE	not-reached-before-wall-clock-cap	NONE	2	compile;match-diagnostics
testdir:fixedbugs/issue37246.go	testdir	NOT_ATTEMPTED	NONE	not-reached-before-wall-clock-cap	NONE	1	compile
testdir:fixedbugs/issue37513.go	testdir	NOT_ATTEMPTED	NONE	not-reached-before-wall-clock-cap	NONE	7	assemble-symabis-if-present;compile;assemble-if-present;pack;link;run;match-output
testdir:fixedbugs/issue37716.go	testdir	NOT_ATTEMPTED	NONE	not-reached-before-wall-clock-cap	NONE	4	compile-or-build;link-if-needed;run;match-output
testdir:fixedbugs/issue37753.go	testdir	NOT_ATTEMPTED	NONE	not-reached-before-wall-clock-cap	NONE	4	compile-or-build;link-if-needed;run;match-output
testdir:fixedbugs/issue3783.go	testdir	NOT_ATTEMPTED	NONE	not-reached-before-wall-clock-cap	NONE	2	compile;match-diagnostics
testdir:fixedbugs/issue37837.go	testdir	NOT_ATTEMPTED	NONE	not-reached-before-wall-clock-cap	NONE	6	compile-packages-in-order;match-diagnostics;compile-packages-in-order;link;run;match-output
testdir:fixedbugs/issue37975.go	testdir	NOT_ATTEMPTED	NONE	not-reached-before-wall-clock-cap	NONE	4	compile-or-build;link-if-needed;run;match-output
testdir:fixedbugs/issue38093.go	testdir	NOT_ATTEMPTED	NONE	not-reached-before-wall-clock-cap	NONE	4	compile-or-build;link-if-needed;run;match-output
testdir:fixedbugs/issue38117.go	testdir	NOT_ATTEMPTED	NONE	not-reached-before-wall-clock-cap	NONE	2	compile;match-diagnostics
testdir:fixedbugs/issue38125.go	testdir	NOT_ATTEMPTED	NONE	not-reached-before-wall-clock-cap	NONE	1	compile
testdir:fixedbugs/issue38356.go	testdir	NOT_ATTEMPTED	NONE	not-reached-before-wall-clock-cap	NONE	1	compile
testdir:fixedbugs/issue38359.go	testdir	NOT_ATTEMPTED	NONE	not-reached-before-wall-clock-cap	NONE	1	compile
testdir:fixedbugs/issue38496.go	testdir	NOT_ATTEMPTED	NONE	not-reached-before-wall-clock-cap	NONE	4	compile-or-build;link-if-needed;run;match-output
testdir:fixedbugs/issue38690.go	testdir	NOT_ATTEMPTED	NONE	not-reached-before-wall-clock-cap	NONE	1	compile
testdir:fixedbugs/issue38698.go	testdir	NOT_ATTEMPTED	NONE	not-reached-before-wall-clock-cap	NONE	1	compile
testdir:fixedbugs/issue38745.go	testdir	NOT_ATTEMPTED	NONE	not-reached-before-wall-clock-cap	NONE	2	compile;match-diagnostics
testdir:fixedbugs/issue38746.go	testdir	NOT_ATTEMPTED	NONE	not-reached-before-wall-clock-cap	NONE	1	compile
testdir:fixedbugs/issue38905.go	testdir	NOT_ATTEMPTED	NONE	not-reached-before-wall-clock-cap	NONE	1	compile
testdir:fixedbugs/issue38916.go	testdir	NOT_ATTEMPTED	NONE	not-reached-before-wall-clock-cap	NONE	1	compile
testdir:fixedbugs/issue3925.go	testdir	NOT_ATTEMPTED	NONE	not-reached-before-wall-clock-cap	NONE	2	compile;match-diagnostics
testdir:fixedbugs/issue39292.go	testdir	NOT_ATTEMPTED	NONE	not-reached-before-wall-clock-cap	NONE	2	compile;match-diagnostics
testdir:fixedbugs/issue39459.go	testdir	NOT_ATTEMPTED	NONE	not-reached-before-wall-clock-cap	NONE	1	compile
testdir:fixedbugs/issue39472.go	testdir	NOT_ATTEMPTED	NONE	not-reached-before-wall-clock-cap	NONE	1	compile
testdir:fixedbugs/issue39505.go	testdir	NOT_ATTEMPTED	NONE	not-reached-before-wall-clock-cap	NONE	1	compile
testdir:fixedbugs/issue39505b.go	testdir	NOT_ATTEMPTED	NONE	not-reached-before-wall-clock-cap	NONE	4	compile-or-build;link-if-needed;run;match-output
testdir:fixedbugs/issue39541.go	testdir	NOT_ATTEMPTED	NONE	not-reached-before-wall-clock-cap	NONE	4	compile-or-build;link-if-needed;run;match-output
testdir:fixedbugs/issue39651.go	testdir	NOT_ATTEMPTED	NONE	not-reached-before-wall-clock-cap	NONE	4	compile-or-build;link-if-needed;run;match-output
testdir:fixedbugs/issue40152.go	testdir	NOT_ATTEMPTED	NONE	not-reached-before-wall-clock-cap	NONE	4	compile-or-build;link-if-needed;run;match-output
testdir:fixedbugs/issue40252.go	testdir	NOT_ATTEMPTED	NONE	not-reached-before-wall-clock-cap	NONE	4	compile-packages-in-order;link;run;match-output
testdir:fixedbugs/issue40367.go	testdir	NOT_ATTEMPTED	NONE	not-reached-before-wall-clock-cap	NONE	4	compile-or-build;link-if-needed;run;match-output
testdir:fixedbugs/issue40629.go	testdir	NOT_ATTEMPTED	NONE	not-reached-before-wall-clock-cap	NONE	4	compile-or-build;link-if-needed;run;match-output
testdir:fixedbugs/issue4066.go	testdir	NOT_ATTEMPTED	NONE	not-reached-before-wall-clock-cap	NONE	4	compile-or-build;link-if-needed;run;match-output
testdir:fixedbugs/issue40746.go	testdir	NOT_ATTEMPTED	NONE	not-reached-before-wall-clock-cap	NONE	1	compile
testdir:fixedbugs/issue4085a.go	testdir	NOT_ATTEMPTED	NONE	not-reached-before-wall-clock-cap	NONE	2	compile;match-diagnostics
testdir:fixedbugs/issue4085b.go	testdir	NOT_ATTEMPTED	NONE	not-reached-before-wall-clock-cap	NONE	4	compile-or-build;link-if-needed;run;match-output
testdir:fixedbugs/issue40917.go	testdir	NOT_ATTEMPTED	NONE	not-reached-before-wall-clock-cap	NONE	4	compile-or-build;link-if-needed;run;match-output
testdir:fixedbugs/issue40954.go	testdir	NOT_ATTEMPTED	NONE	not-reached-before-wall-clock-cap	NONE	4	compile-or-build;link-if-needed;run;match-output
testdir:fixedbugs/issue4097.go	testdir	NOT_ATTEMPTED	NONE	not-reached-before-wall-clock-cap	NONE	2	compile;match-diagnostics
testdir:fixedbugs/issue4099.go	testdir	NOT_ATTEMPTED	NONE	not-reached-before-wall-clock-cap	NONE	2	compile;match-diagnostics
testdir:fixedbugs/issue41239.go	testdir	NOT_ATTEMPTED	NONE	not-reached-before-wall-clock-cap	NONE	4	compile-or-build;link-if-needed;run;match-output
testdir:fixedbugs/issue41247.go	testdir	NOT_ATTEMPTED	NONE	not-reached-before-wall-clock-cap	NONE	2	compile;match-diagnostics
testdir:fixedbugs/issue41440.go	testdir	NOT_ATTEMPTED	NONE	not-reached-before-wall-clock-cap	NONE	2	compile;match-diagnostics
testdir:fixedbugs/issue41500.go	testdir	NOT_ATTEMPTED	NONE	not-reached-before-wall-clock-cap	NONE	2	compile;match-diagnostics
testdir:fixedbugs/issue41575.go	testdir	NOT_ATTEMPTED	NONE	not-reached-before-wall-clock-cap	NONE	2	compile;match-diagnostics
testdir:fixedbugs/issue4162.go	testdir	NOT_ATTEMPTED	NONE	not-reached-before-wall-clock-cap	NONE	1	compile
testdir:fixedbugs/issue41635.go	testdir	NOT_ATTEMPTED	NONE	not-reached-before-wall-clock-cap	NONE	2	compile;match-diagnostics
testdir:fixedbugs/issue4167.go	testdir	NOT_ATTEMPTED	NONE	not-reached-before-wall-clock-cap	NONE	4	compile-or-build;link-if-needed;run;match-output
testdir:fixedbugs/issue41680.go	testdir	NOT_ATTEMPTED	NONE	not-reached-before-wall-clock-cap	NONE	1	compile
testdir:fixedbugs/issue41736.go	testdir	NOT_ATTEMPTED	NONE	not-reached-before-wall-clock-cap	NONE	1	compile
testdir:fixedbugs/issue41780.go	testdir	NOT_ATTEMPTED	NONE	not-reached-before-wall-clock-cap	NONE	4	compile-or-build;link-if-needed;run;match-output
testdir:fixedbugs/issue41872.go	testdir	NOT_ATTEMPTED	NONE	not-reached-before-wall-clock-cap	NONE	4	compile-or-build;link-if-needed;run;match-output
testdir:fixedbugs/issue42032.go	testdir	NOT_ATTEMPTED	NONE	not-reached-before-wall-clock-cap	NONE	4	compile-or-build;link-if-needed;run;match-output
testdir:fixedbugs/issue42058a.go	testdir	NOT_ATTEMPTED	NONE	not-reached-before-wall-clock-cap	NONE	2	compile;match-diagnostics
testdir:fixedbugs/issue42058b.go	testdir	NOT_ATTEMPTED	NONE	not-reached-before-wall-clock-cap	NONE	2	compile;match-diagnostics
testdir:fixedbugs/issue42075.go	testdir	NOT_ATTEMPTED	NONE	not-reached-before-wall-clock-cap	NONE	2	compile;match-diagnostics
testdir:fixedbugs/issue42076.go	testdir	NOT_ATTEMPTED	NONE	not-reached-before-wall-clock-cap	NONE	4	compile-or-build;link-if-needed;run;match-output
testdir:fixedbugs/issue4215.go	testdir	NOT_ATTEMPTED	NONE	not-reached-before-wall-clock-cap	NONE	2	compile;match-diagnostics
testdir:fixedbugs/issue42284.go	testdir	NOT_ATTEMPTED	NONE	not-reached-before-wall-clock-cap	NONE	2	compile-packages-in-order;match-diagnostics
testdir:fixedbugs/issue4232.go	testdir	NOT_ATTEMPTED	NONE	not-reached-before-wall-clock-cap	NONE	2	compile;match-diagnostics
testdir:fixedbugs/issue42401.go	testdir	NOT_ATTEMPTED	NONE	not-reached-before-wall-clock-cap	NONE	4	compile-packages-in-order;link;run;match-output
testdir:fixedbugs/issue4251.go	testdir	NOT_ATTEMPTED	NONE	not-reached-before-wall-clock-cap	NONE	2	compile;match-diagnostics
testdir:fixedbugs/issue4252.go	testdir	NOT_ATTEMPTED	NONE	not-reached-before-wall-clock-cap	NONE	4	compile-packages-in-order;link;run;match-output
testdir:fixedbugs/issue42568.go	testdir	NOT_ATTEMPTED	NONE	not-reached-before-wall-clock-cap	NONE	1	compile
testdir:fixedbugs/issue42587.go	testdir	NOT_ATTEMPTED	NONE	not-reached-before-wall-clock-cap	NONE	1	compile
testdir:fixedbugs/issue4264.go	testdir	NOT_ATTEMPTED	NONE	not-reached-before-wall-clock-cap	NONE	2	compile;match-diagnostics
testdir:fixedbugs/issue42686.go	testdir	NOT_ATTEMPTED	NONE	not-reached-before-wall-clock-cap	NONE	1	compile
testdir:fixedbugs/issue42703.go	testdir	NOT_ATTEMPTED	NONE	not-reached-before-wall-clock-cap	NONE	4	compile-or-build;link-if-needed;run;match-output
testdir:fixedbugs/issue42727.go	testdir	NOT_ATTEMPTED	NONE	not-reached-before-wall-clock-cap	NONE	1	compile
testdir:fixedbugs/issue42753.go	testdir	NOT_ATTEMPTED	NONE	not-reached-before-wall-clock-cap	NONE	1	compile
testdir:fixedbugs/issue42784.go	testdir	NOT_ATTEMPTED	NONE	not-reached-before-wall-clock-cap	NONE	1	compile
testdir:fixedbugs/issue42790.go	testdir	NOT_ATTEMPTED	NONE	not-reached-before-wall-clock-cap	NONE	1	compile
testdir:fixedbugs/issue4283.go	testdir	NOT_ATTEMPTED	NONE	not-reached-before-wall-clock-cap	NONE	2	compile;match-diagnostics
testdir:fixedbugs/issue42876.go	testdir	NOT_ATTEMPTED	NONE	not-reached-before-wall-clock-cap	NONE	4	compile-or-build;link-if-needed;run;match-output
testdir:fixedbugs/issue42944.go	testdir	NOT_ATTEMPTED	NONE	not-reached-before-wall-clock-cap	NONE	2	compile;match-diagnostics
testdir:fixedbugs/issue43099.go	testdir	NOT_ATTEMPTED	NONE	not-reached-before-wall-clock-cap	NONE	1	compile
testdir:fixedbugs/issue43111.go	testdir	NOT_ATTEMPTED	NONE	not-reached-before-wall-clock-cap	NONE	4	compile-or-build;link-if-needed;run;match-output
testdir:fixedbugs/issue43112.go	testdir	NOT_ATTEMPTED	NONE	not-reached-before-wall-clock-cap	NONE	1	compile
testdir:fixedbugs/issue4313.go	testdir	NOT_ATTEMPTED	NONE	not-reached-before-wall-clock-cap	NONE	4	compile-or-build;link-if-needed;run;match-output
testdir:fixedbugs/issue4316.go	testdir	NOT_ATTEMPTED	NONE	not-reached-before-wall-clock-cap	NONE	4	compile-or-build;link-if-needed;run;match-output
testdir:fixedbugs/issue43164.go	testdir	NOT_ATTEMPTED	NONE	not-reached-before-wall-clock-cap	NONE	1	compile-packages-in-order
testdir:fixedbugs/issue43167.go	testdir	NOT_ATTEMPTED	NONE	not-reached-before-wall-clock-cap	NONE	2	compile;match-diagnostics
testdir:fixedbugs/issue4323.go	testdir	NOT_ATTEMPTED	NONE	not-reached-before-wall-clock-cap	NONE	1	compile
testdir:fixedbugs/issue4326.go	testdir	NOT_ATTEMPTED	NONE	not-reached-before-wall-clock-cap	NONE	1	compile-packages-in-order
testdir:fixedbugs/issue43292.go	testdir	NOT_ATTEMPTED	NONE	not-reached-before-wall-clock-cap	NONE	4	compile-or-build;link-if-needed;run;match-output
testdir:fixedbugs/issue43384.go	testdir	NOT_ATTEMPTED	NONE	not-reached-before-wall-clock-cap	NONE	2	compile;match-diagnostics
testdir:fixedbugs/issue43428.go	testdir	NOT_ATTEMPTED	NONE	not-reached-before-wall-clock-cap	NONE	2	compile;match-diagnostics
testdir:fixedbugs/issue43444.go	testdir	NOT_ATTEMPTED	NONE	not-reached-before-wall-clock-cap	NONE	4	compile-or-build;link-if-needed;run;match-output
testdir:fixedbugs/issue43479.go	testdir	NOT_ATTEMPTED	NONE	not-reached-before-wall-clock-cap	NONE	1	compile-packages-in-order
testdir:fixedbugs/issue4348.go	testdir	NOT_ATTEMPTED	NONE	not-reached-before-wall-clock-cap	NONE	1	upstream-explicit-skip
testdir:fixedbugs/issue43480.go	testdir	NOT_ATTEMPTED	NONE	not-reached-before-wall-clock-cap	NONE	4	compile-or-build;link-if-needed;run;match-output
testdir:fixedbugs/issue4353.go	testdir	NOT_ATTEMPTED	NONE	not-reached-before-wall-clock-cap	NONE	4	compile-or-build;link-if-needed;run;match-output
testdir:fixedbugs/issue43551.go	testdir	NOT_ATTEMPTED	NONE	not-reached-before-wall-clock-cap	NONE	1	compile-packages-in-order
testdir:fixedbugs/issue43570.go	testdir	NOT_ATTEMPTED	NONE	not-reached-before-wall-clock-cap	NONE	4	compile-or-build;link-if-needed;run;match-output
testdir:fixedbugs/issue4359.go	testdir	NOT_ATTEMPTED	NONE	not-reached-before-wall-clock-cap	NONE	2	compile;match-diagnostics
testdir:fixedbugs/issue43619.go	testdir	NOT_ATTEMPTED	NONE	not-reached-before-wall-clock-cap	NONE	4	compile-or-build;link-if-needed;run;match-output
testdir:fixedbugs/issue43633.go	testdir	NOT_ATTEMPTED	NONE	not-reached-before-wall-clock-cap	NONE	4	compile-packages-in-order;link;run;match-output
testdir:fixedbugs/issue4365.go	testdir	NOT_ATTEMPTED	NONE	not-reached-before-wall-clock-cap	NONE	2	compile;match-diagnostics
testdir:fixedbugs/issue43677.go	testdir	NOT_ATTEMPTED	NONE	not-reached-before-wall-clock-cap	NONE	1	compile
testdir:fixedbugs/issue4370.go	testdir	NOT_ATTEMPTED	NONE	not-reached-before-wall-clock-cap	NONE	1	compile-packages-in-order
testdir:fixedbugs/issue43701.go	testdir	NOT_ATTEMPTED	NONE	not-reached-before-wall-clock-cap	NONE	1	compile
testdir:fixedbugs/issue43762.go	testdir	NOT_ATTEMPTED	NONE	not-reached-before-wall-clock-cap	NONE	2	compile;match-diagnostics
testdir:fixedbugs/issue43835.go	testdir	NOT_ATTEMPTED	NONE	not-reached-before-wall-clock-cap	NONE	4	compile-or-build;link-if-needed;run;match-output
testdir:fixedbugs/issue43908.go	testdir	NOT_ATTEMPTED	NONE	not-reached-before-wall-clock-cap	NONE	4	compile-or-build;link-if-needed;run;match-output
testdir:fixedbugs/issue43942.go	testdir	NOT_ATTEMPTED	NONE	not-reached-before-wall-clock-cap	NONE	4	compile-or-build;link-if-needed;run;match-output
testdir:fixedbugs/issue43962.go	testdir	NOT_ATTEMPTED	NONE	not-reached-before-wall-clock-cap	NONE	2	compile-packages-in-order;match-diagnostics
testdir:fixedbugs/issue4396a.go	testdir	NOT_ATTEMPTED	NONE	not-reached-before-wall-clock-cap	NONE	4	compile-or-build;link-if-needed;run;match-output
testdir:fixedbugs/issue4396b.go	testdir	NOT_ATTEMPTED	NONE	not-reached-before-wall-clock-cap	NONE	4	compile-or-build;link-if-needed;run;match-output
testdir:fixedbugs/issue4399.go	testdir	NOT_ATTEMPTED	NONE	not-reached-before-wall-clock-cap	NONE	1	compile
testdir:fixedbugs/issue4405.go	testdir	NOT_ATTEMPTED	NONE	not-reached-before-wall-clock-cap	NONE	2	compile;match-diagnostics
testdir:fixedbugs/issue44266.go	testdir	NOT_ATTEMPTED	NONE	not-reached-before-wall-clock-cap	NONE	2	compile;match-diagnostics
testdir:fixedbugs/issue4429.go	testdir	NOT_ATTEMPTED	NONE	not-reached-before-wall-clock-cap	NONE	2	compile;match-diagnostics
testdir:fixedbugs/issue44325.go	testdir	NOT_ATTEMPTED	NONE	not-reached-before-wall-clock-cap	NONE	1	compile-packages-in-order
testdir:fixedbugs/issue44330.go	testdir	NOT_ATTEMPTED	NONE	not-reached-before-wall-clock-cap	NONE	4	compile-packages-in-order;link;run;match-output
testdir:fixedbugs/issue44335.go	testdir	NOT_ATTEMPTED	NONE	not-reached-before-wall-clock-cap	NONE	1	compile-packages-in-order
testdir:fixedbugs/issue44344.go	testdir	NOT_ATTEMPTED	NONE	not-reached-before-wall-clock-cap	NONE	1	compile
testdir:fixedbugs/issue44355.go	testdir	NOT_ATTEMPTED	NONE	not-reached-before-wall-clock-cap	NONE	1	compile-packages-in-order
testdir:fixedbugs/issue44370.go	testdir	NOT_ATTEMPTED	NONE	not-reached-before-wall-clock-cap	NONE	1	compile-packages-in-order
testdir:fixedbugs/issue44378.go	testdir	NOT_ATTEMPTED	NONE	not-reached-before-wall-clock-cap	NONE	1	compile
testdir:fixedbugs/issue44383.go	testdir	NOT_ATTEMPTED	NONE	not-reached-before-wall-clock-cap	NONE	1	compile
testdir:fixedbugs/issue44432.go	testdir	NOT_ATTEMPTED	NONE	not-reached-before-wall-clock-cap	NONE	2	compile;match-diagnostics
testdir:fixedbugs/issue44465.go	testdir	NOT_ATTEMPTED	NONE	not-reached-before-wall-clock-cap	NONE	1	compile
testdir:fixedbugs/issue4448.go	testdir	NOT_ATTEMPTED	NONE	not-reached-before-wall-clock-cap	NONE	4	compile-or-build;link-if-needed;run;match-output
testdir:fixedbugs/issue4452.go	testdir	NOT_ATTEMPTED	NONE	not-reached-before-wall-clock-cap	NONE	2	compile;match-diagnostics
testdir:fixedbugs/issue4458.go	testdir	NOT_ATTEMPTED	NONE	not-reached-before-wall-clock-cap	NONE	2	compile;match-diagnostics
testdir:fixedbugs/issue4463.go	testdir	NOT_ATTEMPTED	NONE	not-reached-before-wall-clock-cap	NONE	2	compile;match-diagnostics
testdir:fixedbugs/issue4468.go	testdir	NOT_ATTEMPTED	NONE	not-reached-before-wall-clock-cap	NONE	2	compile;match-diagnostics
testdir:fixedbugs/issue4470.go	testdir	NOT_ATTEMPTED	NONE	not-reached-before-wall-clock-cap	NONE	2	compile;match-diagnostics
testdir:fixedbugs/issue44732.go	testdir	NOT_ATTEMPTED	NONE	not-reached-before-wall-clock-cap	NONE	4	overlay-directory;generate-module;build-and-run-package;match-output
testdir:fixedbugs/issue44739.go	testdir	NOT_ATTEMPTED	NONE	not-reached-before-wall-clock-cap	NONE	1	compile
testdir:fixedbugs/issue44823.go	testdir	NOT_ATTEMPTED	NONE	not-reached-before-wall-clock-cap	NONE	4	compile-or-build;link-if-needed;run;match-output
testdir:fixedbugs/issue44830.go	testdir	NOT_ATTEMPTED	NONE	not-reached-before-wall-clock-cap	NONE	4	compile-or-build;link-if-needed;run;match-output
testdir:fixedbugs/issue4495.go	testdir	NOT_ATTEMPTED	NONE	not-reached-before-wall-clock-cap	NONE	4	compile-or-build;link-if-needed;run;match-output
testdir:fixedbugs/issue45045.go	testdir	NOT_ATTEMPTED	NONE	not-reached-before-wall-clock-cap	NONE	4	compile-or-build;link-if-needed;run;match-output
testdir:fixedbugs/issue4510.go	testdir	NOT_ATTEMPTED	NONE	not-reached-before-wall-clock-cap	NONE	2	compile-packages-in-order;match-diagnostics
testdir:fixedbugs/issue45175.go	testdir	NOT_ATTEMPTED	NONE	not-reached-before-wall-clock-cap	NONE	4	compile-or-build;link-if-needed;run;match-output
testdir:fixedbugs/issue4517a.go	testdir	NOT_ATTEMPTED	NONE	not-reached-before-wall-clock-cap	NONE	2	compile;match-diagnostics
testdir:fixedbugs/issue4517b.go	testdir	NOT_ATTEMPTED	NONE	not-reached-before-wall-clock-cap	NONE	2	compile;match-diagnostics
testdir:fixedbugs/issue4517c.go	testdir	NOT_ATTEMPTED	NONE	not-reached-before-wall-clock-cap	NONE	2	compile;match-diagnostics
testdir:fixedbugs/issue4517d.go	testdir	NOT_ATTEMPTED	NONE	not-reached-before-wall-clock-cap	NONE	2	compile;match-diagnostics
testdir:fixedbugs/issue4518.go	testdir	NOT_ATTEMPTED	NONE	not-reached-before-wall-clock-cap	NONE	4	compile-or-build;link-if-needed;run;match-output
testdir:fixedbugs/issue45242.go	testdir	NOT_ATTEMPTED	NONE	not-reached-before-wall-clock-cap	NONE	4	compile-or-build;link-if-needed;run;match-output
testdir:fixedbugs/issue45258.go	testdir	NOT_ATTEMPTED	NONE	not-reached-before-wall-clock-cap	NONE	1	compile
testdir:fixedbugs/issue4529.go	testdir	NOT_ATTEMPTED	NONE	not-reached-before-wall-clock-cap	NONE	1	compile
testdir:fixedbugs/issue45323.go	testdir	NOT_ATTEMPTED	NONE	not-reached-before-wall-clock-cap	NONE	1	compile
testdir:fixedbugs/issue45344.go	testdir	NOT_ATTEMPTED	NONE	not-reached-before-wall-clock-cap	NONE	1	compile
testdir:fixedbugs/issue45359.go	testdir	NOT_ATTEMPTED	NONE	not-reached-before-wall-clock-cap	NONE	1	compile
testdir:fixedbugs/issue4545.go	testdir	NOT_ATTEMPTED	NONE	not-reached-before-wall-clock-cap	NONE	2	compile;match-diagnostics
testdir:fixedbugs/issue45503.go	testdir	NOT_ATTEMPTED	NONE	not-reached-before-wall-clock-cap	NONE	1	compile-packages-in-order
testdir:fixedbugs/issue45606.go	testdir	NOT_ATTEMPTED	NONE	not-reached-before-wall-clock-cap	NONE	1	compile
testdir:fixedbugs/issue4562.go	testdir	NOT_ATTEMPTED	NONE	not-reached-before-wall-clock-cap	NONE	4	compile-or-build;link-if-needed;run;match-output
testdir:fixedbugs/issue45665.go	testdir	NOT_ATTEMPTED	NONE	not-reached-before-wall-clock-cap	NONE	1	compile
testdir:fixedbugs/issue45693.go	testdir	NOT_ATTEMPTED	NONE	not-reached-before-wall-clock-cap	NONE	1	compile
testdir:fixedbugs/issue45706.go	testdir	NOT_ATTEMPTED	NONE	not-reached-before-wall-clock-cap	NONE	1	compile
testdir:fixedbugs/issue45743.go	testdir	NOT_ATTEMPTED	NONE	not-reached-before-wall-clock-cap	NONE	1	compile
testdir:fixedbugs/issue45804.go	testdir	NOT_ATTEMPTED	NONE	not-reached-before-wall-clock-cap	NONE	2	compile;match-diagnostics
testdir:fixedbugs/issue4585.go	testdir	NOT_ATTEMPTED	NONE	not-reached-before-wall-clock-cap	NONE	4	compile-or-build;link-if-needed;run;match-output
testdir:fixedbugs/issue45851.go	testdir	NOT_ATTEMPTED	NONE	not-reached-before-wall-clock-cap	NONE	4	compile-or-build;link-if-needed;run;match-output
testdir:fixedbugs/issue4590.go	testdir	NOT_ATTEMPTED	NONE	not-reached-before-wall-clock-cap	NONE	4	compile-packages-in-order;link;run;match-output
testdir:fixedbugs/issue45913.go	testdir	NOT_ATTEMPTED	NONE	not-reached-before-wall-clock-cap	NONE	2	compile;match-diagnostics
testdir:fixedbugs/issue45947.go	testdir	NOT_ATTEMPTED	NONE	not-reached-before-wall-clock-cap	NONE	1	compile
testdir:fixedbugs/issue45948.go	testdir	NOT_ATTEMPTED	NONE	not-reached-before-wall-clock-cap	NONE	1	compile
testdir:fixedbugs/issue4610.go	testdir	NOT_ATTEMPTED	NONE	not-reached-before-wall-clock-cap	NONE	2	compile;match-diagnostics
testdir:fixedbugs/issue4614.go	testdir	NOT_ATTEMPTED	NONE	not-reached-before-wall-clock-cap	NONE	1	compile
testdir:fixedbugs/issue4618.go	testdir	NOT_ATTEMPTED	NONE	not-reached-before-wall-clock-cap	NONE	4	compile-or-build;link-if-needed;run;match-output
testdir:fixedbugs/issue4620.go	testdir	NOT_ATTEMPTED	NONE	not-reached-before-wall-clock-cap	NONE	4	compile-or-build;link-if-needed;run;match-output
testdir:fixedbugs/issue46234.go	testdir	NOT_ATTEMPTED	NONE	not-reached-before-wall-clock-cap	NONE	3	build;run;match-output
testdir:fixedbugs/issue46304.go	testdir	NOT_ATTEMPTED	NONE	not-reached-before-wall-clock-cap	NONE	4	compile-or-build;link-if-needed;run;match-output
testdir:fixedbugs/issue46386.go	testdir	NOT_ATTEMPTED	NONE	not-reached-before-wall-clock-cap	NONE	1	compile
testdir:fixedbugs/issue46525.go	testdir	NOT_ATTEMPTED	NONE	not-reached-before-wall-clock-cap	NONE	2	compile;match-diagnostics
testdir:fixedbugs/issue4654.go	testdir	NOT_ATTEMPTED	NONE	not-reached-before-wall-clock-cap	NONE	2	compile;match-diagnostics
testdir:fixedbugs/issue46556.go	testdir	NOT_ATTEMPTED	NONE	not-reached-before-wall-clock-cap	NONE	1	compile
testdir:fixedbugs/issue4663.go	testdir	NOT_ATTEMPTED	NONE	not-reached-before-wall-clock-cap	NONE	2	compile;match-diagnostics
testdir:fixedbugs/issue46653.go	testdir	NOT_ATTEMPTED	NONE	not-reached-before-wall-clock-cap	NONE	4	overlay-directory;generate-module;build-and-run-package;match-output
testdir:fixedbugs/issue4667.go	testdir	NOT_ATTEMPTED	NONE	not-reached-before-wall-clock-cap	NONE	4	compile-or-build;link-if-needed;run;match-output
testdir:fixedbugs/issue46720.go	testdir	NOT_ATTEMPTED	NONE	not-reached-before-wall-clock-cap	NONE	1	compile
testdir:fixedbugs/issue46725.go	testdir	NOT_ATTEMPTED	NONE	not-reached-before-wall-clock-cap	NONE	4	compile-or-build;link-if-needed;run;match-output
testdir:fixedbugs/issue46749.go	testdir	NOT_ATTEMPTED	NONE	not-reached-before-wall-clock-cap	NONE	2	compile;match-diagnostics
testdir:fixedbugs/issue46903.go	testdir	NOT_ATTEMPTED	NONE	not-reached-before-wall-clock-cap	NONE	4	compile-or-build;link-if-needed;run;match-output
testdir:fixedbugs/issue46907.go	testdir	NOT_ATTEMPTED	NONE	not-reached-before-wall-clock-cap	NONE	1	compile
testdir:fixedbugs/issue46938.go	testdir	NOT_ATTEMPTED	NONE	not-reached-before-wall-clock-cap	NONE	4	compile-or-build;link-if-needed;run;match-output
testdir:fixedbugs/issue46957.go	testdir	NOT_ATTEMPTED	NONE	not-reached-before-wall-clock-cap	NONE	2	compile;match-diagnostics
testdir:fixedbugs/issue47068.go	testdir	NOT_ATTEMPTED	NONE	not-reached-before-wall-clock-cap	NONE	4	compile-packages-in-order;link;run;match-output
testdir:fixedbugs/issue47087.go	testdir	NOT_ATTEMPTED	NONE	not-reached-before-wall-clock-cap	NONE	4	compile-packages-in-order;link;run;match-output
testdir:fixedbugs/issue47131.go	testdir	NOT_ATTEMPTED	NONE	not-reached-before-wall-clock-cap	NONE	1	compile-packages-in-order
testdir:fixedbugs/issue47185.go	testdir	NOT_ATTEMPTED	NONE	not-reached-before-wall-clock-cap	NONE	4	overlay-directory;generate-module;build-and-run-package;match-output
testdir:fixedbugs/issue47201.go	testdir	NOT_ATTEMPTED	NONE	not-reached-before-wall-clock-cap	NONE	2	compile-packages-in-order;match-diagnostics
testdir:fixedbugs/issue47227.go	testdir	NOT_ATTEMPTED	NONE	not-reached-before-wall-clock-cap	NONE	4	compile-or-build;link-if-needed;run;match-output
testdir:fixedbugs/issue47317.go	testdir	NOT_ATTEMPTED	NONE	not-reached-before-wall-clock-cap	NONE	5	assemble-symabis-if-present;compile;assemble-if-present;pack;link
testdir:fixedbugs/issue4734.go	testdir	NOT_ATTEMPTED	NONE	not-reached-before-wall-clock-cap	NONE	1	compile
testdir:fixedbugs/issue4748.go	testdir	NOT_ATTEMPTED	NONE	not-reached-before-wall-clock-cap	NONE	4	compile-or-build;link-if-needed;run;match-output
testdir:fixedbugs/issue4752.go	testdir	NOT_ATTEMPTED	NONE	not-reached-before-wall-clock-cap	NONE	4	compile-or-build;link-if-needed;run;match-output
testdir:fixedbugs/issue47712.go	testdir	NOT_ATTEMPTED	NONE	not-reached-before-wall-clock-cap	NONE	1	compile
testdir:fixedbugs/issue4776.go	testdir	NOT_ATTEMPTED	NONE	not-reached-before-wall-clock-cap	NONE	2	compile;match-diagnostics
testdir:fixedbugs/issue47771.go	testdir	NOT_ATTEMPTED	NONE	not-reached-before-wall-clock-cap	NONE	4	compile-or-build;link-if-needed;run;match-output
testdir:fixedbugs/issue4785.go	testdir	NOT_ATTEMPTED	NONE	not-reached-before-wall-clock-cap	NONE	4	compile-or-build;link-if-needed;run;match-output
testdir:fixedbugs/issue47928.go	testdir	NOT_ATTEMPTED	NONE	not-reached-before-wall-clock-cap	NONE	4	compile-or-build;link-if-needed;run;match-output
testdir:fixedbugs/issue48026.go	testdir	NOT_ATTEMPTED	NONE	not-reached-before-wall-clock-cap	NONE	1	compile
testdir:fixedbugs/issue48033.go	testdir	NOT_ATTEMPTED	NONE	not-reached-before-wall-clock-cap	NONE	1	compile
testdir:fixedbugs/issue48088.go	testdir	NOT_ATTEMPTED	NONE	not-reached-before-wall-clock-cap	NONE	1	compile-packages-in-order
testdir:fixedbugs/issue48092.go	testdir	NOT_ATTEMPTED	NONE	not-reached-before-wall-clock-cap	NONE	1	compile
testdir:fixedbugs/issue48097.go	testdir	NOT_ATTEMPTED	NONE	not-reached-before-wall-clock-cap	NONE	2	compile;match-diagnostics
testdir:fixedbugs/issue4813.go	testdir	NOT_ATTEMPTED	NONE	not-reached-before-wall-clock-cap	NONE	2	compile;match-diagnostics
testdir:fixedbugs/issue48230.go	testdir	NOT_ATTEMPTED	NONE	not-reached-before-wall-clock-cap	NONE	2	compile;match-diagnostics
testdir:fixedbugs/issue48289.go	testdir	NOT_ATTEMPTED	NONE	not-reached-before-wall-clock-cap	NONE	4	compile-or-build;link-if-needed;run;match-output
testdir:fixedbugs/issue48301.go	testdir	NOT_ATTEMPTED	NONE	not-reached-before-wall-clock-cap	NONE	2	compile;match-diagnostics
testdir:fixedbugs/issue48357.go	testdir	NOT_ATTEMPTED	NONE	not-reached-before-wall-clock-cap	NONE	4	compile-or-build;link-if-needed;run;match-output
testdir:fixedbugs/issue48459.go	testdir	NOT_ATTEMPTED	NONE	not-reached-before-wall-clock-cap	NONE	1	compile
testdir:fixedbugs/issue4847.go	testdir	NOT_ATTEMPTED	NONE	not-reached-before-wall-clock-cap	NONE	2	compile;match-diagnostics
testdir:fixedbugs/issue48471.go	testdir	NOT_ATTEMPTED	NONE	not-reached-before-wall-clock-cap	NONE	2	compile;match-diagnostics
testdir:fixedbugs/issue48473.go	testdir	NOT_ATTEMPTED	NONE	not-reached-before-wall-clock-cap	NONE	4	compile-or-build;link-if-needed;run;match-output
testdir:fixedbugs/issue48476.go	testdir	NOT_ATTEMPTED	NONE	not-reached-before-wall-clock-cap	NONE	4	compile-or-build;link-if-needed;run;match-output
testdir:fixedbugs/issue48536.go	testdir	NOT_ATTEMPTED	NONE	not-reached-before-wall-clock-cap	NONE	4	compile-or-build;link-if-needed;run;match-output
testdir:fixedbugs/issue48558.go	testdir	NOT_ATTEMPTED	NONE	not-reached-before-wall-clock-cap	NONE	2	compile;match-diagnostics
testdir:fixedbugs/issue48784.go	testdir	NOT_ATTEMPTED	NONE	not-reached-before-wall-clock-cap	NONE	2	compile;match-diagnostics
testdir:fixedbugs/issue4879.go	testdir	NOT_ATTEMPTED	NONE	not-reached-before-wall-clock-cap	NONE	1	compile-packages-in-order
testdir:fixedbugs/issue48834.go	testdir	NOT_ATTEMPTED	NONE	not-reached-before-wall-clock-cap	NONE	2	compile;match-diagnostics
testdir:fixedbugs/issue48835.go	testdir	NOT_ATTEMPTED	NONE	not-reached-before-wall-clock-cap	NONE	2	compile;match-diagnostics
testdir:fixedbugs/issue48898.go	testdir	NOT_ATTEMPTED	NONE	not-reached-before-wall-clock-cap	NONE	4	compile-or-build;link-if-needed;run;match-output
testdir:fixedbugs/issue48916.go	testdir	NOT_ATTEMPTED	NONE	not-reached-before-wall-clock-cap	NONE	1	compile
testdir:fixedbugs/issue49003.go	testdir	NOT_ATTEMPTED	NONE	not-reached-before-wall-clock-cap	NONE	2	compile;match-diagnostics
testdir:fixedbugs/issue49005a.go	testdir	NOT_ATTEMPTED	NONE	not-reached-before-wall-clock-cap	NONE	2	compile;match-diagnostics
testdir:fixedbugs/issue49005b.go	testdir	NOT_ATTEMPTED	NONE	not-reached-before-wall-clock-cap	NONE	2	compile;match-diagnostics
testdir:fixedbugs/issue49016.go	testdir	NOT_ATTEMPTED	NONE	not-reached-before-wall-clock-cap	NONE	1	compile-packages-in-order
testdir:fixedbugs/issue49029.go	testdir	NOT_ATTEMPTED	NONE	not-reached-before-wall-clock-cap	NONE	1	compile
testdir:fixedbugs/issue49094.go	testdir	NOT_ATTEMPTED	NONE	not-reached-before-wall-clock-cap	NONE	1	compile-packages-in-order
testdir:fixedbugs/issue4909a.go	testdir	NOT_ATTEMPTED	NONE	not-reached-before-wall-clock-cap	NONE	2	compile;match-diagnostics
testdir:fixedbugs/issue4909b.go	testdir	NOT_ATTEMPTED	NONE	not-reached-before-wall-clock-cap	NONE	4	run-generator;capture-generated-source;compile-generated-source;match-generated-diagnostics
testdir:fixedbugs/issue49100.go	testdir	NOT_ATTEMPTED	NONE	not-reached-before-wall-clock-cap	NONE	4	compile-or-build;link-if-needed;run;match-output
testdir:fixedbugs/issue49100b.go	testdir	NOT_ATTEMPTED	NONE	not-reached-before-wall-clock-cap	NONE	4	compile-or-build;link-if-needed;run;match-output
testdir:fixedbugs/issue49110.go	testdir	NOT_ATTEMPTED	NONE	not-reached-before-wall-clock-cap	NONE	4	compile-or-build;link-if-needed;run;match-output
testdir:fixedbugs/issue49122.go	testdir	NOT_ATTEMPTED	NONE	not-reached-before-wall-clock-cap	NONE	1	compile
testdir:fixedbugs/issue49143.go	testdir	NOT_ATTEMPTED	NONE	not-reached-before-wall-clock-cap	NONE	1	compile-packages-in-order
testdir:fixedbugs/issue49145.go	testdir	NOT_ATTEMPTED	NONE	not-reached-before-wall-clock-cap	NONE	4	compile-or-build;link-if-needed;run;match-output
testdir:fixedbugs/issue49240.go	testdir	NOT_ATTEMPTED	NONE	not-reached-before-wall-clock-cap	NONE	1	compile
testdir:fixedbugs/issue49249.go	testdir	NOT_ATTEMPTED	NONE	not-reached-before-wall-clock-cap	NONE	1	compile
testdir:fixedbugs/issue49282.go	testdir	NOT_ATTEMPTED	NONE	not-reached-before-wall-clock-cap	NONE	1	compile
testdir:fixedbugs/issue4932.go	testdir	NOT_ATTEMPTED	NONE	not-reached-before-wall-clock-cap	NONE	1	compile-packages-in-order
testdir:fixedbugs/issue49368.go	testdir	NOT_ATTEMPTED	NONE	not-reached-before-wall-clock-cap	NONE	2	compile;match-diagnostics
testdir:fixedbugs/issue49378.go	testdir	NOT_ATTEMPTED	NONE	not-reached-before-wall-clock-cap	NONE	1	compile
testdir:fixedbugs/issue49512.go	testdir	NOT_ATTEMPTED	NONE	not-reached-before-wall-clock-cap	NONE	4	compile-or-build;link-if-needed;run;match-output
testdir:fixedbugs/issue49592.go	testdir	NOT_ATTEMPTED	NONE	not-reached-before-wall-clock-cap	NONE	1	compile
testdir:fixedbugs/issue49611.go	testdir	NOT_ATTEMPTED	NONE	not-reached-before-wall-clock-cap	NONE	1	compile
testdir:fixedbugs/issue49619.go	testdir	NOT_ATTEMPTED	NONE	not-reached-before-wall-clock-cap	NONE	1	build
testdir:fixedbugs/issue4964.go	testdir	NOT_ATTEMPTED	NONE	not-reached-before-wall-clock-cap	NONE	4	compile-packages-in-order;link;run;match-output
testdir:fixedbugs/issue49665.go	testdir	NOT_ATTEMPTED	NONE	not-reached-before-wall-clock-cap	NONE	4	compile-or-build;link-if-needed;run;match-output
testdir:fixedbugs/issue49767.go	testdir	NOT_ATTEMPTED	NONE	not-reached-before-wall-clock-cap	NONE	2	compile;match-diagnostics
testdir:fixedbugs/issue49814.go	testdir	NOT_ATTEMPTED	NONE	not-reached-before-wall-clock-cap	NONE	2	compile;match-diagnostics
testdir:fixedbugs/issue5002.go	testdir	NOT_ATTEMPTED	NONE	not-reached-before-wall-clock-cap	NONE	1	build
testdir:fixedbugs/issue50169.go	testdir	NOT_ATTEMPTED	NONE	not-reached-before-wall-clock-cap	NONE	1	compile
testdir:fixedbugs/issue50190.go	testdir	NOT_ATTEMPTED	NONE	not-reached-before-wall-clock-cap	NONE	4	compile-or-build;link-if-needed;run;match-output
testdir:fixedbugs/issue50372.go	testdir	NOT_ATTEMPTED	NONE	not-reached-before-wall-clock-cap	NONE	2	compile;match-diagnostics
testdir:fixedbugs/issue50439.go	testdir	NOT_ATTEMPTED	NONE	not-reached-before-wall-clock-cap	NONE	1	compile
testdir:fixedbugs/issue5056.go	testdir	NOT_ATTEMPTED	NONE	not-reached-before-wall-clock-cap	NONE	4	compile-or-build;link-if-needed;run;match-output
testdir:fixedbugs/issue50671.go	testdir	NOT_ATTEMPTED	NONE	not-reached-before-wall-clock-cap	NONE	4	compile-or-build;link-if-needed;run;match-output
testdir:fixedbugs/issue50672.go	testdir	NOT_ATTEMPTED	NONE	not-reached-before-wall-clock-cap	NONE	4	compile-or-build;link-if-needed;run;match-output
testdir:fixedbugs/issue50788.go	testdir	NOT_ATTEMPTED	NONE	not-reached-before-wall-clock-cap	NONE	2	compile-packages-in-order;match-diagnostics
testdir:fixedbugs/issue50854.go	testdir	NOT_ATTEMPTED	NONE	not-reached-before-wall-clock-cap	NONE	4	compile-or-build;link-if-needed;run;match-output
testdir:fixedbugs/issue5089.go	testdir	NOT_ATTEMPTED	NONE	not-reached-before-wall-clock-cap	NONE	2	compile;match-diagnostics
testdir:fixedbugs/issue5105.go	testdir	NOT_ATTEMPTED	NONE	not-reached-before-wall-clock-cap	NONE	4	compile-packages-in-order;link;run;match-output
testdir:fixedbugs/issue51101.go	testdir	NOT_ATTEMPTED	NONE	not-reached-before-wall-clock-cap	NONE	4	compile-or-build;link-if-needed;run;match-output
testdir:fixedbugs/issue5125.go	testdir	NOT_ATTEMPTED	NONE	not-reached-before-wall-clock-cap	NONE	1	compile-packages-in-order
testdir:fixedbugs/issue51291.go	testdir	NOT_ATTEMPTED	NONE	not-reached-before-wall-clock-cap	NONE	1	compile-packages-in-order
testdir:fixedbugs/issue51401.go	testdir	NOT_ATTEMPTED	NONE	not-reached-before-wall-clock-cap	NONE	4	compile-or-build;link-if-needed;run;match-output
testdir:fixedbugs/issue51437.go	testdir	NOT_ATTEMPTED	NONE	not-reached-before-wall-clock-cap	NONE	1	compile
testdir:fixedbugs/issue51475.go	testdir	NOT_ATTEMPTED	NONE	not-reached-before-wall-clock-cap	NONE	1	compile
testdir:fixedbugs/issue51531.go	testdir	NOT_ATTEMPTED	NONE	not-reached-before-wall-clock-cap	NONE	2	compile;match-diagnostics
testdir:fixedbugs/issue5162.go	testdir	NOT_ATTEMPTED	NONE	not-reached-before-wall-clock-cap	NONE	4	run-generator;capture-generated-source;build-and-run-generated-source;match-output
testdir:fixedbugs/issue5172.go	testdir	NOT_ATTEMPTED	NONE	not-reached-before-wall-clock-cap	NONE	2	compile;match-diagnostics
testdir:fixedbugs/issue51733.go	testdir	NOT_ATTEMPTED	NONE	not-reached-before-wall-clock-cap	NONE	4	compile-or-build;link-if-needed;run;match-output
testdir:fixedbugs/issue51839.go	testdir	NOT_ATTEMPTED	NONE	not-reached-before-wall-clock-cap	NONE	1	compile
testdir:fixedbugs/issue51913.go	testdir	NOT_ATTEMPTED	NONE	not-reached-before-wall-clock-cap	NONE	4	compile-or-build;link-if-needed;run;match-output
testdir:fixedbugs/issue52020.go	testdir	NOT_ATTEMPTED	NONE	not-reached-before-wall-clock-cap	NONE	1	compile
testdir:fixedbugs/issue52072.go	testdir	NOT_ATTEMPTED	NONE	not-reached-before-wall-clock-cap	NONE	4	compile-or-build;link-if-needed;run;match-output
testdir:fixedbugs/issue52127.go	testdir	NOT_ATTEMPTED	NONE	not-reached-before-wall-clock-cap	NONE	4	compile-or-build;link-if-needed;run;match-output
testdir:fixedbugs/issue52128.go	testdir	NOT_ATTEMPTED	NONE	not-reached-before-wall-clock-cap	NONE	1	compile-packages-in-order
testdir:fixedbugs/issue52193.go	testdir	NOT_ATTEMPTED	NONE	not-reached-before-wall-clock-cap	NONE	2	compile;match-diagnostics
testdir:fixedbugs/issue52278.go	testdir	NOT_ATTEMPTED	NONE	not-reached-before-wall-clock-cap	NONE	1	compile
testdir:fixedbugs/issue52279.go	testdir	NOT_ATTEMPTED	NONE	not-reached-before-wall-clock-cap	NONE	4	compile-packages-in-order;link;run;match-output
testdir:fixedbugs/issue5231.go	testdir	NOT_ATTEMPTED	NONE	not-reached-before-wall-clock-cap	NONE	1	compile
testdir:fixedbugs/issue52438.go	testdir	NOT_ATTEMPTED	NONE	not-reached-before-wall-clock-cap	NONE	4	compile-or-build;link-if-needed;run;match-output
testdir:fixedbugs/issue5244.go	testdir	NOT_ATTEMPTED	NONE	not-reached-before-wall-clock-cap	NONE	4	compile-or-build;link-if-needed;run;match-output
testdir:fixedbugs/issue52535.go	testdir	NOT_ATTEMPTED	NONE	not-reached-before-wall-clock-cap	NONE	1	compile
testdir:fixedbugs/issue5259.go	testdir	NOT_ATTEMPTED	NONE	not-reached-before-wall-clock-cap	NONE	1	compile-packages-in-order
testdir:fixedbugs/issue52590.go	testdir	NOT_ATTEMPTED	NONE	not-reached-before-wall-clock-cap	NONE	1	compile-packages-in-order
testdir:fixedbugs/issue5260.go	testdir	NOT_ATTEMPTED	NONE	not-reached-before-wall-clock-cap	NONE	4	compile-packages-in-order;link;run;match-output
testdir:fixedbugs/issue52612.go	testdir	NOT_ATTEMPTED	NONE	not-reached-before-wall-clock-cap	NONE	4	compile-or-build;link-if-needed;run;match-output
testdir:fixedbugs/issue52673.go	testdir	NOT_ATTEMPTED	NONE	not-reached-before-wall-clock-cap	NONE	1	compile
testdir:fixedbugs/issue52697.go	testdir	NOT_ATTEMPTED	NONE	not-reached-before-wall-clock-cap	NONE	2	compile;match-diagnostics
testdir:fixedbugs/issue52701.go	testdir	NOT_ATTEMPTED	NONE	not-reached-before-wall-clock-cap	NONE	1	compile
testdir:fixedbugs/issue52748.go	testdir	NOT_ATTEMPTED	NONE	not-reached-before-wall-clock-cap	NONE	2	compile;match-diagnostics
testdir:fixedbugs/issue52788.go	testdir	NOT_ATTEMPTED	NONE	not-reached-before-wall-clock-cap	NONE	4	compile-or-build;link-if-needed;run;match-output
testdir:fixedbugs/issue52788a.go	testdir	NOT_ATTEMPTED	NONE	not-reached-before-wall-clock-cap	NONE	4	compile-or-build;link-if-needed;run;match-output
testdir:fixedbugs/issue52841.go	testdir	NOT_ATTEMPTED	NONE	not-reached-before-wall-clock-cap	NONE	1	compile
testdir:fixedbugs/issue52846.go	testdir	NOT_ATTEMPTED	NONE	not-reached-before-wall-clock-cap	NONE	1	compile
testdir:fixedbugs/issue52856.go	testdir	NOT_ATTEMPTED	NONE	not-reached-before-wall-clock-cap	NONE	4	compile-packages-in-order;link;run;match-output
testdir:fixedbugs/issue52862.go	testdir	NOT_ATTEMPTED	NONE	not-reached-before-wall-clock-cap	NONE	1	compile-packages-in-order
testdir:fixedbugs/issue52870.go	testdir	NOT_ATTEMPTED	NONE	not-reached-before-wall-clock-cap	NONE	1	compile
testdir:fixedbugs/issue52871.go	testdir	NOT_ATTEMPTED	NONE	not-reached-before-wall-clock-cap	NONE	1	compile
testdir:fixedbugs/issue52907.go	testdir	NOT_ATTEMPTED	NONE	not-reached-before-wall-clock-cap	NONE	1	compile
testdir:fixedbugs/issue5291.go	testdir	NOT_ATTEMPTED	NONE	not-reached-before-wall-clock-cap	NONE	4	compile-packages-in-order;link;run;match-output
testdir:fixedbugs/issue52953.go	testdir	NOT_ATTEMPTED	NONE	not-reached-before-wall-clock-cap	NONE	4	compile-or-build;link-if-needed;run;match-output
testdir:fixedbugs/issue53018.go	testdir	NOT_ATTEMPTED	NONE	not-reached-before-wall-clock-cap	NONE	1	compile
testdir:fixedbugs/issue53137.go	testdir	NOT_ATTEMPTED	NONE	not-reached-before-wall-clock-cap	NONE	4	compile-or-build;link-if-needed;run;match-output
testdir:fixedbugs/issue53309.go	testdir	NOT_ATTEMPTED	NONE	not-reached-before-wall-clock-cap	NONE	4	compile-or-build;link-if-needed;run;match-output
testdir:fixedbugs/issue53439.go	testdir	NOT_ATTEMPTED	NONE	not-reached-before-wall-clock-cap	NONE	1	compile
testdir:fixedbugs/issue53454.go	testdir	NOT_ATTEMPTED	NONE	not-reached-before-wall-clock-cap	NONE	1	compile
testdir:fixedbugs/issue5358.go	testdir	NOT_ATTEMPTED	NONE	not-reached-before-wall-clock-cap	NONE	2	compile;match-diagnostics
testdir:fixedbugs/issue53600.go	testdir	NOT_ATTEMPTED	NONE	not-reached-before-wall-clock-cap	NONE	4	compile-or-build;link-if-needed;run;match-output
testdir:fixedbugs/issue53619.go	testdir	NOT_ATTEMPTED	NONE	not-reached-before-wall-clock-cap	NONE	4	compile-or-build;link-if-needed;run;match-output
testdir:fixedbugs/issue53635.go	testdir	NOT_ATTEMPTED	NONE	not-reached-before-wall-clock-cap	NONE	4	compile-or-build;link-if-needed;run;match-output
testdir:fixedbugs/issue53653.go	testdir	NOT_ATTEMPTED	NONE	not-reached-before-wall-clock-cap	NONE	4	compile-or-build;link-if-needed;run;match-output
testdir:fixedbugs/issue53702.go	testdir	NOT_ATTEMPTED	NONE	not-reached-before-wall-clock-cap	NONE	4	compile-or-build;link-if-needed;run;match-output
testdir:fixedbugs/issue5373.go	testdir	NOT_ATTEMPTED	NONE	not-reached-before-wall-clock-cap	NONE	4	compile-or-build;link-if-needed;run;match-output
testdir:fixedbugs/issue53982.go	testdir	NOT_ATTEMPTED	NONE	not-reached-before-wall-clock-cap	NONE	1	build
testdir:fixedbugs/issue54159.go	testdir	NOT_ATTEMPTED	NONE	not-reached-before-wall-clock-cap	NONE	2	compile;match-diagnostics
testdir:fixedbugs/issue54220.go	testdir	NOT_ATTEMPTED	NONE	not-reached-before-wall-clock-cap	NONE	4	compile-or-build;link-if-needed;run;match-output
testdir:fixedbugs/issue54280.go	testdir	NOT_ATTEMPTED	NONE	not-reached-before-wall-clock-cap	NONE	2	compile;match-diagnostics
testdir:fixedbugs/issue54307.go	testdir	NOT_ATTEMPTED	NONE	not-reached-before-wall-clock-cap	NONE	1	compile
testdir:fixedbugs/issue54343.go	testdir	NOT_ATTEMPTED	NONE	not-reached-before-wall-clock-cap	NONE	4	compile-or-build;link-if-needed;run;match-output
testdir:fixedbugs/issue54348.go	testdir	NOT_ATTEMPTED	NONE	not-reached-before-wall-clock-cap	NONE	4	compile-or-build;link-if-needed;run;match-output
testdir:fixedbugs/issue54467.go	testdir	NOT_ATTEMPTED	NONE	not-reached-before-wall-clock-cap	NONE	4	compile-or-build;link-if-needed;run;match-output
testdir:fixedbugs/issue54542.go	testdir	NOT_ATTEMPTED	NONE	not-reached-before-wall-clock-cap	NONE	4	compile-or-build;link-if-needed;run;match-output
testdir:fixedbugs/issue54632.go	testdir	NOT_ATTEMPTED	NONE	not-reached-before-wall-clock-cap	NONE	4	compile-or-build;link-if-needed;run;match-output
testdir:fixedbugs/issue54638.go	testdir	NOT_ATTEMPTED	NONE	not-reached-before-wall-clock-cap	NONE	1	compile
testdir:fixedbugs/issue5470.go	testdir	NOT_ATTEMPTED	NONE	not-reached-before-wall-clock-cap	NONE	1	compile-packages-in-order
testdir:fixedbugs/issue54722.go	testdir	NOT_ATTEMPTED	NONE	not-reached-before-wall-clock-cap	NONE	1	compile
testdir:fixedbugs/issue54722b.go	testdir	NOT_ATTEMPTED	NONE	not-reached-before-wall-clock-cap	NONE	1	compile
testdir:fixedbugs/issue54911.go	testdir	NOT_ATTEMPTED	NONE	not-reached-before-wall-clock-cap	NONE	1	compile
testdir:fixedbugs/issue54912.go	testdir	NOT_ATTEMPTED	NONE	not-reached-before-wall-clock-cap	NONE	4	compile-packages-in-order;link;run;match-output
testdir:fixedbugs/issue5493.go	testdir	NOT_ATTEMPTED	NONE	not-reached-before-wall-clock-cap	NONE	4	compile-or-build;link-if-needed;run;match-output
testdir:fixedbugs/issue54959.go	testdir	NOT_ATTEMPTED	NONE	not-reached-before-wall-clock-cap	NONE	4	compile-or-build;link-if-needed;run;match-output
testdir:fixedbugs/issue54991.go	testdir	NOT_ATTEMPTED	NONE	not-reached-before-wall-clock-cap	NONE	1	compile
testdir:fixedbugs/issue55122.go	testdir	NOT_ATTEMPTED	NONE	not-reached-before-wall-clock-cap	NONE	4	compile-or-build;link-if-needed;run;match-output
testdir:fixedbugs/issue55122b.go	testdir	NOT_ATTEMPTED	NONE	not-reached-before-wall-clock-cap	NONE	4	compile-or-build;link-if-needed;run;match-output
testdir:fixedbugs/issue5515.go	testdir	NOT_ATTEMPTED	NONE	not-reached-before-wall-clock-cap	NONE	4	compile-or-build;link-if-needed;run;match-output
testdir:fixedbugs/issue55242.go	testdir	NOT_ATTEMPTED	NONE	not-reached-before-wall-clock-cap	NONE	1	compile
testdir:fixedbugs/issue5581.go	testdir	NOT_ATTEMPTED	NONE	not-reached-before-wall-clock-cap	NONE	2	compile;match-diagnostics
testdir:fixedbugs/issue55889.go	testdir	NOT_ATTEMPTED	NONE	not-reached-before-wall-clock-cap	NONE	2	compile;match-diagnostics
testdir:fixedbugs/issue5607.go	testdir	NOT_ATTEMPTED	NONE	not-reached-before-wall-clock-cap	NONE	4	compile-or-build;link-if-needed;run;match-output
testdir:fixedbugs/issue5609.go	testdir	NOT_ATTEMPTED	NONE	not-reached-before-wall-clock-cap	NONE	2	compile;match-diagnostics
testdir:fixedbugs/issue56103.go	testdir	NOT_ATTEMPTED	NONE	not-reached-before-wall-clock-cap	NONE	2	compile;match-diagnostics
testdir:fixedbugs/issue56105.go	testdir	NOT_ATTEMPTED	NONE	not-reached-before-wall-clock-cap	NONE	1	compile
testdir:fixedbugs/issue56109.go	testdir	NOT_ATTEMPTED	NONE	not-reached-before-wall-clock-cap	NONE	1	compile
testdir:fixedbugs/issue5614.go	testdir	NOT_ATTEMPTED	NONE	not-reached-before-wall-clock-cap	NONE	1	compile-packages-in-order
testdir:fixedbugs/issue56141.go	testdir	NOT_ATTEMPTED	NONE	not-reached-before-wall-clock-cap	NONE	1	compile
testdir:fixedbugs/issue56220.go	testdir	NOT_ATTEMPTED	NONE	not-reached-before-wall-clock-cap	NONE	2	compile;match-diagnostics
testdir:fixedbugs/issue56280.go	testdir	NOT_ATTEMPTED	NONE	not-reached-before-wall-clock-cap	NONE	2	compile-packages-in-order;match-diagnostics
testdir:fixedbugs/issue56727.go	testdir	NOT_ATTEMPTED	NONE	not-reached-before-wall-clock-cap	NONE	1	compile
testdir:fixedbugs/issue56768.go	testdir	NOT_ATTEMPTED	NONE	not-reached-before-wall-clock-cap	NONE	1	compile
testdir:fixedbugs/issue56777.go	testdir	NOT_ATTEMPTED	NONE	not-reached-before-wall-clock-cap	NONE	1	compile
testdir:fixedbugs/issue56778.go	testdir	NOT_ATTEMPTED	NONE	not-reached-before-wall-clock-cap	NONE	1	compile-packages-in-order
testdir:fixedbugs/issue56923.go	testdir	NOT_ATTEMPTED	NONE	not-reached-before-wall-clock-cap	NONE	1	compile
testdir:fixedbugs/issue5698.go	testdir	NOT_ATTEMPTED	NONE	not-reached-before-wall-clock-cap	NONE	2	compile;match-diagnostics
testdir:fixedbugs/issue56990.go	testdir	NOT_ATTEMPTED	NONE	not-reached-before-wall-clock-cap	NONE	4	compile-or-build;link-if-needed;run;match-output
testdir:fixedbugs/issue5704.go	testdir	NOT_ATTEMPTED	NONE	not-reached-before-wall-clock-cap	NONE	4	compile-or-build;link-if-needed;run;match-output
testdir:fixedbugs/issue57184.go	testdir	NOT_ATTEMPTED	NONE	not-reached-before-wall-clock-cap	NONE	4	compile-or-build;link-if-needed;run;match-output
testdir:fixedbugs/issue57309.go	testdir	NOT_ATTEMPTED	NONE	not-reached-before-wall-clock-cap	NONE	4	compile-or-build;link-if-needed;run;match-output
testdir:fixedbugs/issue5753.go	testdir	NOT_ATTEMPTED	NONE	not-reached-before-wall-clock-cap	NONE	4	compile-or-build;link-if-needed;run;match-output
testdir:fixedbugs/issue5755.go	testdir	NOT_ATTEMPTED	NONE	not-reached-before-wall-clock-cap	NONE	1	compile-packages-in-order
testdir:fixedbugs/issue57778.go	testdir	NOT_ATTEMPTED	NONE	not-reached-before-wall-clock-cap	NONE	1	compile
testdir:fixedbugs/issue57823.go	testdir	NOT_ATTEMPTED	NONE	not-reached-before-wall-clock-cap	NONE	4	compile-or-build;link-if-needed;run;match-output
testdir:fixedbugs/issue57846.go	testdir	NOT_ATTEMPTED	NONE	not-reached-before-wall-clock-cap	NONE	1	compile
testdir:fixedbugs/issue5793.go	testdir	NOT_ATTEMPTED	NONE	not-reached-before-wall-clock-cap	NONE	4	compile-or-build;link-if-needed;run;match-output
testdir:fixedbugs/issue57955.go	testdir	NOT_ATTEMPTED	NONE	not-reached-before-wall-clock-cap	NONE	1	compile
testdir:fixedbugs/issue5809.go	testdir	NOT_ATTEMPTED	NONE	not-reached-before-wall-clock-cap	NONE	4	compile-or-build;link-if-needed;run;match-output
testdir:fixedbugs/issue58161.go	testdir	NOT_ATTEMPTED	NONE	not-reached-before-wall-clock-cap	NONE	1	compile
testdir:fixedbugs/issue5820.go	testdir	NOT_ATTEMPTED	NONE	not-reached-before-wall-clock-cap	NONE	4	compile-or-build;link-if-needed;run;match-output
testdir:fixedbugs/issue58293.go	testdir	NOT_ATTEMPTED	NONE	not-reached-before-wall-clock-cap	NONE	1	compile
testdir:fixedbugs/issue58300.go	testdir	NOT_ATTEMPTED	NONE	not-reached-before-wall-clock-cap	NONE	4	compile-or-build;link-if-needed;run;match-output
testdir:fixedbugs/issue58300b.go	testdir	NOT_ATTEMPTED	NONE	not-reached-before-wall-clock-cap	NONE	4	compile-or-build;link-if-needed;run;match-output
testdir:fixedbugs/issue58325.go	testdir	NOT_ATTEMPTED	NONE	not-reached-before-wall-clock-cap	NONE	1	compile
testdir:fixedbugs/issue58339.go	testdir	NOT_ATTEMPTED	NONE	not-reached-before-wall-clock-cap	NONE	1	compile-packages-in-order
testdir:fixedbugs/issue58341.go	testdir	NOT_ATTEMPTED	NONE	not-reached-before-wall-clock-cap	NONE	1	compile
testdir:fixedbugs/issue58345.go	testdir	NOT_ATTEMPTED	NONE	not-reached-before-wall-clock-cap	NONE	1	compile
testdir:fixedbugs/issue5841.go	testdir	NOT_ATTEMPTED	NONE	not-reached-before-wall-clock-cap	NONE	1	build
testdir:fixedbugs/issue58439.go	testdir	NOT_ATTEMPTED	NONE	not-reached-before-wall-clock-cap	NONE	1	compile
testdir:fixedbugs/issue5856.go	testdir	NOT_ATTEMPTED	NONE	not-reached-before-wall-clock-cap	NONE	4	compile-or-build;link-if-needed;run;match-output
testdir:fixedbugs/issue58563.go	testdir	NOT_ATTEMPTED	NONE	not-reached-before-wall-clock-cap	NONE	1	compile-packages-in-order
testdir:fixedbugs/issue58572.go	testdir	NOT_ATTEMPTED	NONE	not-reached-before-wall-clock-cap	NONE	1	compile
testdir:fixedbugs/issue58671.go	testdir	NOT_ATTEMPTED	NONE	not-reached-before-wall-clock-cap	NONE	4	compile-or-build;link-if-needed;run;match-output
testdir:fixedbugs/issue58826.go	testdir	NOT_ATTEMPTED	NONE	not-reached-before-wall-clock-cap	NONE	1	compile
testdir:fixedbugs/issue5910.go	testdir	NOT_ATTEMPTED	NONE	not-reached-before-wall-clock-cap	NONE	1	compile-packages-in-order
testdir:fixedbugs/issue59169.go	testdir	NOT_ATTEMPTED	NONE	not-reached-before-wall-clock-cap	NONE	1	compile
testdir:fixedbugs/issue59174.go	testdir	NOT_ATTEMPTED	NONE	not-reached-before-wall-clock-cap	NONE	1	compile
testdir:fixedbugs/issue59190.go	testdir	NOT_ATTEMPTED	NONE	not-reached-before-wall-clock-cap	NONE	2	compile;match-diagnostics
testdir:fixedbugs/issue59293.go	testdir	NOT_ATTEMPTED	NONE	not-reached-before-wall-clock-cap	NONE	4	compile-or-build;link-if-needed;run;match-output
testdir:fixedbugs/issue59334.go	testdir	NOT_ATTEMPTED	NONE	not-reached-before-wall-clock-cap	NONE	4	compile-or-build;link-if-needed;run;match-output
testdir:fixedbugs/issue59338.go	testdir	NOT_ATTEMPTED	NONE	not-reached-before-wall-clock-cap	NONE	4	compile-or-build;link-if-needed;run;match-output
testdir:fixedbugs/issue59367.go	testdir	NOT_ATTEMPTED	NONE	not-reached-before-wall-clock-cap	NONE	4	compile-or-build;link-if-needed;run;match-output
testdir:fixedbugs/issue59378.go	testdir	NOT_ATTEMPTED	NONE	not-reached-before-wall-clock-cap	NONE	1	compile
testdir:fixedbugs/issue59404.go	testdir	NOT_ATTEMPTED	NONE	not-reached-before-wall-clock-cap	NONE	1	build
testdir:fixedbugs/issue59404part2.go	testdir	NOT_ATTEMPTED	NONE	not-reached-before-wall-clock-cap	NONE	4	compile-or-build;link-if-needed;run;match-output
testdir:fixedbugs/issue59411.go	testdir	NOT_ATTEMPTED	NONE	not-reached-before-wall-clock-cap	NONE	4	compile-or-build;link-if-needed;run;match-output
testdir:fixedbugs/issue5957.go	testdir	NOT_ATTEMPTED	NONE	not-reached-before-wall-clock-cap	NONE	2	compile-packages-in-order;match-diagnostics
testdir:fixedbugs/issue59572.go	testdir	NOT_ATTEMPTED	NONE	not-reached-before-wall-clock-cap	NONE	4	compile-or-build;link-if-needed;run;match-output
testdir:fixedbugs/issue5963.go	testdir	NOT_ATTEMPTED	NONE	not-reached-before-wall-clock-cap	NONE	4	compile-or-build;link-if-needed;run;match-output
testdir:fixedbugs/issue59638.go	testdir	NOT_ATTEMPTED	NONE	not-reached-before-wall-clock-cap	NONE	1	build
testdir:fixedbugs/issue59680.go	testdir	NOT_ATTEMPTED	NONE	not-reached-before-wall-clock-cap	NONE	4	compile-or-build;link-if-needed;run;match-output
testdir:fixedbugs/issue59709.go	testdir	NOT_ATTEMPTED	NONE	not-reached-before-wall-clock-cap	NONE	4	compile-packages-in-order;link;run;match-output
testdir:fixedbugs/issue6004.go	testdir	NOT_ATTEMPTED	NONE	not-reached-before-wall-clock-cap	NONE	2	compile;match-diagnostics
testdir:fixedbugs/issue6036.go	testdir	NOT_ATTEMPTED	NONE	not-reached-before-wall-clock-cap	NONE	1	compile
testdir:fixedbugs/issue6055.go	testdir	NOT_ATTEMPTED	NONE	not-reached-before-wall-clock-cap	NONE	4	compile-or-build;link-if-needed;run;match-output
testdir:fixedbugs/issue60582.go	testdir	NOT_ATTEMPTED	NONE	not-reached-before-wall-clock-cap	NONE	1	build
testdir:fixedbugs/issue60601.go	testdir	NOT_ATTEMPTED	NONE	not-reached-before-wall-clock-cap	NONE	4	compile-or-build;link-if-needed;run;match-output
testdir:fixedbugs/issue60945.go	testdir	NOT_ATTEMPTED	NONE	not-reached-before-wall-clock-cap	NONE	1	compile-packages-in-order
testdir:fixedbugs/issue60982.go	testdir	NOT_ATTEMPTED	NONE	not-reached-before-wall-clock-cap	NONE	1	compile
testdir:fixedbugs/issue60990.go	testdir	NOT_ATTEMPTED	NONE	not-reached-before-wall-clock-cap	NONE	1	compile
testdir:fixedbugs/issue60991.go	testdir	NOT_ATTEMPTED	NONE	not-reached-before-wall-clock-cap	NONE	1	build
testdir:fixedbugs/issue61127.go	testdir	NOT_ATTEMPTED	NONE	not-reached-before-wall-clock-cap	NONE	1	compile
testdir:fixedbugs/issue61187.go	testdir	NOT_ATTEMPTED	NONE	not-reached-before-wall-clock-cap	NONE	1	compile
testdir:fixedbugs/issue6131.go	testdir	NOT_ATTEMPTED	NONE	not-reached-before-wall-clock-cap	NONE	1	compile
testdir:fixedbugs/issue6140.go	testdir	NOT_ATTEMPTED	NONE	not-reached-before-wall-clock-cap	NONE	1	compile
testdir:fixedbugs/issue61778.go	testdir	NOT_ATTEMPTED	NONE	not-reached-before-wall-clock-cap	NONE	1	compile
testdir:fixedbugs/issue61895.go	testdir	NOT_ATTEMPTED	NONE	not-reached-before-wall-clock-cap	NONE	1	compile
testdir:fixedbugs/issue61908.go	testdir	NOT_ATTEMPTED	NONE	not-reached-before-wall-clock-cap	NONE	1	compile
testdir:fixedbugs/issue61992.go	testdir	NOT_ATTEMPTED	NONE	not-reached-before-wall-clock-cap	NONE	1	compile
testdir:fixedbugs/issue62203.go	testdir	NOT_ATTEMPTED	NONE	not-reached-before-wall-clock-cap	NONE	4	compile-or-build;link-if-needed;run;match-output
testdir:fixedbugs/issue62313.go	testdir	NOT_ATTEMPTED	NONE	not-reached-before-wall-clock-cap	NONE	1	compile
testdir:fixedbugs/issue62360.go	testdir	NOT_ATTEMPTED	NONE	not-reached-before-wall-clock-cap	NONE	4	compile-or-build;link-if-needed;run;match-output
testdir:fixedbugs/issue62469.go	testdir	NOT_ATTEMPTED	NONE	not-reached-before-wall-clock-cap	NONE	1	compile
testdir:fixedbugs/issue6247.go	testdir	NOT_ATTEMPTED	NONE	not-reached-before-wall-clock-cap	NONE	1	compile
testdir:fixedbugs/issue62498.go	testdir	NOT_ATTEMPTED	NONE	not-reached-before-wall-clock-cap	NONE	4	compile-packages-in-order;link;run;match-output
testdir:fixedbugs/issue62515.go	testdir	NOT_ATTEMPTED	NONE	not-reached-before-wall-clock-cap	NONE	1	compile
testdir:fixedbugs/issue6269.go	testdir	NOT_ATTEMPTED	NONE	not-reached-before-wall-clock-cap	NONE	4	compile-or-build;link-if-needed;run;match-output
testdir:fixedbugs/issue6295.go	testdir	NOT_ATTEMPTED	NONE	not-reached-before-wall-clock-cap	NONE	1	compile-packages-in-order
testdir:fixedbugs/issue6298.go	testdir	NOT_ATTEMPTED	NONE	not-reached-before-wall-clock-cap	NONE	1	compile
testdir:fixedbugs/issue63333.go	testdir	NOT_ATTEMPTED	NONE	not-reached-before-wall-clock-cap	NONE	2	compile;match-diagnostics
testdir:fixedbugs/issue63436.go	testdir	NOT_ATTEMPTED	NONE	not-reached-before-wall-clock-cap	NONE	1	compile
testdir:fixedbugs/issue63462.go	testdir	NOT_ATTEMPTED	NONE	not-reached-before-wall-clock-cap	NONE	1	compile
testdir:fixedbugs/issue63489a.go	testdir	NOT_ATTEMPTED	NONE	not-reached-before-wall-clock-cap	NONE	2	compile;match-diagnostics
testdir:fixedbugs/issue63489b.go	testdir	NOT_ATTEMPTED	NONE	not-reached-before-wall-clock-cap	NONE	2	compile;match-diagnostics
testdir:fixedbugs/issue63490.go	testdir	NOT_ATTEMPTED	NONE	not-reached-before-wall-clock-cap	NONE	1	compile
testdir:fixedbugs/issue63505.go	testdir	NOT_ATTEMPTED	NONE	not-reached-before-wall-clock-cap	NONE	1	compile
testdir:fixedbugs/issue63657.go	testdir	NOT_ATTEMPTED	NONE	not-reached-before-wall-clock-cap	NONE	4	compile-or-build;link-if-needed;run;match-output
testdir:fixedbugs/issue63955.go	testdir	NOT_ATTEMPTED	NONE	not-reached-before-wall-clock-cap	NONE	1	compile
testdir:fixedbugs/issue6399.go	testdir	NOT_ATTEMPTED	NONE	not-reached-before-wall-clock-cap	NONE	1	compile
testdir:fixedbugs/issue6402.go	testdir	NOT_ATTEMPTED	NONE	not-reached-before-wall-clock-cap	NONE	2	compile;match-diagnostics
testdir:fixedbugs/issue6403.go	testdir	NOT_ATTEMPTED	NONE	not-reached-before-wall-clock-cap	NONE	2	compile;match-diagnostics
testdir:fixedbugs/issue6405.go	testdir	NOT_ATTEMPTED	NONE	not-reached-before-wall-clock-cap	NONE	2	compile;match-diagnostics
testdir:fixedbugs/issue6406.go	testdir	NOT_ATTEMPTED	NONE	not-reached-before-wall-clock-cap	NONE	2	compile;match-diagnostics
testdir:fixedbugs/issue6428.go	testdir	NOT_ATTEMPTED	NONE	not-reached-before-wall-clock-cap	NONE	2	compile;match-diagnostics
testdir:fixedbugs/issue64565.go	testdir	NOT_ATTEMPTED	NONE	not-reached-before-wall-clock-cap	NONE	4	compile-or-build;link-if-needed;run;match-output
testdir:fixedbugs/issue64606.go	testdir	NOT_ATTEMPTED	NONE	not-reached-before-wall-clock-cap	NONE	1	build
testdir:fixedbugs/issue64715.go	testdir	NOT_ATTEMPTED	NONE	not-reached-before-wall-clock-cap	NONE	4	compile-or-build;link-if-needed;run;match-output
testdir:fixedbugs/issue64826.go	testdir	NOT_ATTEMPTED	NONE	not-reached-before-wall-clock-cap	NONE	1	build
testdir:fixedbugs/issue6500.go	testdir	NOT_ATTEMPTED	NONE	not-reached-before-wall-clock-cap	NONE	2	compile;match-diagnostics
testdir:fixedbugs/issue6513.go	testdir	NOT_ATTEMPTED	NONE	not-reached-before-wall-clock-cap	NONE	1	compile-packages-in-order
testdir:fixedbugs/issue65362.go	testdir	NOT_ATTEMPTED	NONE	not-reached-before-wall-clock-cap	NONE	1	compile
testdir:fixedbugs/issue65417.go	testdir	NOT_ATTEMPTED	NONE	not-reached-before-wall-clock-cap	NONE	4	compile-or-build;link-if-needed;run;match-output
testdir:fixedbugs/issue65593.go	testdir	NOT_ATTEMPTED	NONE	not-reached-before-wall-clock-cap	NONE	1	compile
testdir:fixedbugs/issue6572.go	testdir	NOT_ATTEMPTED	NONE	not-reached-before-wall-clock-cap	NONE	2	compile;match-diagnostics
testdir:fixedbugs/issue65778.go	testdir	NOT_ATTEMPTED	NONE	not-reached-before-wall-clock-cap	NONE	1	compile
testdir:fixedbugs/issue65808.go	testdir	NOT_ATTEMPTED	NONE	not-reached-before-wall-clock-cap	NONE	1	compile
testdir:fixedbugs/issue65893.go	testdir	NOT_ATTEMPTED	NONE	not-reached-before-wall-clock-cap	NONE	1	compile
testdir:fixedbugs/issue65957.go	testdir	NOT_ATTEMPTED	NONE	not-reached-before-wall-clock-cap	NONE	4	compile-packages-in-order;link;run;match-output
testdir:fixedbugs/issue65962.go	testdir	NOT_ATTEMPTED	NONE	not-reached-before-wall-clock-cap	NONE	4	compile-or-build;link-if-needed;run;match-output
testdir:fixedbugs/issue66066.go	testdir	NOT_ATTEMPTED	NONE	not-reached-before-wall-clock-cap	NONE	4	compile-or-build;link-if-needed;run;match-output
testdir:fixedbugs/issue66066b.go	testdir	NOT_ATTEMPTED	NONE	not-reached-before-wall-clock-cap	NONE	4	compile-or-build;link-if-needed;run;match-output
testdir:fixedbugs/issue66096.go	testdir	NOT_ATTEMPTED	NONE	not-reached-before-wall-clock-cap	NONE	1	compile
testdir:fixedbugs/issue66261.go	testdir	NOT_ATTEMPTED	NONE	not-reached-before-wall-clock-cap	NONE	4	compile-or-build;link-if-needed;run;match-output
testdir:fixedbugs/issue66575.go	testdir	NOT_ATTEMPTED	NONE	not-reached-before-wall-clock-cap	NONE	4	compile-or-build;link-if-needed;run;match-output
testdir:fixedbugs/issue66585.go	testdir	NOT_ATTEMPTED	NONE	not-reached-before-wall-clock-cap	NONE	4	compile-or-build;link-if-needed;run;match-output
testdir:fixedbugs/issue66663.go	testdir	NOT_ATTEMPTED	NONE	not-reached-before-wall-clock-cap	NONE	1	compile
testdir:fixedbugs/issue6671.go	testdir	NOT_ATTEMPTED	NONE	not-reached-before-wall-clock-cap	NONE	2	compile;match-diagnostics
testdir:fixedbugs/issue66873.go	testdir	NOT_ATTEMPTED	NONE	not-reached-before-wall-clock-cap	NONE	1	compile
testdir:fixedbugs/issue6703a.go	testdir	NOT_ATTEMPTED	NONE	not-reached-before-wall-clock-cap	NONE	2	compile;match-diagnostics
testdir:fixedbugs/issue6703b.go	testdir	NOT_ATTEMPTED	NONE	not-reached-before-wall-clock-cap	NONE	2	compile;match-diagnostics
testdir:fixedbugs/issue6703c.go	testdir	NOT_ATTEMPTED	NONE	not-reached-before-wall-clock-cap	NONE	2	compile;match-diagnostics
testdir:fixedbugs/issue6703d.go	testdir	NOT_ATTEMPTED	NONE	not-reached-before-wall-clock-cap	NONE	2	compile;match-diagnostics
testdir:fixedbugs/issue6703e.go	testdir	NOT_ATTEMPTED	NONE	not-reached-before-wall-clock-cap	NONE	2	compile;match-diagnostics
testdir:fixedbugs/issue6703f.go	testdir	NOT_ATTEMPTED	NONE	not-reached-before-wall-clock-cap	NONE	2	compile;match-diagnostics
testdir:fixedbugs/issue6703g.go	testdir	NOT_ATTEMPTED	NONE	not-reached-before-wall-clock-cap	NONE	2	compile;match-diagnostics
testdir:fixedbugs/issue6703h.go	testdir	NOT_ATTEMPTED	NONE	not-reached-before-wall-clock-cap	NONE	2	compile;match-diagnostics
testdir:fixedbugs/issue6703i.go	testdir	NOT_ATTEMPTED	NONE	not-reached-before-wall-clock-cap	NONE	2	compile;match-diagnostics
testdir:fixedbugs/issue6703j.go	testdir	NOT_ATTEMPTED	NONE	not-reached-before-wall-clock-cap	NONE	2	compile;match-diagnostics
testdir:fixedbugs/issue6703k.go	testdir	NOT_ATTEMPTED	NONE	not-reached-before-wall-clock-cap	NONE	2	compile;match-diagnostics
testdir:fixedbugs/issue6703l.go	testdir	NOT_ATTEMPTED	NONE	not-reached-before-wall-clock-cap	NONE	2	compile;match-diagnostics
testdir:fixedbugs/issue6703m.go	testdir	NOT_ATTEMPTED	NONE	not-reached-before-wall-clock-cap	NONE	2	compile;match-diagnostics
testdir:fixedbugs/issue6703n.go	testdir	NOT_ATTEMPTED	NONE	not-reached-before-wall-clock-cap	NONE	2	compile;match-diagnostics
testdir:fixedbugs/issue6703o.go	testdir	NOT_ATTEMPTED	NONE	not-reached-before-wall-clock-cap	NONE	2	compile;match-diagnostics
testdir:fixedbugs/issue6703p.go	testdir	NOT_ATTEMPTED	NONE	not-reached-before-wall-clock-cap	NONE	2	compile;match-diagnostics
testdir:fixedbugs/issue6703q.go	testdir	NOT_ATTEMPTED	NONE	not-reached-before-wall-clock-cap	NONE	2	compile;match-diagnostics
testdir:fixedbugs/issue6703r.go	testdir	NOT_ATTEMPTED	NONE	not-reached-before-wall-clock-cap	NONE	2	compile;match-diagnostics
testdir:fixedbugs/issue6703s.go	testdir	NOT_ATTEMPTED	NONE	not-reached-before-wall-clock-cap	NONE	2	compile;match-diagnostics
testdir:fixedbugs/issue6703t.go	testdir	NOT_ATTEMPTED	NONE	not-reached-before-wall-clock-cap	NONE	2	compile;match-diagnostics
testdir:fixedbugs/issue6703u.go	testdir	NOT_ATTEMPTED	NONE	not-reached-before-wall-clock-cap	NONE	2	compile;match-diagnostics
testdir:fixedbugs/issue6703v.go	testdir	NOT_ATTEMPTED	NONE	not-reached-before-wall-clock-cap	NONE	2	compile;match-diagnostics
testdir:fixedbugs/issue6703w.go	testdir	NOT_ATTEMPTED	NONE	not-reached-before-wall-clock-cap	NONE	2	compile;match-diagnostics
testdir:fixedbugs/issue6703x.go	testdir	NOT_ATTEMPTED	NONE	not-reached-before-wall-clock-cap	NONE	2	compile;match-diagnostics
testdir:fixedbugs/issue6703y.go	testdir	NOT_ATTEMPTED	NONE	not-reached-before-wall-clock-cap	NONE	2	compile;match-diagnostics
testdir:fixedbugs/issue6703z.go	testdir	NOT_ATTEMPTED	NONE	not-reached-before-wall-clock-cap	NONE	2	compile;match-diagnostics
testdir:fixedbugs/issue67141.go	testdir	NOT_ATTEMPTED	NONE	not-reached-before-wall-clock-cap	NONE	2	compile;match-diagnostics
testdir:fixedbugs/issue67160.go	testdir	NOT_ATTEMPTED	NONE	not-reached-before-wall-clock-cap	NONE	4	compile-or-build;link-if-needed;run;match-output
testdir:fixedbugs/issue67190.go	testdir	NOT_ATTEMPTED	NONE	not-reached-before-wall-clock-cap	NONE	4	compile-or-build;link-if-needed;run;match-output
testdir:fixedbugs/issue67255.go	testdir	NOT_ATTEMPTED	NONE	not-reached-before-wall-clock-cap	NONE	4	compile-or-build;link-if-needed;run;match-output
testdir:fixedbugs/issue67329.go	testdir	NOT_ATTEMPTED	NONE	not-reached-before-wall-clock-cap	NONE	2	compile;match-diagnostics
testdir:fixedbugs/issue6750.go	testdir	NOT_ATTEMPTED	NONE	not-reached-before-wall-clock-cap	NONE	2	compile;match-diagnostics
testdir:fixedbugs/issue6772.go	testdir	NOT_ATTEMPTED	NONE	not-reached-before-wall-clock-cap	NONE	2	compile;match-diagnostics
testdir:fixedbugs/issue6789.go	testdir	NOT_ATTEMPTED	NONE	not-reached-before-wall-clock-cap	NONE	4	compile-packages-in-order;link;run;match-output
testdir:fixedbugs/issue68054.go	testdir	NOT_ATTEMPTED	NONE	not-reached-before-wall-clock-cap	NONE	1	compile
testdir:fixedbugs/issue68227.go	testdir	NOT_ATTEMPTED	NONE	not-reached-before-wall-clock-cap	NONE	4	compile-or-build;link-if-needed;run;match-output
testdir:fixedbugs/issue68264.go	testdir	NOT_ATTEMPTED	NONE	not-reached-before-wall-clock-cap	NONE	1	compile
testdir:fixedbugs/issue68292.go	testdir	NOT_ATTEMPTED	NONE	not-reached-before-wall-clock-cap	NONE	2	compile;match-diagnostics
testdir:fixedbugs/issue68322.go	testdir	NOT_ATTEMPTED	NONE	not-reached-before-wall-clock-cap	NONE	4	compile-or-build;link-if-needed;run;match-output
testdir:fixedbugs/issue68415.go	testdir	NOT_ATTEMPTED	NONE	not-reached-before-wall-clock-cap	NONE	4	compile-or-build;link-if-needed;run;match-output
testdir:fixedbugs/issue6847.go	testdir	NOT_ATTEMPTED	NONE	not-reached-before-wall-clock-cap	NONE	1	compile
testdir:fixedbugs/issue68525.go	testdir	NOT_ATTEMPTED	NONE	not-reached-before-wall-clock-cap	NONE	4	compile-or-build;link-if-needed;run;match-output
testdir:fixedbugs/issue68526.go	testdir	NOT_ATTEMPTED	NONE	not-reached-before-wall-clock-cap	NONE	4	overlay-directory;generate-module;build-and-run-package;match-output
testdir:fixedbugs/issue68580.go	testdir	NOT_ATTEMPTED	NONE	not-reached-before-wall-clock-cap	NONE	1	compile
testdir:fixedbugs/issue6866.go	testdir	NOT_ATTEMPTED	NONE	not-reached-before-wall-clock-cap	NONE	4	compile-or-build;link-if-needed;run;match-output
testdir:fixedbugs/issue68734.go	testdir	NOT_ATTEMPTED	NONE	not-reached-before-wall-clock-cap	NONE	1	compile
testdir:fixedbugs/issue68809.go	testdir	NOT_ATTEMPTED	NONE	not-reached-before-wall-clock-cap	NONE	4	compile-or-build;link-if-needed;run;match-output
testdir:fixedbugs/issue68816.go	testdir	NOT_ATTEMPTED	NONE	not-reached-before-wall-clock-cap	NONE	4	compile-or-build;link-if-needed;run;match-output
testdir:fixedbugs/issue6889.go	testdir	NOT_ATTEMPTED	NONE	not-reached-before-wall-clock-cap	NONE	2	compile;match-diagnostics
testdir:fixedbugs/issue6899.go	testdir	NOT_ATTEMPTED	NONE	not-reached-before-wall-clock-cap	NONE	4	compile-or-build;link-if-needed;run;match-output
testdir:fixedbugs/issue6902.go	testdir	NOT_ATTEMPTED	NONE	not-reached-before-wall-clock-cap	NONE	4	compile-or-build;link-if-needed;run;match-output
testdir:fixedbugs/issue69434.go	testdir	NOT_ATTEMPTED	NONE	not-reached-before-wall-clock-cap	NONE	4	compile-or-build;link-if-needed;run;match-output
testdir:fixedbugs/issue69507.go	testdir	NOT_ATTEMPTED	NONE	not-reached-before-wall-clock-cap	NONE	4	compile-or-build;link-if-needed;run;match-output
testdir:fixedbugs/issue6964.go	testdir	NOT_ATTEMPTED	NONE	not-reached-before-wall-clock-cap	NONE	2	compile;match-diagnostics
testdir:fixedbugs/issue6977.go	testdir	NOT_ATTEMPTED	NONE	not-reached-before-wall-clock-cap	NONE	2	compile;match-diagnostics
testdir:fixedbugs/issue69825.go	testdir	NOT_ATTEMPTED	NONE	not-reached-before-wall-clock-cap	NONE	1	compile
testdir:fixedbugs/issue70156.go	testdir	NOT_ATTEMPTED	NONE	not-reached-before-wall-clock-cap	NONE	4	compile-or-build;link-if-needed;run;match-output
testdir:fixedbugs/issue70175.go	testdir	NOT_ATTEMPTED	NONE	not-reached-before-wall-clock-cap	NONE	1	compile
testdir:fixedbugs/issue70189.go	testdir	NOT_ATTEMPTED	NONE	not-reached-before-wall-clock-cap	NONE	4	compile-or-build;link-if-needed;run;match-output
testdir:fixedbugs/issue7023.go	testdir	NOT_ATTEMPTED	NONE	not-reached-before-wall-clock-cap	NONE	1	compile-packages-in-order
testdir:fixedbugs/issue7044.go	testdir	NOT_ATTEMPTED	NONE	not-reached-before-wall-clock-cap	NONE	4	compile-or-build;link-if-needed;run;match-output
testdir:fixedbugs/issue70481.go	testdir	NOT_ATTEMPTED	NONE	not-reached-before-wall-clock-cap	NONE	4	compile-or-build;link-if-needed;run;match-output
testdir:fixedbugs/issue7050.go	testdir	NOT_ATTEMPTED	NONE	not-reached-before-wall-clock-cap	NONE	4	compile-or-build;link-if-needed;run;match-output
testdir:fixedbugs/issue7083.go	testdir	NOT_ATTEMPTED	NONE	not-reached-before-wall-clock-cap	NONE	4	compile-or-build;link-if-needed;run;match-output
testdir:fixedbugs/issue71184.go	testdir	NOT_ATTEMPTED	NONE	not-reached-before-wall-clock-cap	NONE	1	compile
testdir:fixedbugs/issue71225.go	testdir	NOT_ATTEMPTED	NONE	not-reached-before-wall-clock-cap	NONE	1	build
testdir:fixedbugs/issue71226.go	testdir	NOT_ATTEMPTED	NONE	not-reached-before-wall-clock-cap	NONE	1	build
testdir:fixedbugs/issue7129.go	testdir	NOT_ATTEMPTED	NONE	not-reached-before-wall-clock-cap	NONE	2	compile;match-diagnostics
testdir:fixedbugs/issue7150.go	testdir	NOT_ATTEMPTED	NONE	not-reached-before-wall-clock-cap	NONE	2	compile;match-diagnostics
testdir:fixedbugs/issue7153.go	testdir	NOT_ATTEMPTED	NONE	not-reached-before-wall-clock-cap	NONE	2	compile;match-diagnostics
testdir:fixedbugs/issue71675.go	testdir	NOT_ATTEMPTED	NONE	not-reached-before-wall-clock-cap	NONE	4	compile-or-build;link-if-needed;run;match-output
testdir:fixedbugs/issue71680.go	testdir	NOT_ATTEMPTED	NONE	not-reached-before-wall-clock-cap	NONE	1	compile
testdir:fixedbugs/issue71759.go	testdir	NOT_ATTEMPTED	NONE	not-reached-before-wall-clock-cap	NONE	4	compile-or-build;link-if-needed;run;match-output
testdir:fixedbugs/issue71852.go	testdir	NOT_ATTEMPTED	NONE	not-reached-before-wall-clock-cap	NONE	1	compile
testdir:fixedbugs/issue71857.go	testdir	NOT_ATTEMPTED	NONE	not-reached-before-wall-clock-cap	NONE	4	compile-or-build;link-if-needed;run;match-output
testdir:fixedbugs/issue71932.go	testdir	NOT_ATTEMPTED	NONE	not-reached-before-wall-clock-cap	NONE	4	compile-or-build;link-if-needed;run;match-output
testdir:fixedbugs/issue72063.go	testdir	NOT_ATTEMPTED	NONE	not-reached-before-wall-clock-cap	NONE	4	compile-or-build;link-if-needed;run;match-output
testdir:fixedbugs/issue72090.go	testdir	NOT_ATTEMPTED	NONE	not-reached-before-wall-clock-cap	NONE	1	build
testdir:fixedbugs/issue7214.go	testdir	NOT_ATTEMPTED	NONE	not-reached-before-wall-clock-cap	NONE	2	compile;match-diagnostics
testdir:fixedbugs/issue7223.go	testdir	NOT_ATTEMPTED	NONE	not-reached-before-wall-clock-cap	NONE	2	compile;match-diagnostics
testdir:fixedbugs/issue7272.go	testdir	NOT_ATTEMPTED	NONE	not-reached-before-wall-clock-cap	NONE	1	compile
testdir:fixedbugs/issue72844.go	testdir	NOT_ATTEMPTED	NONE	not-reached-before-wall-clock-cap	NONE	4	compile-or-build;link-if-needed;run;match-output
testdir:fixedbugs/issue72860.go	testdir	NOT_ATTEMPTED	NONE	not-reached-before-wall-clock-cap	NONE	4	compile-or-build;link-if-needed;run;match-output
testdir:fixedbugs/issue7310.go	testdir	NOT_ATTEMPTED	NONE	not-reached-before-wall-clock-cap	NONE	2	compile;match-diagnostics
testdir:fixedbugs/issue7316.go	testdir	NOT_ATTEMPTED	NONE	not-reached-before-wall-clock-cap	NONE	4	run-generator;capture-generated-source;build-and-run-generated-source;match-output
testdir:fixedbugs/issue73180.go	testdir	NOT_ATTEMPTED	NONE	not-reached-before-wall-clock-cap	NONE	1	build
testdir:fixedbugs/issue73200.go	testdir	NOT_ATTEMPTED	NONE	not-reached-before-wall-clock-cap	NONE	1	build
testdir:fixedbugs/issue73309.go	testdir	NOT_ATTEMPTED	NONE	not-reached-before-wall-clock-cap	NONE	1	compile
testdir:fixedbugs/issue73309b.go	testdir	NOT_ATTEMPTED	NONE	not-reached-before-wall-clock-cap	NONE	1	compile
testdir:fixedbugs/issue7346.go	testdir	NOT_ATTEMPTED	NONE	not-reached-before-wall-clock-cap	NONE	1	compile
testdir:fixedbugs/issue73476.go	testdir	NOT_ATTEMPTED	NONE	not-reached-before-wall-clock-cap	NONE	4	compile-or-build;link-if-needed;run;match-output
testdir:fixedbugs/issue73483.go	testdir	NOT_ATTEMPTED	NONE	not-reached-before-wall-clock-cap	NONE	4	compile-or-build;link-if-needed;run;match-output
testdir:fixedbugs/issue73491.go	testdir	NOT_ATTEMPTED	NONE	not-reached-before-wall-clock-cap	NONE	1	build
testdir:fixedbugs/issue7366.go	testdir	NOT_ATTEMPTED	NONE	not-reached-before-wall-clock-cap	NONE	1	compile
testdir:fixedbugs/issue73716.go	testdir	NOT_ATTEMPTED	NONE	not-reached-before-wall-clock-cap	NONE	1	build
testdir:fixedbugs/issue73748a.go	testdir	NOT_ATTEMPTED	NONE	not-reached-before-wall-clock-cap	NONE	4	compile-or-build;link-if-needed;run;match-output
testdir:fixedbugs/issue73748b.go	testdir	NOT_ATTEMPTED	NONE	not-reached-before-wall-clock-cap	NONE	4	compile-or-build;link-if-needed;run;match-output
testdir:fixedbugs/issue73823.go	testdir	NOT_ATTEMPTED	NONE	not-reached-before-wall-clock-cap	NONE	1	compile
testdir:fixedbugs/issue73888.go	testdir	NOT_ATTEMPTED	NONE	not-reached-before-wall-clock-cap	NONE	4	compile-or-build;link-if-needed;run;match-output
testdir:fixedbugs/issue73888b.go	testdir	NOT_ATTEMPTED	NONE	not-reached-before-wall-clock-cap	NONE	4	compile-or-build;link-if-needed;run;match-output
testdir:fixedbugs/issue73916.go	testdir	NOT_ATTEMPTED	NONE	not-reached-before-wall-clock-cap	NONE	4	compile-or-build;link-if-needed;run;match-output
testdir:fixedbugs/issue73916b.go	testdir	NOT_ATTEMPTED	NONE	not-reached-before-wall-clock-cap	NONE	4	compile-or-build;link-if-needed;run;match-output
testdir:fixedbugs/issue73917.go	testdir	NOT_ATTEMPTED	NONE	not-reached-before-wall-clock-cap	NONE	4	compile-or-build;link-if-needed;run;match-output
testdir:fixedbugs/issue73920.go	testdir	NOT_ATTEMPTED	NONE	not-reached-before-wall-clock-cap	NONE	4	compile-or-build;link-if-needed;run;match-output
testdir:fixedbugs/issue7405.go	testdir	NOT_ATTEMPTED	NONE	not-reached-before-wall-clock-cap	NONE	1	compile
testdir:fixedbugs/issue7419.go	testdir	NOT_ATTEMPTED	NONE	not-reached-before-wall-clock-cap	NONE	4	compile-or-build;link-if-needed;run;match-output
testdir:fixedbugs/issue74379.go	testdir	NOT_ATTEMPTED	NONE	not-reached-before-wall-clock-cap	NONE	4	compile-or-build;link-if-needed;run;match-output
testdir:fixedbugs/issue74379b.go	testdir	NOT_ATTEMPTED	NONE	not-reached-before-wall-clock-cap	NONE	4	compile-or-build;link-if-needed;run;match-output
testdir:fixedbugs/issue74379c.go	testdir	NOT_ATTEMPTED	NONE	not-reached-before-wall-clock-cap	NONE	4	compile-or-build;link-if-needed;run;match-output
testdir:fixedbugs/issue74626.go	testdir	NOT_ATTEMPTED	NONE	not-reached-before-wall-clock-cap	NONE	2	compile;match-diagnostics
testdir:fixedbugs/issue74648.go	testdir	NOT_ATTEMPTED	NONE	not-reached-before-wall-clock-cap	NONE	4	overlay-directory;generate-module;build-and-run-package;match-output
testdir:fixedbugs/issue74836.go	testdir	NOT_ATTEMPTED	NONE	not-reached-before-wall-clock-cap	NONE	1	compile
testdir:fixedbugs/issue74888.go	testdir	NOT_ATTEMPTED	NONE	not-reached-before-wall-clock-cap	NONE	1	compile
testdir:fixedbugs/issue74908.go	testdir	NOT_ATTEMPTED	NONE	not-reached-before-wall-clock-cap	NONE	1	compile
testdir:fixedbugs/issue74935.go	testdir	NOT_ATTEMPTED	NONE	not-reached-before-wall-clock-cap	NONE	4	compile-or-build;link-if-needed;run;match-output
testdir:fixedbugs/issue75022.go	testdir	NOT_ATTEMPTED	NONE	not-reached-before-wall-clock-cap	NONE	2	compile;match-diagnostics
testdir:fixedbugs/issue75063.go	testdir	NOT_ATTEMPTED	NONE	not-reached-before-wall-clock-cap	NONE	1	compile
testdir:fixedbugs/issue7525.go	testdir	NOT_ATTEMPTED	NONE	not-reached-before-wall-clock-cap	NONE	2	compile;match-diagnostics
testdir:fixedbugs/issue7525b.go	testdir	NOT_ATTEMPTED	NONE	not-reached-before-wall-clock-cap	NONE	2	compile;match-diagnostics
testdir:fixedbugs/issue7525c.go	testdir	NOT_ATTEMPTED	NONE	not-reached-before-wall-clock-cap	NONE	2	compile;match-diagnostics
testdir:fixedbugs/issue7525d.go	testdir	NOT_ATTEMPTED	NONE	not-reached-before-wall-clock-cap	NONE	2	compile;match-diagnostics
testdir:fixedbugs/issue7525e.go	testdir	NOT_ATTEMPTED	NONE	not-reached-before-wall-clock-cap	NONE	2	compile;match-diagnostics
testdir:fixedbugs/issue75278.go	testdir	NOT_ATTEMPTED	NONE	not-reached-before-wall-clock-cap	NONE	2	compile;match-diagnostics
testdir:fixedbugs/issue75327.go	testdir	NOT_ATTEMPTED	NONE	not-reached-before-wall-clock-cap	NONE	4	compile-or-build;link-if-needed;run;match-output
testdir:fixedbugs/issue75365.go	testdir	NOT_ATTEMPTED	NONE	not-reached-before-wall-clock-cap	NONE	4	compile-or-build;link-if-needed;run;match-output
testdir:fixedbugs/issue7538a.go	testdir	NOT_ATTEMPTED	NONE	not-reached-before-wall-clock-cap	NONE	2	compile;match-diagnostics
testdir:fixedbugs/issue7538b.go	testdir	NOT_ATTEMPTED	NONE	not-reached-before-wall-clock-cap	NONE	1	compile
testdir:fixedbugs/issue7547.go	testdir	NOT_ATTEMPTED	NONE	not-reached-before-wall-clock-cap	NONE	1	compile
testdir:fixedbugs/issue7550.go	testdir	NOT_ATTEMPTED	NONE	not-reached-before-wall-clock-cap	NONE	4	compile-or-build;link-if-needed;run;match-output
testdir:fixedbugs/issue75569.go	testdir	NOT_ATTEMPTED	NONE	not-reached-before-wall-clock-cap	NONE	4	compile-or-build;link-if-needed;run;match-output
testdir:fixedbugs/issue75764.go	testdir	NOT_ATTEMPTED	NONE	not-reached-before-wall-clock-cap	NONE	4	compile-or-build;link-if-needed;run;match-output
testdir:fixedbugs/issue7590.go	testdir	NOT_ATTEMPTED	NONE	not-reached-before-wall-clock-cap	NONE	1	compile
testdir:fixedbugs/issue76008.go	testdir	NOT_ATTEMPTED	NONE	not-reached-before-wall-clock-cap	NONE	4	compile-or-build;link-if-needed;run;match-output
testdir:fixedbugs/issue7648.go	testdir	NOT_ATTEMPTED	NONE	not-reached-before-wall-clock-cap	NONE	1	compile-packages-in-order
testdir:fixedbugs/issue76709.go	testdir	NOT_ATTEMPTED	NONE	not-reached-before-wall-clock-cap	NONE	4	compile-or-build;link-if-needed;run;match-output
testdir:fixedbugs/issue7675.go	testdir	NOT_ATTEMPTED	NONE	not-reached-before-wall-clock-cap	NONE	2	compile;match-diagnostics
testdir:fixedbugs/issue7690.go	testdir	NOT_ATTEMPTED	NONE	not-reached-before-wall-clock-cap	NONE	4	compile-or-build;link-if-needed;run;match-output
testdir:fixedbugs/issue76950.go	testdir	NOT_ATTEMPTED	NONE	not-reached-before-wall-clock-cap	NONE	1	compile
testdir:fixedbugs/issue77303.go	testdir	NOT_ATTEMPTED	NONE	not-reached-before-wall-clock-cap	NONE	1	compile
testdir:fixedbugs/issue7740.go	testdir	NOT_ATTEMPTED	NONE	not-reached-before-wall-clock-cap	NONE	4	compile-or-build;link-if-needed;run;match-output
testdir:fixedbugs/issue7742.go	testdir	NOT_ATTEMPTED	NONE	not-reached-before-wall-clock-cap	NONE	1	compile
testdir:fixedbugs/issue77435.go	testdir	NOT_ATTEMPTED	NONE	not-reached-before-wall-clock-cap	NONE	1	compile
testdir:fixedbugs/issue7746.go	testdir	NOT_ATTEMPTED	NONE	not-reached-before-wall-clock-cap	NONE	2	compile;match-diagnostics
testdir:fixedbugs/issue77534.go	testdir	NOT_ATTEMPTED	NONE	not-reached-before-wall-clock-cap	NONE	1	compile
testdir:fixedbugs/issue7760.go	testdir	NOT_ATTEMPTED	NONE	not-reached-before-wall-clock-cap	NONE	2	compile;match-diagnostics
testdir:fixedbugs/issue77604.go	testdir	NOT_ATTEMPTED	NONE	not-reached-before-wall-clock-cap	NONE	1	compile
testdir:fixedbugs/issue77613.go	testdir	NOT_ATTEMPTED	NONE	not-reached-before-wall-clock-cap	NONE	4	compile-or-build;link-if-needed;run;match-output
testdir:fixedbugs/issue77635.go	testdir	NOT_ATTEMPTED	NONE	not-reached-before-wall-clock-cap	NONE	1	compile
testdir:fixedbugs/issue77635b.go	testdir	NOT_ATTEMPTED	NONE	not-reached-before-wall-clock-cap	NONE	1	compile
testdir:fixedbugs/issue77779.go	testdir	NOT_ATTEMPTED	NONE	not-reached-before-wall-clock-cap	NONE	4	compile-or-build;link-if-needed;run;match-output
testdir:fixedbugs/issue77815.go	testdir	NOT_ATTEMPTED	NONE	not-reached-before-wall-clock-cap	NONE	1	compile
testdir:fixedbugs/issue77868.go	testdir	NOT_ATTEMPTED	NONE	not-reached-before-wall-clock-cap	NONE	1	compile
testdir:fixedbugs/issue77919.go	testdir	NOT_ATTEMPTED	NONE	not-reached-before-wall-clock-cap	NONE	1	compile
testdir:fixedbugs/issue7794.go	testdir	NOT_ATTEMPTED	NONE	not-reached-before-wall-clock-cap	NONE	1	compile
testdir:fixedbugs/issue78016.go	testdir	NOT_ATTEMPTED	NONE	not-reached-before-wall-clock-cap	NONE	1	compile
testdir:fixedbugs/issue78028.go	testdir	NOT_ATTEMPTED	NONE	not-reached-before-wall-clock-cap	NONE	1	compile
testdir:fixedbugs/issue78081.go	testdir	NOT_ATTEMPTED	NONE	not-reached-before-wall-clock-cap	NONE	4	compile-or-build;link-if-needed;run;match-output
testdir:fixedbugs/issue78262.go	testdir	NOT_ATTEMPTED	NONE	not-reached-before-wall-clock-cap	NONE	4	compile-or-build;link-if-needed;run;match-output
testdir:fixedbugs/issue78295.go	testdir	NOT_ATTEMPTED	NONE	not-reached-before-wall-clock-cap	NONE	4	compile-or-build;link-if-needed;run;match-output
testdir:fixedbugs/issue78297.go	testdir	NOT_ATTEMPTED	NONE	not-reached-before-wall-clock-cap	NONE	1	compile
testdir:fixedbugs/issue78303_1.go	testdir	NOT_ATTEMPTED	NONE	not-reached-before-wall-clock-cap	NONE	4	compile-or-build;link-if-needed;run;match-output
testdir:fixedbugs/issue78303_2.go	testdir	NOT_ATTEMPTED	NONE	not-reached-before-wall-clock-cap	NONE	4	compile-or-build;link-if-needed;run;match-output
testdir:fixedbugs/issue78313.go	testdir	NOT_ATTEMPTED	NONE	not-reached-before-wall-clock-cap	NONE	1	compile
testdir:fixedbugs/issue78314.go	testdir	NOT_ATTEMPTED	NONE	not-reached-before-wall-clock-cap	NONE	2	compile;match-diagnostics
testdir:fixedbugs/issue78355.go	testdir	NOT_ATTEMPTED	NONE	not-reached-before-wall-clock-cap	NONE	2	compile;match-diagnostics
testdir:fixedbugs/issue78404.go	testdir	NOT_ATTEMPTED	NONE	not-reached-before-wall-clock-cap	NONE	4	compile-or-build;link-if-needed;run;match-output
testdir:fixedbugs/issue78408.go	testdir	NOT_ATTEMPTED	NONE	not-reached-before-wall-clock-cap	NONE	1	compile
testdir:fixedbugs/issue78410.go	testdir	NOT_ATTEMPTED	NONE	not-reached-before-wall-clock-cap	NONE	1	compile
testdir:fixedbugs/issue78599.go	testdir	NOT_ATTEMPTED	NONE	not-reached-before-wall-clock-cap	NONE	1	compile
testdir:fixedbugs/issue7863.go	testdir	NOT_ATTEMPTED	NONE	not-reached-before-wall-clock-cap	NONE	4	compile-or-build;link-if-needed;run;match-output
testdir:fixedbugs/issue78641.go	testdir	NOT_ATTEMPTED	NONE	not-reached-before-wall-clock-cap	NONE	4	compile-or-build;link-if-needed;run;match-output
testdir:fixedbugs/issue7867.go	testdir	NOT_ATTEMPTED	NONE	not-reached-before-wall-clock-cap	NONE	4	run-generator;capture-generated-source;build-and-run-generated-source;match-output
testdir:fixedbugs/issue7884.go	testdir	NOT_ATTEMPTED	NONE	not-reached-before-wall-clock-cap	NONE	1	compile
testdir:fixedbugs/issue78892.go	testdir	NOT_ATTEMPTED	NONE	not-reached-before-wall-clock-cap	NONE	4	compile-or-build;link-if-needed;run;match-output
testdir:fixedbugs/issue79182.go	testdir	NOT_ATTEMPTED	NONE	not-reached-before-wall-clock-cap	NONE	4	compile-or-build;link-if-needed;run;match-output
testdir:fixedbugs/issue79186.go	testdir	NOT_ATTEMPTED	NONE	not-reached-before-wall-clock-cap	NONE	4	compile-or-build;link-if-needed;run;match-output
testdir:fixedbugs/issue79197.go	testdir	NOT_ATTEMPTED	NONE	not-reached-before-wall-clock-cap	NONE	4	compile-or-build;link-if-needed;run;match-output
testdir:fixedbugs/issue7921.go	testdir	NOT_ATTEMPTED	NONE	not-reached-before-wall-clock-cap	NONE	2	compile;match-diagnostics
testdir:fixedbugs/issue79236.go	testdir	NOT_ATTEMPTED	NONE	not-reached-before-wall-clock-cap	NONE	4	compile-or-build;link-if-needed;run;match-output
testdir:fixedbugs/issue79236b.go	testdir	NOT_ATTEMPTED	NONE	not-reached-before-wall-clock-cap	NONE	4	compile-or-build;link-if-needed;run;match-output
testdir:fixedbugs/issue79258.go	testdir	NOT_ATTEMPTED	NONE	not-reached-before-wall-clock-cap	NONE	2	compile;match-diagnostics
testdir:fixedbugs/issue79274.go	testdir	NOT_ATTEMPTED	NONE	not-reached-before-wall-clock-cap	NONE	1	compile
testdir:fixedbugs/issue79274a.go	testdir	NOT_ATTEMPTED	NONE	not-reached-before-wall-clock-cap	NONE	1	compile-packages-in-order
testdir:fixedbugs/issue7944.go	testdir	NOT_ATTEMPTED	NONE	not-reached-before-wall-clock-cap	NONE	4	compile-or-build;link-if-needed;run;match-output
testdir:fixedbugs/issue79762.go	testdir	NOT_ATTEMPTED	NONE	not-reached-before-wall-clock-cap	NONE	4	compile-or-build;link-if-needed;run;match-output
testdir:fixedbugs/issue79812.go	testdir	NOT_ATTEMPTED	NONE	not-reached-before-wall-clock-cap	NONE	4	compile-or-build;link-if-needed;run;match-output
testdir:fixedbugs/issue79874.go	testdir	NOT_ATTEMPTED	NONE	not-reached-before-wall-clock-cap	NONE	4	compile-or-build;link-if-needed;run;match-output
testdir:fixedbugs/issue79886.go	testdir	NOT_ATTEMPTED	NONE	not-reached-before-wall-clock-cap	NONE	4	compile-or-build;link-if-needed;run;match-output
testdir:fixedbugs/issue79887.go	testdir	NOT_ATTEMPTED	NONE	not-reached-before-wall-clock-cap	NONE	1	build
testdir:fixedbugs/issue79909.go	testdir	NOT_ATTEMPTED	NONE	not-reached-before-wall-clock-cap	NONE	4	compile-or-build;link-if-needed;run;match-output
testdir:fixedbugs/issue7995.go	testdir	NOT_ATTEMPTED	NONE	not-reached-before-wall-clock-cap	NONE	4	compile-or-build;link-if-needed;run;match-output
testdir:fixedbugs/issue7995b.go	testdir	NOT_ATTEMPTED	NONE	not-reached-before-wall-clock-cap	NONE	4	compile-packages-in-order;link;run;match-output
testdir:fixedbugs/issue7996.go	testdir	NOT_ATTEMPTED	NONE	not-reached-before-wall-clock-cap	NONE	1	compile
testdir:fixedbugs/issue79960.go	testdir	NOT_ATTEMPTED	NONE	not-reached-before-wall-clock-cap	NONE	1	compile
testdir:fixedbugs/issue7997.go	testdir	NOT_ATTEMPTED	NONE	not-reached-before-wall-clock-cap	NONE	1	compile
testdir:fixedbugs/issue7998.go	testdir	NOT_ATTEMPTED	NONE	not-reached-before-wall-clock-cap	NONE	1	compile
testdir:fixedbugs/issue80004.go	testdir	NOT_ATTEMPTED	NONE	not-reached-before-wall-clock-cap	NONE	4	compile-or-build;link-if-needed;run;match-output
testdir:fixedbugs/issue8004.go	testdir	NOT_ATTEMPTED	NONE	not-reached-before-wall-clock-cap	NONE	4	compile-or-build;link-if-needed;run;match-output
testdir:fixedbugs/issue80096.go	testdir	NOT_ATTEMPTED	NONE	not-reached-before-wall-clock-cap	NONE	1	compile
testdir:fixedbugs/issue80097.go	testdir	NOT_ATTEMPTED	NONE	not-reached-before-wall-clock-cap	NONE	1	compile
testdir:fixedbugs/issue8011.go	testdir	NOT_ATTEMPTED	NONE	not-reached-before-wall-clock-cap	NONE	4	compile-or-build;link-if-needed;run;match-output
testdir:fixedbugs/issue80127.go	testdir	NOT_ATTEMPTED	NONE	not-reached-before-wall-clock-cap	NONE	4	compile-or-build;link-if-needed;run;match-output
testdir:fixedbugs/issue8017.go	testdir	NOT_ATTEMPTED	NONE	not-reached-before-wall-clock-cap	NONE	1	compile
testdir:fixedbugs/issue80188.go	testdir	NOT_ATTEMPTED	NONE	not-reached-before-wall-clock-cap	NONE	4	compile-or-build;link-if-needed;run;match-output
testdir:fixedbugs/issue80196.go	testdir	NOT_ATTEMPTED	NONE	not-reached-before-wall-clock-cap	NONE	4	compile-or-build;link-if-needed;run;match-output
testdir:fixedbugs/issue8028.go	testdir	NOT_ATTEMPTED	NONE	not-reached-before-wall-clock-cap	NONE	1	compile
testdir:fixedbugs/issue8036.go	testdir	NOT_ATTEMPTED	NONE	not-reached-before-wall-clock-cap	NONE	4	compile-or-build;link-if-needed;run;match-output
testdir:fixedbugs/issue8039.go	testdir	NOT_ATTEMPTED	NONE	not-reached-before-wall-clock-cap	NONE	4	compile-or-build;link-if-needed;run;match-output
testdir:fixedbugs/issue8042.go	testdir	NOT_ATTEMPTED	NONE	not-reached-before-wall-clock-cap	NONE	1	compile
testdir:fixedbugs/issue8047.go	testdir	NOT_ATTEMPTED	NONE	not-reached-before-wall-clock-cap	NONE	4	compile-or-build;link-if-needed;run;match-output
testdir:fixedbugs/issue8047b.go	testdir	NOT_ATTEMPTED	NONE	not-reached-before-wall-clock-cap	NONE	4	compile-or-build;link-if-needed;run;match-output
testdir:fixedbugs/issue8048.go	testdir	NOT_ATTEMPTED	NONE	not-reached-before-wall-clock-cap	NONE	4	compile-or-build;link-if-needed;run;match-output
testdir:fixedbugs/issue80517_1.go	testdir	NOT_ATTEMPTED	NONE	not-reached-before-wall-clock-cap	NONE	4	compile-or-build;link-if-needed;run;match-output
testdir:fixedbugs/issue80517_2.go	testdir	NOT_ATTEMPTED	NONE	not-reached-before-wall-clock-cap	NONE	4	compile-or-build;link-if-needed;run;match-output
testdir:fixedbugs/issue80517_3.go	testdir	NOT_ATTEMPTED	NONE	not-reached-before-wall-clock-cap	NONE	4	compile-or-build;link-if-needed;run;match-output
testdir:fixedbugs/issue80577.go	testdir	NOT_ATTEMPTED	NONE	not-reached-before-wall-clock-cap	NONE	4	compile-or-build;link-if-needed;run;match-output
testdir:fixedbugs/issue8060.go	testdir	NOT_ATTEMPTED	NONE	not-reached-before-wall-clock-cap	NONE	1	compile-packages-in-order
testdir:fixedbugs/issue8073.go	testdir	NOT_ATTEMPTED	NONE	not-reached-before-wall-clock-cap	NONE	1	compile
testdir:fixedbugs/issue8074.go	testdir	NOT_ATTEMPTED	NONE	not-reached-before-wall-clock-cap	NONE	1	compile
testdir:fixedbugs/issue8076.go	testdir	NOT_ATTEMPTED	NONE	not-reached-before-wall-clock-cap	NONE	1	compile
testdir:fixedbugs/issue8079.go	testdir	NOT_ATTEMPTED	NONE	not-reached-before-wall-clock-cap	NONE	1	compile
testdir:fixedbugs/issue8132.go	testdir	NOT_ATTEMPTED	NONE	not-reached-before-wall-clock-cap	NONE	4	compile-or-build;link-if-needed;run;match-output
testdir:fixedbugs/issue8139.go	testdir	NOT_ATTEMPTED	NONE	not-reached-before-wall-clock-cap	NONE	4	compile-or-build;link-if-needed;run;match-output
testdir:fixedbugs/issue8154.go	testdir	NOT_ATTEMPTED	NONE	not-reached-before-wall-clock-cap	NONE	1	compile
testdir:fixedbugs/issue8155.go	testdir	NOT_ATTEMPTED	NONE	not-reached-before-wall-clock-cap	NONE	4	compile-or-build;link-if-needed;run;match-output
testdir:fixedbugs/issue8158.go	testdir	NOT_ATTEMPTED	NONE	not-reached-before-wall-clock-cap	NONE	4	compile-or-build;link-if-needed;run;match-output
testdir:fixedbugs/issue8183.go	testdir	NOT_ATTEMPTED	NONE	not-reached-before-wall-clock-cap	NONE	2	compile;match-diagnostics
testdir:fixedbugs/issue8280.go	testdir	NOT_ATTEMPTED	NONE	not-reached-before-wall-clock-cap	NONE	1	compile-packages-in-order
testdir:fixedbugs/issue8311.go	testdir	NOT_ATTEMPTED	NONE	not-reached-before-wall-clock-cap	NONE	2	compile;match-diagnostics
testdir:fixedbugs/issue8325.go	testdir	NOT_ATTEMPTED	NONE	not-reached-before-wall-clock-cap	NONE	4	compile-or-build;link-if-needed;run;match-output
testdir:fixedbugs/issue8336.go	testdir	NOT_ATTEMPTED	NONE	not-reached-before-wall-clock-cap	NONE	4	compile-or-build;link-if-needed;run;match-output
testdir:fixedbugs/issue8347.go	testdir	NOT_ATTEMPTED	NONE	not-reached-before-wall-clock-cap	NONE	4	compile-or-build;link-if-needed;run;match-output
testdir:fixedbugs/issue8385.go	testdir	NOT_ATTEMPTED	NONE	not-reached-before-wall-clock-cap	NONE	2	compile;match-diagnostics
testdir:fixedbugs/issue8438.go	testdir	NOT_ATTEMPTED	NONE	not-reached-before-wall-clock-cap	NONE	2	compile;match-diagnostics
testdir:fixedbugs/issue8440.go	testdir	NOT_ATTEMPTED	NONE	not-reached-before-wall-clock-cap	NONE	2	compile;match-diagnostics
testdir:fixedbugs/issue8475.go	testdir	NOT_ATTEMPTED	NONE	not-reached-before-wall-clock-cap	NONE	1	build
testdir:fixedbugs/issue8501.go	testdir	NOT_ATTEMPTED	NONE	not-reached-before-wall-clock-cap	NONE	2	compile;match-diagnostics
testdir:fixedbugs/issue8507.go	testdir	NOT_ATTEMPTED	NONE	not-reached-before-wall-clock-cap	NONE	2	compile;match-diagnostics
testdir:fixedbugs/issue8606.go	testdir	NOT_ATTEMPTED	NONE	not-reached-before-wall-clock-cap	NONE	4	compile-or-build;link-if-needed;run;match-output
testdir:fixedbugs/issue8606b.go	testdir	NOT_ATTEMPTED	NONE	not-reached-before-wall-clock-cap	NONE	4	compile-or-build;link-if-needed;run;match-output
testdir:fixedbugs/issue8612.go	testdir	NOT_ATTEMPTED	NONE	not-reached-before-wall-clock-cap	NONE	1	compile
testdir:fixedbugs/issue8613.go	testdir	NOT_ATTEMPTED	NONE	not-reached-before-wall-clock-cap	NONE	4	compile-or-build;link-if-needed;run;match-output
testdir:fixedbugs/issue8620.go	testdir	NOT_ATTEMPTED	NONE	not-reached-before-wall-clock-cap	NONE	4	compile-or-build;link-if-needed;run;match-output
testdir:fixedbugs/issue8745.go	testdir	NOT_ATTEMPTED	NONE	not-reached-before-wall-clock-cap	NONE	2	compile;match-diagnostics
testdir:fixedbugs/issue8761.go	testdir	NOT_ATTEMPTED	NONE	not-reached-before-wall-clock-cap	NONE	1	compile
testdir:fixedbugs/issue8836.go	testdir	NOT_ATTEMPTED	NONE	not-reached-before-wall-clock-cap	NONE	2	compile;match-diagnostics
testdir:fixedbugs/issue887.go	testdir	NOT_ATTEMPTED	NONE	not-reached-before-wall-clock-cap	NONE	1	compile
testdir:fixedbugs/issue8947.go	testdir	NOT_ATTEMPTED	NONE	not-reached-before-wall-clock-cap	NONE	4	compile-or-build;link-if-needed;run;match-output
testdir:fixedbugs/issue8961.go	testdir	NOT_ATTEMPTED	NONE	not-reached-before-wall-clock-cap	NONE	4	compile-or-build;link-if-needed;run;match-output
testdir:fixedbugs/issue9006.go	testdir	NOT_ATTEMPTED	NONE	not-reached-before-wall-clock-cap	NONE	4	compile-or-build;link-if-needed;run;match-output
testdir:fixedbugs/issue9017.go	testdir	NOT_ATTEMPTED	NONE	not-reached-before-wall-clock-cap	NONE	2	compile;match-diagnostics
testdir:fixedbugs/issue9036.go	testdir	NOT_ATTEMPTED	NONE	not-reached-before-wall-clock-cap	NONE	2	compile;match-diagnostics
testdir:fixedbugs/issue9076.go	testdir	NOT_ATTEMPTED	NONE	not-reached-before-wall-clock-cap	NONE	2	compile;match-diagnostics
testdir:fixedbugs/issue9083.go	testdir	NOT_ATTEMPTED	NONE	not-reached-before-wall-clock-cap	NONE	2	compile;match-diagnostics
testdir:fixedbugs/issue9110.go	testdir	NOT_ATTEMPTED	NONE	not-reached-before-wall-clock-cap	NONE	4	compile-or-build;link-if-needed;run;match-output
testdir:fixedbugs/issue9321.go	testdir	NOT_ATTEMPTED	NONE	not-reached-before-wall-clock-cap	NONE	4	compile-or-build;link-if-needed;run;match-output
testdir:fixedbugs/issue9355.go	testdir	NOT_ATTEMPTED	NONE	not-reached-before-wall-clock-cap	NONE	4	compile-or-build;link-if-needed;run;match-output
testdir:fixedbugs/issue9370.go	testdir	NOT_ATTEMPTED	NONE	not-reached-before-wall-clock-cap	NONE	2	compile;match-diagnostics
testdir:fixedbugs/issue9432.go	testdir	NOT_ATTEMPTED	NONE	not-reached-before-wall-clock-cap	NONE	2	compile;match-diagnostics
testdir:fixedbugs/issue9521.go	testdir	NOT_ATTEMPTED	NONE	not-reached-before-wall-clock-cap	NONE	2	compile;match-diagnostics
testdir:fixedbugs/issue9537.go	testdir	NOT_ATTEMPTED	NONE	not-reached-before-wall-clock-cap	NONE	4	compile-packages-in-order;link;run;match-output
testdir:fixedbugs/issue9604.go	testdir	NOT_ATTEMPTED	NONE	not-reached-before-wall-clock-cap	NONE	4	compile-or-build;link-if-needed;run;match-output
testdir:fixedbugs/issue9604b.go	testdir	NOT_ATTEMPTED	NONE	not-reached-before-wall-clock-cap	NONE	4	run-generator;capture-generated-source;build-and-run-generated-source;match-output
testdir:fixedbugs/issue9608.go	testdir	NOT_ATTEMPTED	NONE	not-reached-before-wall-clock-cap	NONE	4	compile-packages-in-order;link;run;match-output
testdir:fixedbugs/issue9634.go	testdir	NOT_ATTEMPTED	NONE	not-reached-before-wall-clock-cap	NONE	2	compile;match-diagnostics
testdir:fixedbugs/issue9691.go	testdir	NOT_ATTEMPTED	NONE	not-reached-before-wall-clock-cap	NONE	4	compile-or-build;link-if-needed;run;match-output
testdir:fixedbugs/issue9731.go	testdir	NOT_ATTEMPTED	NONE	not-reached-before-wall-clock-cap	NONE	1	compile
testdir:fixedbugs/issue9738.go	testdir	NOT_ATTEMPTED	NONE	not-reached-before-wall-clock-cap	NONE	4	compile-or-build;link-if-needed;run;match-output
testdir:fixedbugs/issue9862.go	testdir	NOT_ATTEMPTED	NONE	not-reached-before-wall-clock-cap	NONE	1	upstream-explicit-skip
testdir:fixedbugs/issue9862_run.go	testdir	NOT_ATTEMPTED	NONE	not-reached-before-wall-clock-cap	NONE	4	compile-or-build;link-if-needed;run;match-output
testdir:fixedbugs/notinheap.go	testdir	NOT_ATTEMPTED	NONE	not-reached-before-wall-clock-cap	NONE	2	compile;match-diagnostics
testdir:fixedbugs/notinheap2.go	testdir	NOT_ATTEMPTED	NONE	not-reached-before-wall-clock-cap	NONE	2	compile;match-diagnostics
testdir:fixedbugs/notinheap3.go	testdir	NOT_ATTEMPTED	NONE	not-reached-before-wall-clock-cap	NONE	2	compile;match-diagnostics
testdir:fixedbugs/shrd_zero_count.go	testdir	NOT_ATTEMPTED	NONE	not-reached-before-wall-clock-cap	NONE	4	compile-or-build;link-if-needed;run;match-output
testdir:fixedbugs/splitload_pointer_compare.go	testdir	NOT_ATTEMPTED	NONE	not-reached-before-wall-clock-cap	NONE	4	compile-or-build;link-if-needed;run;match-output
testdir:fixedbugs/walk_bounded_overshift_empty_bound.go	testdir	NOT_ATTEMPTED	NONE	not-reached-before-wall-clock-cap	NONE	4	compile-or-build;link-if-needed;run;match-output
testdir:float_lit.go	testdir	NOT_ATTEMPTED	NONE	not-reached-before-wall-clock-cap	NONE	4	compile-or-build;link-if-needed;run;match-output
testdir:float_lit2.go	testdir	NOT_ATTEMPTED	NONE	not-reached-before-wall-clock-cap	NONE	4	compile-or-build;link-if-needed;run;match-output
testdir:float_lit3.go	testdir	NOT_ATTEMPTED	NONE	not-reached-before-wall-clock-cap	NONE	2	compile;match-diagnostics
testdir:floatcmp.go	testdir	NOT_ATTEMPTED	NONE	not-reached-before-wall-clock-cap	NONE	4	compile-or-build;link-if-needed;run;match-output
testdir:for.go	testdir	NOT_ATTEMPTED	NONE	not-reached-before-wall-clock-cap	NONE	4	compile-or-build;link-if-needed;run;match-output
testdir:func.go	testdir	NOT_ATTEMPTED	NONE	not-reached-before-wall-clock-cap	NONE	4	compile-or-build;link-if-needed;run;match-output
testdir:func1.go	testdir	NOT_ATTEMPTED	NONE	not-reached-before-wall-clock-cap	NONE	2	compile;match-diagnostics
testdir:func2.go	testdir	NOT_ATTEMPTED	NONE	not-reached-before-wall-clock-cap	NONE	1	compile
testdir:func3.go	testdir	NOT_ATTEMPTED	NONE	not-reached-before-wall-clock-cap	NONE	2	compile;match-diagnostics
testdir:func4.go	testdir	NOT_ATTEMPTED	NONE	not-reached-before-wall-clock-cap	NONE	2	compile;match-diagnostics
testdir:func5.go	testdir	NOT_ATTEMPTED	NONE	not-reached-before-wall-clock-cap	NONE	4	compile-or-build;link-if-needed;run;match-output
testdir:func6.go	testdir	NOT_ATTEMPTED	NONE	not-reached-before-wall-clock-cap	NONE	4	compile-or-build;link-if-needed;run;match-output
testdir:func7.go	testdir	NOT_ATTEMPTED	NONE	not-reached-before-wall-clock-cap	NONE	4	compile-or-build;link-if-needed;run;match-output
testdir:func8.go	testdir	NOT_ATTEMPTED	NONE	not-reached-before-wall-clock-cap	NONE	4	compile-or-build;link-if-needed;run;match-output
testdir:funcdup.go	testdir	NOT_ATTEMPTED	NONE	not-reached-before-wall-clock-cap	NONE	2	compile;match-diagnostics
testdir:funcdup2.go	testdir	NOT_ATTEMPTED	NONE	not-reached-before-wall-clock-cap	NONE	2	compile;match-diagnostics
testdir:fuse.go	testdir	NOT_ATTEMPTED	NONE	not-reached-before-wall-clock-cap	NONE	2	compile;match-diagnostics
testdir:gc.go	testdir	NOT_ATTEMPTED	NONE	not-reached-before-wall-clock-cap	NONE	4	compile-or-build;link-if-needed;run;match-output
testdir:gc1.go	testdir	NOT_ATTEMPTED	NONE	not-reached-before-wall-clock-cap	NONE	4	compile-or-build;link-if-needed;run;match-output
testdir:gc2.go	testdir	NOT_ATTEMPTED	NONE	not-reached-before-wall-clock-cap	NONE	4	compile-or-build;link-if-needed;run;match-output
testdir:gcgort.go	testdir	NOT_ATTEMPTED	NONE	not-reached-before-wall-clock-cap	NONE	4	compile-or-build;link-if-needed;run;match-output
testdir:gcstring.go	testdir	NOT_ATTEMPTED	NONE	not-reached-before-wall-clock-cap	NONE	4	compile-or-build;link-if-needed;run;match-output
testdir:genmeth.go	testdir	NOT_ATTEMPTED	NONE	not-reached-before-wall-clock-cap	NONE	4	compile-or-build;link-if-needed;run;match-output
testdir:genmeth1.go	testdir	NOT_ATTEMPTED	NONE	not-reached-before-wall-clock-cap	NONE	4	compile-or-build;link-if-needed;run;match-output
testdir:genmeth2.go	testdir	NOT_ATTEMPTED	NONE	not-reached-before-wall-clock-cap	NONE	4	compile-or-build;link-if-needed;run;match-output
testdir:goprint.go	testdir	NOT_ATTEMPTED	NONE	not-reached-before-wall-clock-cap	NONE	4	compile-or-build;link-if-needed;run;match-output
testdir:goto.go	testdir	NOT_ATTEMPTED	NONE	not-reached-before-wall-clock-cap	NONE	2	compile;match-diagnostics
testdir:heapsampling.go	testdir	NOT_ATTEMPTED	NONE	not-reached-before-wall-clock-cap	NONE	4	compile-or-build;link-if-needed;run;match-output
testdir:helloworld.go	testdir	NOT_ATTEMPTED	NONE	not-reached-before-wall-clock-cap	NONE	4	compile-or-build;link-if-needed;run;match-output
testdir:if.go	testdir	NOT_ATTEMPTED	NONE	not-reached-before-wall-clock-cap	NONE	4	compile-or-build;link-if-needed;run;match-output
testdir:import.go	testdir	NOT_ATTEMPTED	NONE	not-reached-before-wall-clock-cap	NONE	1	compile
testdir:import1.go	testdir	NOT_ATTEMPTED	NONE	not-reached-before-wall-clock-cap	NONE	2	compile;match-diagnostics
testdir:import2.go	testdir	NOT_ATTEMPTED	NONE	not-reached-before-wall-clock-cap	NONE	1	compile-packages-in-order
testdir:import4.go	testdir	NOT_ATTEMPTED	NONE	not-reached-before-wall-clock-cap	NONE	2	compile-packages-in-order;match-diagnostics
testdir:import5.go	testdir	NOT_ATTEMPTED	NONE	not-reached-before-wall-clock-cap	NONE	2	compile;match-diagnostics
testdir:import6.go	testdir	NOT_ATTEMPTED	NONE	not-reached-before-wall-clock-cap	NONE	2	compile;match-diagnostics
testdir:index.go	testdir	NOT_ATTEMPTED	NONE	not-reached-before-wall-clock-cap	NONE	1	upstream-explicit-skip
testdir:index0.go	testdir	NOT_ATTEMPTED	NONE	not-reached-before-wall-clock-cap	NONE	4	run-generator;capture-generated-source;build-and-run-generated-source;match-output
testdir:index1.go	testdir	NOT_ATTEMPTED	NONE	not-reached-before-wall-clock-cap	NONE	4	run-generator;capture-generated-source;compile-generated-source;match-generated-diagnostics
testdir:index2.go	testdir	NOT_ATTEMPTED	NONE	not-reached-before-wall-clock-cap	NONE	4	run-generator;capture-generated-source;compile-generated-source;match-generated-diagnostics
testdir:indirect.go	testdir	NOT_ATTEMPTED	NONE	not-reached-before-wall-clock-cap	NONE	4	compile-or-build;link-if-needed;run;match-output
testdir:indirect1.go	testdir	NOT_ATTEMPTED	NONE	not-reached-before-wall-clock-cap	NONE	2	compile;match-diagnostics
testdir:init.go	testdir	NOT_ATTEMPTED	NONE	not-reached-before-wall-clock-cap	NONE	2	compile;match-diagnostics
testdir:init1.go	testdir	NOT_ATTEMPTED	NONE	not-reached-before-wall-clock-cap	NONE	4	compile-or-build;link-if-needed;run;match-output
testdir:initcomma.go	testdir	NOT_ATTEMPTED	NONE	not-reached-before-wall-clock-cap	NONE	4	compile-or-build;link-if-needed;run;match-output
testdir:initexp.go	testdir	NOT_ATTEMPTED	NONE	not-reached-before-wall-clock-cap	NONE	2	compile;match-diagnostics
testdir:initialize.go	testdir	NOT_ATTEMPTED	NONE	not-reached-before-wall-clock-cap	NONE	4	compile-or-build;link-if-needed;run;match-output
testdir:initializerr.go	testdir	NOT_ATTEMPTED	NONE	not-reached-before-wall-clock-cap	NONE	2	compile;match-diagnostics
testdir:initloop.go	testdir	NOT_ATTEMPTED	NONE	not-reached-before-wall-clock-cap	NONE	2	compile;match-diagnostics
testdir:inline.go	testdir	NOT_ATTEMPTED	NONE	not-reached-before-wall-clock-cap	NONE	2	compile;match-diagnostics-including-autogenerated
testdir:inline_big.go	testdir	NOT_ATTEMPTED	NONE	not-reached-before-wall-clock-cap	NONE	2	compile;match-diagnostics
testdir:inline_caller.go	testdir	NOT_ATTEMPTED	NONE	not-reached-before-wall-clock-cap	NONE	4	compile-or-build;link-if-needed;run;match-output
testdir:inline_callers.go	testdir	NOT_ATTEMPTED	NONE	not-reached-before-wall-clock-cap	NONE	4	compile-or-build;link-if-needed;run;match-output
testdir:inline_endian.go	testdir	NOT_ATTEMPTED	NONE	not-reached-before-wall-clock-cap	NONE	2	compile;match-diagnostics-including-autogenerated
testdir:inline_literal.go	testdir	NOT_ATTEMPTED	NONE	not-reached-before-wall-clock-cap	NONE	4	compile-or-build;link-if-needed;run;match-output
testdir:inline_math_bits_rotate.go	testdir	NOT_ATTEMPTED	NONE	not-reached-before-wall-clock-cap	NONE	2	compile;match-diagnostics
testdir:inline_sync.go	testdir	NOT_ATTEMPTED	NONE	not-reached-before-wall-clock-cap	NONE	2	compile;match-diagnostics
testdir:inline_variadic.go	testdir	NOT_ATTEMPTED	NONE	not-reached-before-wall-clock-cap	NONE	2	compile;match-diagnostics
testdir:int_lit.go	testdir	NOT_ATTEMPTED	NONE	not-reached-before-wall-clock-cap	NONE	4	compile-or-build;link-if-needed;run;match-output
testdir:intcvt.go	testdir	NOT_ATTEMPTED	NONE	not-reached-before-wall-clock-cap	NONE	4	compile-or-build;link-if-needed;run;match-output
testdir:interface/assertinline.go	testdir	NOT_ATTEMPTED	NONE	not-reached-before-wall-clock-cap	NONE	2	compile;match-diagnostics
testdir:interface/bigdata.go	testdir	NOT_ATTEMPTED	NONE	not-reached-before-wall-clock-cap	NONE	4	compile-or-build;link-if-needed;run;match-output
testdir:interface/convert.go	testdir	NOT_ATTEMPTED	NONE	not-reached-before-wall-clock-cap	NONE	4	compile-or-build;link-if-needed;run;match-output
testdir:interface/convert1.go	testdir	NOT_ATTEMPTED	NONE	not-reached-before-wall-clock-cap	NONE	4	compile-or-build;link-if-needed;run;match-output
testdir:interface/convert2.go	testdir	NOT_ATTEMPTED	NONE	not-reached-before-wall-clock-cap	NONE	4	compile-or-build;link-if-needed;run;match-output
testdir:interface/embed.go	testdir	NOT_ATTEMPTED	NONE	not-reached-before-wall-clock-cap	NONE	4	compile-or-build;link-if-needed;run;match-output
testdir:interface/embed1.go	testdir	NOT_ATTEMPTED	NONE	not-reached-before-wall-clock-cap	NONE	4	compile-packages-in-order;link;run;match-output
testdir:interface/embed2.go	testdir	NOT_ATTEMPTED	NONE	not-reached-before-wall-clock-cap	NONE	2	compile;match-diagnostics
testdir:interface/embed3.go	testdir	NOT_ATTEMPTED	NONE	not-reached-before-wall-clock-cap	NONE	4	compile-packages-in-order;link;run;match-output
testdir:interface/explicit.go	testdir	NOT_ATTEMPTED	NONE	not-reached-before-wall-clock-cap	NONE	2	compile;match-diagnostics
testdir:interface/fail.go	testdir	NOT_ATTEMPTED	NONE	not-reached-before-wall-clock-cap	NONE	4	compile-or-build;link-if-needed;run;match-output
testdir:interface/fake.go	testdir	NOT_ATTEMPTED	NONE	not-reached-before-wall-clock-cap	NONE	4	compile-or-build;link-if-needed;run;match-output
testdir:interface/noeq.go	testdir	NOT_ATTEMPTED	NONE	not-reached-before-wall-clock-cap	NONE	4	compile-or-build;link-if-needed;run;match-output
testdir:interface/pointer.go	testdir	NOT_ATTEMPTED	NONE	not-reached-before-wall-clock-cap	NONE	2	compile;match-diagnostics
testdir:interface/private.go	testdir	NOT_ATTEMPTED	NONE	not-reached-before-wall-clock-cap	NONE	2	compile-packages-in-order;match-diagnostics
testdir:interface/receiver.go	testdir	NOT_ATTEMPTED	NONE	not-reached-before-wall-clock-cap	NONE	4	compile-or-build;link-if-needed;run;match-output
testdir:interface/receiver1.go	testdir	NOT_ATTEMPTED	NONE	not-reached-before-wall-clock-cap	NONE	2	compile;match-diagnostics
testdir:interface/recursive.go	testdir	NOT_ATTEMPTED	NONE	not-reached-before-wall-clock-cap	NONE	1	compile
testdir:interface/recursive1.go	testdir	NOT_ATTEMPTED	NONE	not-reached-before-wall-clock-cap	NONE	1	compile-packages-in-order
testdir:interface/returntype.go	testdir	NOT_ATTEMPTED	NONE	not-reached-before-wall-clock-cap	NONE	4	compile-or-build;link-if-needed;run;match-output
testdir:interface/struct.go	testdir	NOT_ATTEMPTED	NONE	not-reached-before-wall-clock-cap	NONE	4	compile-or-build;link-if-needed;run;match-output
testdir:internal/runtime/sys/inlinegcpc.go	testdir	NOT_ATTEMPTED	NONE	not-reached-before-wall-clock-cap	NONE	2	compile;match-diagnostics
testdir:intrinsic.go	testdir	NOT_ATTEMPTED	NONE	not-reached-before-wall-clock-cap	NONE	6	compile-packages-in-order;match-diagnostics;compile-packages-in-order;link;run;match-output
testdir:intrinsic_atomic.go	testdir	NOT_ATTEMPTED	NONE	not-reached-before-wall-clock-cap	NONE	2	compile;match-diagnostics
testdir:iota.go	testdir	NOT_ATTEMPTED	NONE	not-reached-before-wall-clock-cap	NONE	4	compile-or-build;link-if-needed;run;match-output
testdir:ken/array.go	testdir	NOT_ATTEMPTED	NONE	not-reached-before-wall-clock-cap	NONE	4	compile-or-build;link-if-needed;run;match-output
testdir:ken/chan.go	testdir	NOT_ATTEMPTED	NONE	not-reached-before-wall-clock-cap	NONE	4	compile-or-build;link-if-needed;run;match-output
testdir:ken/chan1.go	testdir	NOT_ATTEMPTED	NONE	not-reached-before-wall-clock-cap	NONE	4	compile-or-build;link-if-needed;run;match-output
testdir:ken/complit.go	testdir	NOT_ATTEMPTED	NONE	not-reached-before-wall-clock-cap	NONE	4	compile-or-build;link-if-needed;run;match-output
testdir:ken/convert.go	testdir	NOT_ATTEMPTED	NONE	not-reached-before-wall-clock-cap	NONE	4	compile-or-build;link-if-needed;run;match-output
testdir:ken/cplx0.go	testdir	NOT_ATTEMPTED	NONE	not-reached-before-wall-clock-cap	NONE	4	compile-or-build;link-if-needed;run;match-output
testdir:ken/cplx1.go	testdir	NOT_ATTEMPTED	NONE	not-reached-before-wall-clock-cap	NONE	4	compile-or-build;link-if-needed;run;match-output
testdir:ken/cplx2.go	testdir	NOT_ATTEMPTED	NONE	not-reached-before-wall-clock-cap	NONE	4	compile-or-build;link-if-needed;run;match-output
testdir:ken/cplx3.go	testdir	NOT_ATTEMPTED	NONE	not-reached-before-wall-clock-cap	NONE	4	compile-or-build;link-if-needed;run;match-output
testdir:ken/cplx4.go	testdir	NOT_ATTEMPTED	NONE	not-reached-before-wall-clock-cap	NONE	4	compile-or-build;link-if-needed;run;match-output
testdir:ken/cplx5.go	testdir	NOT_ATTEMPTED	NONE	not-reached-before-wall-clock-cap	NONE	4	compile-or-build;link-if-needed;run;match-output
testdir:ken/divconst.go	testdir	NOT_ATTEMPTED	NONE	not-reached-before-wall-clock-cap	NONE	4	compile-or-build;link-if-needed;run;match-output
testdir:ken/divmod.go	testdir	NOT_ATTEMPTED	NONE	not-reached-before-wall-clock-cap	NONE	4	compile-or-build;link-if-needed;run;match-output
testdir:ken/embed.go	testdir	NOT_ATTEMPTED	NONE	not-reached-before-wall-clock-cap	NONE	4	compile-or-build;link-if-needed;run;match-output
testdir:ken/for.go	testdir	NOT_ATTEMPTED	NONE	not-reached-before-wall-clock-cap	NONE	4	compile-or-build;link-if-needed;run;match-output
testdir:ken/interbasic.go	testdir	NOT_ATTEMPTED	NONE	not-reached-before-wall-clock-cap	NONE	4	compile-or-build;link-if-needed;run;match-output
testdir:ken/interfun.go	testdir	NOT_ATTEMPTED	NONE	not-reached-before-wall-clock-cap	NONE	4	compile-or-build;link-if-needed;run;match-output
testdir:ken/intervar.go	testdir	NOT_ATTEMPTED	NONE	not-reached-before-wall-clock-cap	NONE	4	compile-or-build;link-if-needed;run;match-output
testdir:ken/label.go	testdir	NOT_ATTEMPTED	NONE	not-reached-before-wall-clock-cap	NONE	4	compile-or-build;link-if-needed;run;match-output
testdir:ken/litfun.go	testdir	NOT_ATTEMPTED	NONE	not-reached-before-wall-clock-cap	NONE	4	compile-or-build;link-if-needed;run;match-output
testdir:ken/mfunc.go	testdir	NOT_ATTEMPTED	NONE	not-reached-before-wall-clock-cap	NONE	4	compile-or-build;link-if-needed;run;match-output
testdir:ken/modconst.go	testdir	NOT_ATTEMPTED	NONE	not-reached-before-wall-clock-cap	NONE	4	compile-or-build;link-if-needed;run;match-output
testdir:ken/ptrfun.go	testdir	NOT_ATTEMPTED	NONE	not-reached-before-wall-clock-cap	NONE	4	compile-or-build;link-if-needed;run;match-output
testdir:ken/ptrvar.go	testdir	NOT_ATTEMPTED	NONE	not-reached-before-wall-clock-cap	NONE	4	compile-or-build;link-if-needed;run;match-output
testdir:ken/range.go	testdir	NOT_ATTEMPTED	NONE	not-reached-before-wall-clock-cap	NONE	4	compile-or-build;link-if-needed;run;match-output
testdir:ken/rob1.go	testdir	NOT_ATTEMPTED	NONE	not-reached-before-wall-clock-cap	NONE	4	compile-or-build;link-if-needed;run;match-output
testdir:ken/rob2.go	testdir	NOT_ATTEMPTED	NONE	not-reached-before-wall-clock-cap	NONE	4	compile-or-build;link-if-needed;run;match-output
testdir:ken/robfor.go	testdir	NOT_ATTEMPTED	NONE	not-reached-before-wall-clock-cap	NONE	4	compile-or-build;link-if-needed;run;match-output
testdir:ken/robfunc.go	testdir	NOT_ATTEMPTED	NONE	not-reached-before-wall-clock-cap	NONE	4	compile-or-build;link-if-needed;run;match-output
testdir:ken/shift.go	testdir	NOT_ATTEMPTED	NONE	not-reached-before-wall-clock-cap	NONE	4	compile-or-build;link-if-needed;run;match-output
testdir:ken/simparray.go	testdir	NOT_ATTEMPTED	NONE	not-reached-before-wall-clock-cap	NONE	4	compile-or-build;link-if-needed;run;match-output
testdir:ken/simpbool.go	testdir	NOT_ATTEMPTED	NONE	not-reached-before-wall-clock-cap	NONE	4	compile-or-build;link-if-needed;run;match-output
testdir:ken/simpconv.go	testdir	NOT_ATTEMPTED	NONE	not-reached-before-wall-clock-cap	NONE	4	compile-or-build;link-if-needed;run;match-output
testdir:ken/simpfun.go	testdir	NOT_ATTEMPTED	NONE	not-reached-before-wall-clock-cap	NONE	4	compile-or-build;link-if-needed;run;match-output
testdir:ken/simpswitch.go	testdir	NOT_ATTEMPTED	NONE	not-reached-before-wall-clock-cap	NONE	4	compile-or-build;link-if-needed;run;match-output
testdir:ken/simpvar.go	testdir	NOT_ATTEMPTED	NONE	not-reached-before-wall-clock-cap	NONE	4	compile-or-build;link-if-needed;run;match-output
testdir:ken/slicearray.go	testdir	NOT_ATTEMPTED	NONE	not-reached-before-wall-clock-cap	NONE	4	compile-or-build;link-if-needed;run;match-output
testdir:ken/sliceslice.go	testdir	NOT_ATTEMPTED	NONE	not-reached-before-wall-clock-cap	NONE	4	compile-or-build;link-if-needed;run;match-output
testdir:ken/string.go	testdir	NOT_ATTEMPTED	NONE	not-reached-before-wall-clock-cap	NONE	4	compile-or-build;link-if-needed;run;match-output
testdir:ken/strvar.go	testdir	NOT_ATTEMPTED	NONE	not-reached-before-wall-clock-cap	NONE	4	compile-or-build;link-if-needed;run;match-output
testdir:known_bits.go	testdir	NOT_ATTEMPTED	NONE	not-reached-before-wall-clock-cap	NONE	2	compile;match-diagnostics
testdir:label.go	testdir	NOT_ATTEMPTED	NONE	not-reached-before-wall-clock-cap	NONE	2	compile;match-diagnostics
testdir:label1.go	testdir	NOT_ATTEMPTED	NONE	not-reached-before-wall-clock-cap	NONE	2	compile;match-diagnostics
testdir:linkmain.go	testdir	NOT_ATTEMPTED	NONE	not-reached-before-wall-clock-cap	NONE	1	resolve-build-ignore-before-action
testdir:linkmain_run.go	testdir	NOT_ATTEMPTED	NONE	not-reached-before-wall-clock-cap	NONE	4	compile-or-build;link-if-needed;run;match-output
testdir:linkname.go	testdir	NOT_ATTEMPTED	NONE	not-reached-before-wall-clock-cap	NONE	6	compile-packages-in-order;match-diagnostics;compile-packages-in-order;link;run;match-output
testdir:linkname3.go	testdir	NOT_ATTEMPTED	NONE	not-reached-before-wall-clock-cap	NONE	2	compile;match-diagnostics
testdir:linknameasm.go	testdir	NOT_ATTEMPTED	NONE	not-reached-before-wall-clock-cap	NONE	7	assemble-symabis-if-present;compile;assemble-if-present;pack;link;run;match-output
testdir:linkobj.go	testdir	NOT_ATTEMPTED	NONE	not-reached-before-wall-clock-cap	NONE	4	compile-or-build;link-if-needed;run;match-output
testdir:linkx.go	testdir	NOT_ATTEMPTED	NONE	not-reached-before-wall-clock-cap	NONE	1	upstream-explicit-skip
testdir:linkx_run.go	testdir	NOT_ATTEMPTED	NONE	not-reached-before-wall-clock-cap	NONE	4	compile-or-build;link-if-needed;run;match-output
testdir:literal.go	testdir	NOT_ATTEMPTED	NONE	not-reached-before-wall-clock-cap	NONE	4	compile-or-build;link-if-needed;run;match-output
testdir:literal2.go	testdir	NOT_ATTEMPTED	NONE	not-reached-before-wall-clock-cap	NONE	4	compile-or-build;link-if-needed;run;match-output
testdir:live.go	testdir	NOT_ATTEMPTED	NONE	not-reached-before-wall-clock-cap	NONE	2	compile;match-diagnostics-including-autogenerated
testdir:live1.go	testdir	NOT_ATTEMPTED	NONE	not-reached-before-wall-clock-cap	NONE	1	compile
testdir:live2.go	testdir	NOT_ATTEMPTED	NONE	not-reached-before-wall-clock-cap	NONE	2	compile;match-diagnostics
testdir:live_regabi.go	testdir	NOT_ATTEMPTED	NONE	not-reached-before-wall-clock-cap	NONE	2	compile;match-diagnostics-including-autogenerated
testdir:live_uintptrkeepalive.go	testdir	NOT_ATTEMPTED	NONE	not-reached-before-wall-clock-cap	NONE	2	compile;match-diagnostics
testdir:loopbce.go	testdir	NOT_ATTEMPTED	NONE	not-reached-before-wall-clock-cap	NONE	2	compile;match-diagnostics
testdir:mainsig.go	testdir	NOT_ATTEMPTED	NONE	not-reached-before-wall-clock-cap	NONE	2	compile;match-diagnostics
testdir:makechan.go	testdir	NOT_ATTEMPTED	NONE	not-reached-before-wall-clock-cap	NONE	2	compile;match-diagnostics
testdir:makemap.go	testdir	NOT_ATTEMPTED	NONE	not-reached-before-wall-clock-cap	NONE	2	compile;match-diagnostics
testdir:makenew.go	testdir	NOT_ATTEMPTED	NONE	not-reached-before-wall-clock-cap	NONE	2	compile;match-diagnostics
testdir:makeslice.go	testdir	NOT_ATTEMPTED	NONE	not-reached-before-wall-clock-cap	NONE	4	compile-or-build;link-if-needed;run;match-output
testdir:mallocfin.go	testdir	NOT_ATTEMPTED	NONE	not-reached-before-wall-clock-cap	NONE	4	compile-or-build;link-if-needed;run;match-output
testdir:map.go	testdir	NOT_ATTEMPTED	NONE	not-reached-before-wall-clock-cap	NONE	4	compile-or-build;link-if-needed;run;match-output
testdir:map1.go	testdir	NOT_ATTEMPTED	NONE	not-reached-before-wall-clock-cap	NONE	2	compile;match-diagnostics
testdir:mapclear.go	testdir	NOT_ATTEMPTED	NONE	not-reached-before-wall-clock-cap	NONE	4	compile-or-build;link-if-needed;run;match-output
testdir:maplinear.go	testdir	NOT_ATTEMPTED	NONE	not-reached-before-wall-clock-cap	NONE	4	compile-or-build;link-if-needed;run;match-output
testdir:maymorestack.go	testdir	NOT_ATTEMPTED	NONE	not-reached-before-wall-clock-cap	NONE	4	compile-or-build;link-if-needed;run;match-output
testdir:mergemul.go	testdir	NOT_ATTEMPTED	NONE	not-reached-before-wall-clock-cap	NONE	4	run-generator;capture-generated-source;build-and-run-generated-source;match-output
testdir:method.go	testdir	NOT_ATTEMPTED	NONE	not-reached-before-wall-clock-cap	NONE	4	compile-or-build;link-if-needed;run;match-output
testdir:method1.go	testdir	NOT_ATTEMPTED	NONE	not-reached-before-wall-clock-cap	NONE	2	compile;match-diagnostics
testdir:method2.go	testdir	NOT_ATTEMPTED	NONE	not-reached-before-wall-clock-cap	NONE	2	compile;match-diagnostics
testdir:method3.go	testdir	NOT_ATTEMPTED	NONE	not-reached-before-wall-clock-cap	NONE	4	compile-or-build;link-if-needed;run;match-output
testdir:method4.go	testdir	NOT_ATTEMPTED	NONE	not-reached-before-wall-clock-cap	NONE	4	compile-packages-in-order;link;run;match-output
testdir:method5.go	testdir	NOT_ATTEMPTED	NONE	not-reached-before-wall-clock-cap	NONE	4	compile-or-build;link-if-needed;run;match-output
testdir:method6.go	testdir	NOT_ATTEMPTED	NONE	not-reached-before-wall-clock-cap	NONE	2	compile;match-diagnostics
testdir:method7.go	testdir	NOT_ATTEMPTED	NONE	not-reached-before-wall-clock-cap	NONE	4	compile-or-build;link-if-needed;run;match-output
testdir:named.go	testdir	NOT_ATTEMPTED	NONE	not-reached-before-wall-clock-cap	NONE	4	compile-or-build;link-if-needed;run;match-output
testdir:named1.go	testdir	NOT_ATTEMPTED	NONE	not-reached-before-wall-clock-cap	NONE	2	compile;match-diagnostics
testdir:newexpr.go	testdir	NOT_ATTEMPTED	NONE	not-reached-before-wall-clock-cap	NONE	4	compile-or-build;link-if-needed;run;match-output
testdir:newinline.go	testdir	NOT_ATTEMPTED	NONE	not-reached-before-wall-clock-cap	NONE	2	compile;match-diagnostics-including-autogenerated
testdir:nil.go	testdir	NOT_ATTEMPTED	NONE	not-reached-before-wall-clock-cap	NONE	4	compile-or-build;link-if-needed;run;match-output
testdir:nilcheck.go	testdir	NOT_ATTEMPTED	NONE	not-reached-before-wall-clock-cap	NONE	2	compile;match-diagnostics
testdir:nilptr.go	testdir	NOT_ATTEMPTED	NONE	not-reached-before-wall-clock-cap	NONE	4	compile-or-build;link-if-needed;run;match-output
testdir:nilptr2.go	testdir	NOT_ATTEMPTED	NONE	not-reached-before-wall-clock-cap	NONE	4	compile-or-build;link-if-needed;run;match-output
testdir:nilptr3.go	testdir	NOT_ATTEMPTED	NONE	not-reached-before-wall-clock-cap	NONE	2	compile;match-diagnostics
testdir:nilptr4.go	testdir	NOT_ATTEMPTED	NONE	not-reached-before-wall-clock-cap	NONE	1	build
testdir:nilptr5.go	testdir	NOT_ATTEMPTED	NONE	not-reached-before-wall-clock-cap	NONE	2	compile;match-diagnostics
testdir:nilptr5_aix.go	testdir	NOT_ATTEMPTED	NONE	not-reached-before-wall-clock-cap	NONE	2	compile;match-diagnostics
testdir:nilptr5_wasm.go	testdir	NOT_ATTEMPTED	NONE	not-reached-before-wall-clock-cap	NONE	2	compile;match-diagnostics
testdir:nilptr_aix.go	testdir	NOT_ATTEMPTED	NONE	not-reached-before-wall-clock-cap	NONE	4	compile-or-build;link-if-needed;run;match-output
testdir:noinit.go	testdir	NOT_ATTEMPTED	NONE	not-reached-before-wall-clock-cap	NONE	4	compile-or-build;link-if-needed;run;match-output
testdir:nosplit.go	testdir	NOT_ATTEMPTED	NONE	not-reached-before-wall-clock-cap	NONE	4	compile-or-build;link-if-needed;run;match-output
testdir:nowritebarrier.go	testdir	NOT_ATTEMPTED	NONE	not-reached-before-wall-clock-cap	NONE	2	compile;match-diagnostics
testdir:nul1.go	testdir	NOT_ATTEMPTED	NONE	not-reached-before-wall-clock-cap	NONE	4	run-generator;capture-generated-source;compile-generated-source;match-generated-diagnostics
testdir:opt_branchlikely.go	testdir	NOT_ATTEMPTED	NONE	not-reached-before-wall-clock-cap	NONE	2	compile;match-diagnostics
testdir:parentype.go	testdir	NOT_ATTEMPTED	NONE	not-reached-before-wall-clock-cap	NONE	1	compile
testdir:peano.go	testdir	NOT_ATTEMPTED	NONE	not-reached-before-wall-clock-cap	NONE	4	compile-or-build;link-if-needed;run;match-output
testdir:phiopt.go	testdir	NOT_ATTEMPTED	NONE	not-reached-before-wall-clock-cap	NONE	2	compile;match-diagnostics
testdir:print.go	testdir	NOT_ATTEMPTED	NONE	not-reached-before-wall-clock-cap	NONE	4	compile-or-build;link-if-needed;run;match-output
testdir:printbig.go	testdir	NOT_ATTEMPTED	NONE	not-reached-before-wall-clock-cap	NONE	4	compile-or-build;link-if-needed;run;match-output
testdir:prove.go	testdir	NOT_ATTEMPTED	NONE	not-reached-before-wall-clock-cap	NONE	2	compile;match-diagnostics
testdir:prove_constant_folding.go	testdir	NOT_ATTEMPTED	NONE	not-reached-before-wall-clock-cap	NONE	2	compile;match-diagnostics
testdir:prove_invert_loop_with_unused_iterators.go	testdir	NOT_ATTEMPTED	NONE	not-reached-before-wall-clock-cap	NONE	2	compile;match-diagnostics
testdir:prove_popcount.go	testdir	NOT_ATTEMPTED	NONE	not-reached-before-wall-clock-cap	NONE	2	compile;match-diagnostics
testdir:range.go	testdir	NOT_ATTEMPTED	NONE	not-reached-before-wall-clock-cap	NONE	4	compile-or-build;link-if-needed;run;match-output
testdir:range2.go	testdir	NOT_ATTEMPTED	NONE	not-reached-before-wall-clock-cap	NONE	2	compile;match-diagnostics
testdir:range3.go	testdir	NOT_ATTEMPTED	NONE	not-reached-before-wall-clock-cap	NONE	4	compile-or-build;link-if-needed;run;match-output
testdir:range4.go	testdir	NOT_ATTEMPTED	NONE	not-reached-before-wall-clock-cap	NONE	4	compile-or-build;link-if-needed;run;match-output
testdir:rangegen.go	testdir	NOT_ATTEMPTED	NONE	not-reached-before-wall-clock-cap	NONE	4	run-generator;capture-generated-source;build-and-run-generated-source;match-output
testdir:recover.go	testdir	NOT_ATTEMPTED	NONE	not-reached-before-wall-clock-cap	NONE	4	compile-or-build;link-if-needed;run;match-output
testdir:recover1.go	testdir	NOT_ATTEMPTED	NONE	not-reached-before-wall-clock-cap	NONE	4	compile-or-build;link-if-needed;run;match-output
testdir:recover2.go	testdir	NOT_ATTEMPTED	NONE	not-reached-before-wall-clock-cap	NONE	4	compile-or-build;link-if-needed;run;match-output
testdir:recover3.go	testdir	NOT_ATTEMPTED	NONE	not-reached-before-wall-clock-cap	NONE	4	compile-or-build;link-if-needed;run;match-output
testdir:recover4.go	testdir	NOT_ATTEMPTED	NONE	not-reached-before-wall-clock-cap	NONE	4	compile-or-build;link-if-needed;run;match-output
testdir:recover5.go	testdir	NOT_ATTEMPTED	NONE	not-reached-before-wall-clock-cap	NONE	2	compile;match-diagnostics
testdir:reflectmethod1.go	testdir	NOT_ATTEMPTED	NONE	not-reached-before-wall-clock-cap	NONE	4	compile-or-build;link-if-needed;run;match-output
testdir:reflectmethod2.go	testdir	NOT_ATTEMPTED	NONE	not-reached-before-wall-clock-cap	NONE	4	compile-or-build;link-if-needed;run;match-output
testdir:reflectmethod3.go	testdir	NOT_ATTEMPTED	NONE	not-reached-before-wall-clock-cap	NONE	4	compile-or-build;link-if-needed;run;match-output
testdir:reflectmethod4.go	testdir	NOT_ATTEMPTED	NONE	not-reached-before-wall-clock-cap	NONE	4	compile-or-build;link-if-needed;run;match-output
testdir:reflectmethod5.go	testdir	NOT_ATTEMPTED	NONE	not-reached-before-wall-clock-cap	NONE	4	compile-or-build;link-if-needed;run;match-output
testdir:reflectmethod6.go	testdir	NOT_ATTEMPTED	NONE	not-reached-before-wall-clock-cap	NONE	4	compile-or-build;link-if-needed;run;match-output
testdir:reflectmethod7.go	testdir	NOT_ATTEMPTED	NONE	not-reached-before-wall-clock-cap	NONE	4	compile-or-build;link-if-needed;run;match-output
testdir:reflectmethod8.go	testdir	NOT_ATTEMPTED	NONE	not-reached-before-wall-clock-cap	NONE	1	compile
testdir:rename.go	testdir	NOT_ATTEMPTED	NONE	not-reached-before-wall-clock-cap	NONE	4	compile-or-build;link-if-needed;run;match-output
testdir:rename1.go	testdir	NOT_ATTEMPTED	NONE	not-reached-before-wall-clock-cap	NONE	2	compile;match-diagnostics
testdir:reorder.go	testdir	NOT_ATTEMPTED	NONE	not-reached-before-wall-clock-cap	NONE	4	compile-or-build;link-if-needed;run;match-output
testdir:reorder2.go	testdir	NOT_ATTEMPTED	NONE	not-reached-before-wall-clock-cap	NONE	4	compile-or-build;link-if-needed;run;match-output
testdir:retjmp.go	testdir	NOT_ATTEMPTED	NONE	not-reached-before-wall-clock-cap	NONE	7	assemble-symabis-if-present;compile;assemble-if-present;pack;link;run;match-output
testdir:return.go	testdir	NOT_ATTEMPTED	NONE	not-reached-before-wall-clock-cap	NONE	2	compile;match-diagnostics
testdir:rotate.go	testdir	NOT_ATTEMPTED	NONE	not-reached-before-wall-clock-cap	NONE	1	upstream-explicit-skip
testdir:rotate0.go	testdir	NOT_ATTEMPTED	NONE	not-reached-before-wall-clock-cap	NONE	4	run-generator;capture-generated-source;build-and-run-generated-source;match-output
testdir:rotate1.go	testdir	NOT_ATTEMPTED	NONE	not-reached-before-wall-clock-cap	NONE	4	run-generator;capture-generated-source;build-and-run-generated-source;match-output
testdir:rotate2.go	testdir	NOT_ATTEMPTED	NONE	not-reached-before-wall-clock-cap	NONE	4	run-generator;capture-generated-source;build-and-run-generated-source;match-output
testdir:rotate3.go	testdir	NOT_ATTEMPTED	NONE	not-reached-before-wall-clock-cap	NONE	4	run-generator;capture-generated-source;build-and-run-generated-source;match-output
testdir:rune.go	testdir	NOT_ATTEMPTED	NONE	not-reached-before-wall-clock-cap	NONE	1	compile
testdir:runtime.go	testdir	NOT_ATTEMPTED	NONE	not-reached-before-wall-clock-cap	NONE	2	compile;match-diagnostics
testdir:shift1.go	testdir	NOT_ATTEMPTED	NONE	not-reached-before-wall-clock-cap	NONE	2	compile;match-diagnostics
testdir:shift2.go	testdir	NOT_ATTEMPTED	NONE	not-reached-before-wall-clock-cap	NONE	1	compile
testdir:shift3.go	testdir	NOT_ATTEMPTED	NONE	not-reached-before-wall-clock-cap	NONE	4	compile-or-build;link-if-needed;run;match-output
testdir:sieve.go	testdir	NOT_ATTEMPTED	NONE	not-reached-before-wall-clock-cap	NONE	1	build
testdir:sigchld.go	testdir	NOT_ATTEMPTED	NONE	not-reached-before-wall-clock-cap	NONE	4	compile-or-build;link-if-needed;run;match-output
testdir:simassign.go	testdir	NOT_ATTEMPTED	NONE	not-reached-before-wall-clock-cap	NONE	4	compile-or-build;link-if-needed;run;match-output
testdir:simd.go	testdir	NOT_ATTEMPTED	NONE	not-reached-before-wall-clock-cap	NONE	2	compile;match-diagnostics
testdir:simd/bug1.go	testdir	NOT_ATTEMPTED	NONE	not-reached-before-wall-clock-cap	NONE	1	compile
testdir:simd/bug2.go	testdir	NOT_ATTEMPTED	NONE	not-reached-before-wall-clock-cap	NONE	1	compile
testdir:simd/bug3.go	testdir	NOT_ATTEMPTED	NONE	not-reached-before-wall-clock-cap	NONE	4	compile-or-build;link-if-needed;run;match-output
testdir:simd_inline.go	testdir	NOT_ATTEMPTED	NONE	not-reached-before-wall-clock-cap	NONE	2	compile;match-diagnostics
testdir:sizeof.go	testdir	NOT_ATTEMPTED	NONE	not-reached-before-wall-clock-cap	NONE	4	compile-or-build;link-if-needed;run;match-output
testdir:slice3.go	testdir	NOT_ATTEMPTED	NONE	not-reached-before-wall-clock-cap	NONE	4	run-generator;capture-generated-source;build-and-run-generated-source;match-output
testdir:slice3err.go	testdir	NOT_ATTEMPTED	NONE	not-reached-before-wall-clock-cap	NONE	2	compile;match-diagnostics
testdir:slicecap.go	testdir	NOT_ATTEMPTED	NONE	not-reached-before-wall-clock-cap	NONE	4	compile-or-build;link-if-needed;run;match-output
testdir:sliceopt.go	testdir	NOT_ATTEMPTED	NONE	not-reached-before-wall-clock-cap	NONE	2	compile;match-diagnostics
testdir:solitaire.go	testdir	NOT_ATTEMPTED	NONE	not-reached-before-wall-clock-cap	NONE	1	build
testdir:stack.go	testdir	NOT_ATTEMPTED	NONE	not-reached-before-wall-clock-cap	NONE	4	compile-or-build;link-if-needed;run;match-output
testdir:stackobj.go	testdir	NOT_ATTEMPTED	NONE	not-reached-before-wall-clock-cap	NONE	4	compile-or-build;link-if-needed;run;match-output
testdir:stackobj2.go	testdir	NOT_ATTEMPTED	NONE	not-reached-before-wall-clock-cap	NONE	4	compile-or-build;link-if-needed;run;match-output
testdir:stackobj3.go	testdir	NOT_ATTEMPTED	NONE	not-reached-before-wall-clock-cap	NONE	4	compile-or-build;link-if-needed;run;match-output
testdir:strcopy.go	testdir	NOT_ATTEMPTED	NONE	not-reached-before-wall-clock-cap	NONE	4	compile-or-build;link-if-needed;run;match-output
testdir:strength.go	testdir	NOT_ATTEMPTED	NONE	not-reached-before-wall-clock-cap	NONE	4	run-generator;capture-generated-source;build-and-run-generated-source;match-output
testdir:string_lit.go	testdir	NOT_ATTEMPTED	NONE	not-reached-before-wall-clock-cap	NONE	4	compile-or-build;link-if-needed;run;match-output
testdir:stringrange.go	testdir	NOT_ATTEMPTED	NONE	not-reached-before-wall-clock-cap	NONE	4	compile-or-build;link-if-needed;run;match-output
testdir:struct0.go	testdir	NOT_ATTEMPTED	NONE	not-reached-before-wall-clock-cap	NONE	4	compile-or-build;link-if-needed;run;match-output
testdir:switch.go	testdir	NOT_ATTEMPTED	NONE	not-reached-before-wall-clock-cap	NONE	4	compile-or-build;link-if-needed;run;match-output
testdir:switch2.go	testdir	NOT_ATTEMPTED	NONE	not-reached-before-wall-clock-cap	NONE	2	compile;match-diagnostics
testdir:switch3.go	testdir	NOT_ATTEMPTED	NONE	not-reached-before-wall-clock-cap	NONE	2	compile;match-diagnostics
testdir:switch4.go	testdir	NOT_ATTEMPTED	NONE	not-reached-before-wall-clock-cap	NONE	2	compile;match-diagnostics
testdir:switch5.go	testdir	NOT_ATTEMPTED	NONE	not-reached-before-wall-clock-cap	NONE	2	compile;match-diagnostics
testdir:switch6.go	testdir	NOT_ATTEMPTED	NONE	not-reached-before-wall-clock-cap	NONE	2	compile;match-diagnostics
testdir:switch7.go	testdir	NOT_ATTEMPTED	NONE	not-reached-before-wall-clock-cap	NONE	2	compile;match-diagnostics
testdir:syntax/chan.go	testdir	NOT_ATTEMPTED	NONE	not-reached-before-wall-clock-cap	NONE	2	compile;match-diagnostics
testdir:syntax/chan1.go	testdir	NOT_ATTEMPTED	NONE	not-reached-before-wall-clock-cap	NONE	2	compile;match-diagnostics
testdir:syntax/composite.go	testdir	NOT_ATTEMPTED	NONE	not-reached-before-wall-clock-cap	NONE	2	compile;match-diagnostics
testdir:syntax/ddd.go	testdir	NOT_ATTEMPTED	NONE	not-reached-before-wall-clock-cap	NONE	2	compile;match-diagnostics
testdir:syntax/else.go	testdir	NOT_ATTEMPTED	NONE	not-reached-before-wall-clock-cap	NONE	2	compile;match-diagnostics
testdir:syntax/if.go	testdir	NOT_ATTEMPTED	NONE	not-reached-before-wall-clock-cap	NONE	2	compile;match-diagnostics
testdir:syntax/import.go	testdir	NOT_ATTEMPTED	NONE	not-reached-before-wall-clock-cap	NONE	2	compile;match-diagnostics
testdir:syntax/initvar.go	testdir	NOT_ATTEMPTED	NONE	not-reached-before-wall-clock-cap	NONE	2	compile;match-diagnostics
testdir:syntax/semi1.go	testdir	NOT_ATTEMPTED	NONE	not-reached-before-wall-clock-cap	NONE	2	compile;match-diagnostics
testdir:syntax/semi2.go	testdir	NOT_ATTEMPTED	NONE	not-reached-before-wall-clock-cap	NONE	2	compile;match-diagnostics
testdir:syntax/semi3.go	testdir	NOT_ATTEMPTED	NONE	not-reached-before-wall-clock-cap	NONE	2	compile;match-diagnostics
testdir:syntax/semi4.go	testdir	NOT_ATTEMPTED	NONE	not-reached-before-wall-clock-cap	NONE	2	compile;match-diagnostics
testdir:syntax/semi5.go	testdir	NOT_ATTEMPTED	NONE	not-reached-before-wall-clock-cap	NONE	2	compile;match-diagnostics
testdir:syntax/semi6.go	testdir	NOT_ATTEMPTED	NONE	not-reached-before-wall-clock-cap	NONE	2	compile;match-diagnostics
testdir:syntax/semi7.go	testdir	NOT_ATTEMPTED	NONE	not-reached-before-wall-clock-cap	NONE	2	compile;match-diagnostics
testdir:syntax/topexpr.go	testdir	NOT_ATTEMPTED	NONE	not-reached-before-wall-clock-cap	NONE	2	compile;match-diagnostics
testdir:syntax/typesw.go	testdir	NOT_ATTEMPTED	NONE	not-reached-before-wall-clock-cap	NONE	2	compile;match-diagnostics
testdir:syntax/vareq.go	testdir	NOT_ATTEMPTED	NONE	not-reached-before-wall-clock-cap	NONE	2	compile;match-diagnostics
testdir:syntax/vareq1.go	testdir	NOT_ATTEMPTED	NONE	not-reached-before-wall-clock-cap	NONE	2	compile;match-diagnostics
testdir:tailcall.go	testdir	NOT_ATTEMPTED	NONE	not-reached-before-wall-clock-cap	NONE	2	compile;match-diagnostics
testdir:tighten.go	testdir	NOT_ATTEMPTED	NONE	not-reached-before-wall-clock-cap	NONE	2	compile;match-diagnostics
testdir:tinyfin.go	testdir	NOT_ATTEMPTED	NONE	not-reached-before-wall-clock-cap	NONE	4	compile-or-build;link-if-needed;run;match-output
testdir:torture.go	testdir	NOT_ATTEMPTED	NONE	not-reached-before-wall-clock-cap	NONE	1	compile
testdir:turing.go	testdir	NOT_ATTEMPTED	NONE	not-reached-before-wall-clock-cap	NONE	4	compile-or-build;link-if-needed;run;match-output
testdir:typecheck.go	testdir	NOT_ATTEMPTED	NONE	not-reached-before-wall-clock-cap	NONE	2	compile;match-diagnostics
testdir:typecheckloop.go	testdir	NOT_ATTEMPTED	NONE	not-reached-before-wall-clock-cap	NONE	2	compile;match-diagnostics
testdir:typeparam/absdiff.go	testdir	NOT_ATTEMPTED	NONE	not-reached-before-wall-clock-cap	NONE	4	compile-or-build;link-if-needed;run;match-output
testdir:typeparam/absdiff2.go	testdir	NOT_ATTEMPTED	NONE	not-reached-before-wall-clock-cap	NONE	4	compile-or-build;link-if-needed;run;match-output
testdir:typeparam/absdiff3.go	testdir	NOT_ATTEMPTED	NONE	not-reached-before-wall-clock-cap	NONE	4	compile-or-build;link-if-needed;run;match-output
testdir:typeparam/absdiffimp.go	testdir	NOT_ATTEMPTED	NONE	not-reached-before-wall-clock-cap	NONE	4	compile-packages-in-order;link;run;match-output
testdir:typeparam/absdiffimp2.go	testdir	NOT_ATTEMPTED	NONE	not-reached-before-wall-clock-cap	NONE	4	compile-packages-in-order;link;run;match-output
testdir:typeparam/adder.go	testdir	NOT_ATTEMPTED	NONE	not-reached-before-wall-clock-cap	NONE	4	compile-or-build;link-if-needed;run;match-output
testdir:typeparam/aliasimp.go	testdir	NOT_ATTEMPTED	NONE	not-reached-before-wall-clock-cap	NONE	4	compile-packages-in-order;link;run;match-output
testdir:typeparam/append.go	testdir	NOT_ATTEMPTED	NONE	not-reached-before-wall-clock-cap	NONE	4	compile-or-build;link-if-needed;run;match-output
testdir:typeparam/boundmethod.go	testdir	NOT_ATTEMPTED	NONE	not-reached-before-wall-clock-cap	NONE	4	compile-or-build;link-if-needed;run;match-output
testdir:typeparam/builtins.go	testdir	NOT_ATTEMPTED	NONE	not-reached-before-wall-clock-cap	NONE	1	compile
testdir:typeparam/chans.go	testdir	NOT_ATTEMPTED	NONE	not-reached-before-wall-clock-cap	NONE	4	compile-or-build;link-if-needed;run;match-output
testdir:typeparam/chansimp.go	testdir	NOT_ATTEMPTED	NONE	not-reached-before-wall-clock-cap	NONE	4	compile-packages-in-order;link;run;match-output
testdir:typeparam/combine.go	testdir	NOT_ATTEMPTED	NONE	not-reached-before-wall-clock-cap	NONE	4	compile-or-build;link-if-needed;run;match-output
testdir:typeparam/cons.go	testdir	NOT_ATTEMPTED	NONE	not-reached-before-wall-clock-cap	NONE	4	compile-or-build;link-if-needed;run;match-output
testdir:typeparam/dedup.go	testdir	NOT_ATTEMPTED	NONE	not-reached-before-wall-clock-cap	NONE	4	compile-packages-in-order;link;run;match-output
testdir:typeparam/devirtualize1.go	testdir	NOT_ATTEMPTED	NONE	not-reached-before-wall-clock-cap	NONE	4	compile-or-build;link-if-needed;run;match-output
testdir:typeparam/devirtualize2.go	testdir	NOT_ATTEMPTED	NONE	not-reached-before-wall-clock-cap	NONE	4	compile-or-build;link-if-needed;run;match-output
testdir:typeparam/dictionaryCapture-noinline.go	testdir	NOT_ATTEMPTED	NONE	not-reached-before-wall-clock-cap	NONE	4	compile-or-build;link-if-needed;run;match-output
testdir:typeparam/dictionaryCapture.go	testdir	NOT_ATTEMPTED	NONE	not-reached-before-wall-clock-cap	NONE	4	compile-or-build;link-if-needed;run;match-output
testdir:typeparam/dottype.go	testdir	NOT_ATTEMPTED	NONE	not-reached-before-wall-clock-cap	NONE	4	compile-or-build;link-if-needed;run;match-output
testdir:typeparam/double.go	testdir	NOT_ATTEMPTED	NONE	not-reached-before-wall-clock-cap	NONE	4	compile-or-build;link-if-needed;run;match-output
testdir:typeparam/eface.go	testdir	NOT_ATTEMPTED	NONE	not-reached-before-wall-clock-cap	NONE	4	compile-or-build;link-if-needed;run;match-output
testdir:typeparam/equal.go	testdir	NOT_ATTEMPTED	NONE	not-reached-before-wall-clock-cap	NONE	4	compile-or-build;link-if-needed;run;match-output
testdir:typeparam/fact.go	testdir	NOT_ATTEMPTED	NONE	not-reached-before-wall-clock-cap	NONE	4	compile-or-build;link-if-needed;run;match-output
testdir:typeparam/factimp.go	testdir	NOT_ATTEMPTED	NONE	not-reached-before-wall-clock-cap	NONE	4	compile-packages-in-order;link;run;match-output
testdir:typeparam/gencrawler.go	testdir	NOT_ATTEMPTED	NONE	not-reached-before-wall-clock-cap	NONE	4	compile-packages-in-order;link;run;match-output
testdir:typeparam/genembed.go	testdir	NOT_ATTEMPTED	NONE	not-reached-before-wall-clock-cap	NONE	4	compile-or-build;link-if-needed;run;match-output
testdir:typeparam/genembed2.go	testdir	NOT_ATTEMPTED	NONE	not-reached-before-wall-clock-cap	NONE	4	compile-or-build;link-if-needed;run;match-output
testdir:typeparam/geninline.go	testdir	NOT_ATTEMPTED	NONE	not-reached-before-wall-clock-cap	NONE	4	compile-packages-in-order;link;run;match-output
testdir:typeparam/graph.go	testdir	NOT_ATTEMPTED	NONE	not-reached-before-wall-clock-cap	NONE	4	compile-or-build;link-if-needed;run;match-output
testdir:typeparam/ifaceconv.go	testdir	NOT_ATTEMPTED	NONE	not-reached-before-wall-clock-cap	NONE	4	compile-or-build;link-if-needed;run;match-output
testdir:typeparam/importtest.go	testdir	NOT_ATTEMPTED	NONE	not-reached-before-wall-clock-cap	NONE	1	compile
testdir:typeparam/index.go	testdir	NOT_ATTEMPTED	NONE	not-reached-before-wall-clock-cap	NONE	4	compile-or-build;link-if-needed;run;match-output
testdir:typeparam/index2.go	testdir	NOT_ATTEMPTED	NONE	not-reached-before-wall-clock-cap	NONE	4	compile-or-build;link-if-needed;run;match-output
testdir:typeparam/interfacearg.go	testdir	NOT_ATTEMPTED	NONE	not-reached-before-wall-clock-cap	NONE	4	compile-or-build;link-if-needed;run;match-output
testdir:typeparam/issue23536.go	testdir	NOT_ATTEMPTED	NONE	not-reached-before-wall-clock-cap	NONE	4	compile-or-build;link-if-needed;run;match-output
testdir:typeparam/issue376214.go	testdir	NOT_ATTEMPTED	NONE	not-reached-before-wall-clock-cap	NONE	4	compile-or-build;link-if-needed;run;match-output
testdir:typeparam/issue39755.go	testdir	NOT_ATTEMPTED	NONE	not-reached-before-wall-clock-cap	NONE	1	compile
testdir:typeparam/issue42758.go	testdir	NOT_ATTEMPTED	NONE	not-reached-before-wall-clock-cap	NONE	4	compile-or-build;link-if-needed;run;match-output
testdir:typeparam/issue44688.go	testdir	NOT_ATTEMPTED	NONE	not-reached-before-wall-clock-cap	NONE	4	compile-or-build;link-if-needed;run;match-output
testdir:typeparam/issue45547.go	testdir	NOT_ATTEMPTED	NONE	not-reached-before-wall-clock-cap	NONE	1	compile
testdir:typeparam/issue45722.go	testdir	NOT_ATTEMPTED	NONE	not-reached-before-wall-clock-cap	NONE	4	compile-or-build;link-if-needed;run;match-output
testdir:typeparam/issue45738.go	testdir	NOT_ATTEMPTED	NONE	not-reached-before-wall-clock-cap	NONE	1	compile
testdir:typeparam/issue45817.go	testdir	NOT_ATTEMPTED	NONE	not-reached-before-wall-clock-cap	NONE	4	compile-or-build;link-if-needed;run;match-output
testdir:typeparam/issue46461.go	testdir	NOT_ATTEMPTED	NONE	not-reached-before-wall-clock-cap	NONE	1	compile
testdir:typeparam/issue46461b.go	testdir	NOT_ATTEMPTED	NONE	not-reached-before-wall-clock-cap	NONE	1	compile-packages-in-order
testdir:typeparam/issue46472.go	testdir	NOT_ATTEMPTED	NONE	not-reached-before-wall-clock-cap	NONE	4	compile-or-build;link-if-needed;run;match-output
testdir:typeparam/issue46591.go	testdir	NOT_ATTEMPTED	NONE	not-reached-before-wall-clock-cap	NONE	4	compile-or-build;link-if-needed;run;match-output
testdir:typeparam/issue47258.go	testdir	NOT_ATTEMPTED	NONE	not-reached-before-wall-clock-cap	NONE	4	compile-or-build;link-if-needed;run;match-output
testdir:typeparam/issue47272.go	testdir	NOT_ATTEMPTED	NONE	not-reached-before-wall-clock-cap	NONE	4	compile-or-build;link-if-needed;run;match-output
testdir:typeparam/issue47514.go	testdir	NOT_ATTEMPTED	NONE	not-reached-before-wall-clock-cap	NONE	4	compile-or-build;link-if-needed;run;match-output
testdir:typeparam/issue47514b.go	testdir	NOT_ATTEMPTED	NONE	not-reached-before-wall-clock-cap	NONE	4	compile-or-build;link-if-needed;run;match-output
testdir:typeparam/issue47514c.go	testdir	NOT_ATTEMPTED	NONE	not-reached-before-wall-clock-cap	NONE	4	compile-packages-in-order;link;run;match-output
testdir:typeparam/issue47631.go	testdir	NOT_ATTEMPTED	NONE	not-reached-before-wall-clock-cap	NONE	1	compile
testdir:typeparam/issue47676.go	testdir	NOT_ATTEMPTED	NONE	not-reached-before-wall-clock-cap	NONE	4	compile-or-build;link-if-needed;run;match-output
testdir:typeparam/issue47684.go	testdir	NOT_ATTEMPTED	NONE	not-reached-before-wall-clock-cap	NONE	4	compile-or-build;link-if-needed;run;match-output
testdir:typeparam/issue47684b.go	testdir	NOT_ATTEMPTED	NONE	not-reached-before-wall-clock-cap	NONE	4	compile-or-build;link-if-needed;run;match-output
testdir:typeparam/issue47684c.go	testdir	NOT_ATTEMPTED	NONE	not-reached-before-wall-clock-cap	NONE	4	compile-or-build;link-if-needed;run;match-output
testdir:typeparam/issue47708.go	testdir	NOT_ATTEMPTED	NONE	not-reached-before-wall-clock-cap	NONE	4	compile-or-build;link-if-needed;run;match-output
testdir:typeparam/issue47710.go	testdir	NOT_ATTEMPTED	NONE	not-reached-before-wall-clock-cap	NONE	1	compile
testdir:typeparam/issue47713.go	testdir	NOT_ATTEMPTED	NONE	not-reached-before-wall-clock-cap	NONE	4	compile-or-build;link-if-needed;run;match-output
testdir:typeparam/issue47716.go	testdir	NOT_ATTEMPTED	NONE	not-reached-before-wall-clock-cap	NONE	4	compile-or-build;link-if-needed;run;match-output
testdir:typeparam/issue47723.go	testdir	NOT_ATTEMPTED	NONE	not-reached-before-wall-clock-cap	NONE	4	compile-or-build;link-if-needed;run;match-output
testdir:typeparam/issue47740.go	testdir	NOT_ATTEMPTED	NONE	not-reached-before-wall-clock-cap	NONE	4	compile-or-build;link-if-needed;run;match-output
testdir:typeparam/issue47740b.go	testdir	NOT_ATTEMPTED	NONE	not-reached-before-wall-clock-cap	NONE	4	compile-or-build;link-if-needed;run;match-output
testdir:typeparam/issue47775.go	testdir	NOT_ATTEMPTED	NONE	not-reached-before-wall-clock-cap	NONE	4	compile-packages-in-order;link;run;match-output
testdir:typeparam/issue47775b.go	testdir	NOT_ATTEMPTED	NONE	not-reached-before-wall-clock-cap	NONE	4	compile-or-build;link-if-needed;run;match-output
testdir:typeparam/issue47797.go	testdir	NOT_ATTEMPTED	NONE	not-reached-before-wall-clock-cap	NONE	1	compile
testdir:typeparam/issue47877.go	testdir	NOT_ATTEMPTED	NONE	not-reached-before-wall-clock-cap	NONE	4	compile-or-build;link-if-needed;run;match-output
testdir:typeparam/issue47878.go	testdir	NOT_ATTEMPTED	NONE	not-reached-before-wall-clock-cap	NONE	1	compile
testdir:typeparam/issue47892.go	testdir	NOT_ATTEMPTED	NONE	not-reached-before-wall-clock-cap	NONE	4	compile-packages-in-order;link;run;match-output
testdir:typeparam/issue47892b.go	testdir	NOT_ATTEMPTED	NONE	not-reached-before-wall-clock-cap	NONE	1	compile-packages-in-order
testdir:typeparam/issue47896.go	testdir	NOT_ATTEMPTED	NONE	not-reached-before-wall-clock-cap	NONE	1	compile
testdir:typeparam/issue47901.go	testdir	NOT_ATTEMPTED	NONE	not-reached-before-wall-clock-cap	NONE	4	compile-or-build;link-if-needed;run;match-output
testdir:typeparam/issue47924.go	testdir	NOT_ATTEMPTED	NONE	not-reached-before-wall-clock-cap	NONE	1	compile
testdir:typeparam/issue47925.go	testdir	NOT_ATTEMPTED	NONE	not-reached-before-wall-clock-cap	NONE	4	compile-or-build;link-if-needed;run;match-output
testdir:typeparam/issue47925b.go	testdir	NOT_ATTEMPTED	NONE	not-reached-before-wall-clock-cap	NONE	4	compile-or-build;link-if-needed;run;match-output
testdir:typeparam/issue47925c.go	testdir	NOT_ATTEMPTED	NONE	not-reached-before-wall-clock-cap	NONE	4	compile-or-build;link-if-needed;run;match-output
testdir:typeparam/issue47925d.go	testdir	NOT_ATTEMPTED	NONE	not-reached-before-wall-clock-cap	NONE	4	compile-or-build;link-if-needed;run;match-output
testdir:typeparam/issue47929.go	testdir	NOT_ATTEMPTED	NONE	not-reached-before-wall-clock-cap	NONE	1	compile
testdir:typeparam/issue47948.go	testdir	NOT_ATTEMPTED	NONE	not-reached-before-wall-clock-cap	NONE	1	compile
testdir:typeparam/issue47966.go	testdir	NOT_ATTEMPTED	NONE	not-reached-before-wall-clock-cap	NONE	1	compile
testdir:typeparam/issue48013.go	testdir	NOT_ATTEMPTED	NONE	not-reached-before-wall-clock-cap	NONE	4	compile-or-build;link-if-needed;run;match-output
testdir:typeparam/issue48016.go	testdir	NOT_ATTEMPTED	NONE	not-reached-before-wall-clock-cap	NONE	4	compile-or-build;link-if-needed;run;match-output
testdir:typeparam/issue48030.go	testdir	NOT_ATTEMPTED	NONE	not-reached-before-wall-clock-cap	NONE	4	compile-or-build;link-if-needed;run;match-output
testdir:typeparam/issue48042.go	testdir	NOT_ATTEMPTED	NONE	not-reached-before-wall-clock-cap	NONE	4	compile-or-build;link-if-needed;run;match-output
testdir:typeparam/issue48047.go	testdir	NOT_ATTEMPTED	NONE	not-reached-before-wall-clock-cap	NONE	4	compile-or-build;link-if-needed;run;match-output
testdir:typeparam/issue48049.go	testdir	NOT_ATTEMPTED	NONE	not-reached-before-wall-clock-cap	NONE	4	compile-or-build;link-if-needed;run;match-output
testdir:typeparam/issue48056.go	testdir	NOT_ATTEMPTED	NONE	not-reached-before-wall-clock-cap	NONE	1	compile
testdir:typeparam/issue48094.go	testdir	NOT_ATTEMPTED	NONE	not-reached-before-wall-clock-cap	NONE	4	compile-packages-in-order;link;run;match-output
testdir:typeparam/issue48094b.go	testdir	NOT_ATTEMPTED	NONE	not-reached-before-wall-clock-cap	NONE	1	compile-packages-in-order
testdir:typeparam/issue48137.go	testdir	NOT_ATTEMPTED	NONE	not-reached-before-wall-clock-cap	NONE	4	compile-or-build;link-if-needed;run;match-output
testdir:typeparam/issue48185a.go	testdir	NOT_ATTEMPTED	NONE	not-reached-before-wall-clock-cap	NONE	4	compile-packages-in-order;link;run;match-output
testdir:typeparam/issue48185b.go	testdir	NOT_ATTEMPTED	NONE	not-reached-before-wall-clock-cap	NONE	4	compile-packages-in-order;link;run;match-output
testdir:typeparam/issue48191.go	testdir	NOT_ATTEMPTED	NONE	not-reached-before-wall-clock-cap	NONE	1	compile
testdir:typeparam/issue48198.go	testdir	NOT_ATTEMPTED	NONE	not-reached-before-wall-clock-cap	NONE	1	compile
testdir:typeparam/issue48225.go	testdir	NOT_ATTEMPTED	NONE	not-reached-before-wall-clock-cap	NONE	4	compile-or-build;link-if-needed;run;match-output
testdir:typeparam/issue48253.go	testdir	NOT_ATTEMPTED	NONE	not-reached-before-wall-clock-cap	NONE	4	compile-or-build;link-if-needed;run;match-output
testdir:typeparam/issue48276a.go	testdir	NOT_ATTEMPTED	NONE	not-reached-before-wall-clock-cap	NONE	4	compile-or-build;link-if-needed;run;match-output
testdir:typeparam/issue48276b.go	testdir	NOT_ATTEMPTED	NONE	not-reached-before-wall-clock-cap	NONE	4	compile-or-build;link-if-needed;run;match-output
testdir:typeparam/issue48280.go	testdir	NOT_ATTEMPTED	NONE	not-reached-before-wall-clock-cap	NONE	4	compile-packages-in-order;link;run;match-output
testdir:typeparam/issue48306.go	testdir	NOT_ATTEMPTED	NONE	not-reached-before-wall-clock-cap	NONE	4	compile-packages-in-order;link;run;match-output
testdir:typeparam/issue48317.go	testdir	NOT_ATTEMPTED	NONE	not-reached-before-wall-clock-cap	NONE	4	compile-or-build;link-if-needed;run;match-output
testdir:typeparam/issue48318.go	testdir	NOT_ATTEMPTED	NONE	not-reached-before-wall-clock-cap	NONE	4	compile-or-build;link-if-needed;run;match-output
testdir:typeparam/issue48337a.go	testdir	NOT_ATTEMPTED	NONE	not-reached-before-wall-clock-cap	NONE	4	compile-packages-in-order;link;run;match-output
testdir:typeparam/issue48337b.go	testdir	NOT_ATTEMPTED	NONE	not-reached-before-wall-clock-cap	NONE	4	compile-packages-in-order;link;run;match-output
testdir:typeparam/issue48344.go	testdir	NOT_ATTEMPTED	NONE	not-reached-before-wall-clock-cap	NONE	4	compile-or-build;link-if-needed;run;match-output
testdir:typeparam/issue48424.go	testdir	NOT_ATTEMPTED	NONE	not-reached-before-wall-clock-cap	NONE	4	compile-or-build;link-if-needed;run;match-output
testdir:typeparam/issue48453.go	testdir	NOT_ATTEMPTED	NONE	not-reached-before-wall-clock-cap	NONE	4	compile-or-build;link-if-needed;run;match-output
testdir:typeparam/issue48454.go	testdir	NOT_ATTEMPTED	NONE	not-reached-before-wall-clock-cap	NONE	4	compile-packages-in-order;link;run;match-output
testdir:typeparam/issue48462.go	testdir	NOT_ATTEMPTED	NONE	not-reached-before-wall-clock-cap	NONE	4	compile-packages-in-order;link;run;match-output
testdir:typeparam/issue48537.go	testdir	NOT_ATTEMPTED	NONE	not-reached-before-wall-clock-cap	NONE	1	compile
testdir:typeparam/issue48538.go	testdir	NOT_ATTEMPTED	NONE	not-reached-before-wall-clock-cap	NONE	1	compile
testdir:typeparam/issue48598.go	testdir	NOT_ATTEMPTED	NONE	not-reached-before-wall-clock-cap	NONE	4	compile-or-build;link-if-needed;run;match-output
testdir:typeparam/issue48602.go	testdir	NOT_ATTEMPTED	NONE	not-reached-before-wall-clock-cap	NONE	4	compile-or-build;link-if-needed;run;match-output
testdir:typeparam/issue48604.go	testdir	NOT_ATTEMPTED	NONE	not-reached-before-wall-clock-cap	NONE	1	build
testdir:typeparam/issue48609.go	testdir	NOT_ATTEMPTED	NONE	not-reached-before-wall-clock-cap	NONE	1	compile
testdir:typeparam/issue48617.go	testdir	NOT_ATTEMPTED	NONE	not-reached-before-wall-clock-cap	NONE	4	compile-or-build;link-if-needed;run;match-output
testdir:typeparam/issue48645a.go	testdir	NOT_ATTEMPTED	NONE	not-reached-before-wall-clock-cap	NONE	4	compile-or-build;link-if-needed;run;match-output
testdir:typeparam/issue48645b.go	testdir	NOT_ATTEMPTED	NONE	not-reached-before-wall-clock-cap	NONE	4	compile-or-build;link-if-needed;run;match-output
testdir:typeparam/issue48711.go	testdir	NOT_ATTEMPTED	NONE	not-reached-before-wall-clock-cap	NONE	2	compile;match-diagnostics
testdir:typeparam/issue48716.go	testdir	NOT_ATTEMPTED	NONE	not-reached-before-wall-clock-cap	NONE	4	compile-packages-in-order;link;run;match-output
testdir:typeparam/issue48838.go	testdir	NOT_ATTEMPTED	NONE	not-reached-before-wall-clock-cap	NONE	4	compile-or-build;link-if-needed;run;match-output
testdir:typeparam/issue48962.go	testdir	NOT_ATTEMPTED	NONE	not-reached-before-wall-clock-cap	NONE	2	compile-packages-in-order;match-diagnostics
testdir:typeparam/issue49027.go	testdir	NOT_ATTEMPTED	NONE	not-reached-before-wall-clock-cap	NONE	4	compile-packages-in-order;link;run;match-output
testdir:typeparam/issue49049.go	testdir	NOT_ATTEMPTED	NONE	not-reached-before-wall-clock-cap	NONE	4	compile-or-build;link-if-needed;run;match-output
testdir:typeparam/issue49241.go	testdir	NOT_ATTEMPTED	NONE	not-reached-before-wall-clock-cap	NONE	4	compile-packages-in-order;link;run;match-output
testdir:typeparam/issue49246.go	testdir	NOT_ATTEMPTED	NONE	not-reached-before-wall-clock-cap	NONE	1	compile-packages-in-order
testdir:typeparam/issue49295.go	testdir	NOT_ATTEMPTED	NONE	not-reached-before-wall-clock-cap	NONE	4	compile-or-build;link-if-needed;run;match-output
testdir:typeparam/issue49309.go	testdir	NOT_ATTEMPTED	NONE	not-reached-before-wall-clock-cap	NONE	4	compile-or-build;link-if-needed;run;match-output
testdir:typeparam/issue49421.go	testdir	NOT_ATTEMPTED	NONE	not-reached-before-wall-clock-cap	NONE	4	compile-or-build;link-if-needed;run;match-output
testdir:typeparam/issue49432.go	testdir	NOT_ATTEMPTED	NONE	not-reached-before-wall-clock-cap	NONE	1	compile
testdir:typeparam/issue49497.go	testdir	NOT_ATTEMPTED	NONE	not-reached-before-wall-clock-cap	NONE	4	compile-packages-in-order;link;run;match-output
testdir:typeparam/issue49516.go	testdir	NOT_ATTEMPTED	NONE	not-reached-before-wall-clock-cap	NONE	1	compile
testdir:typeparam/issue49524.go	testdir	NOT_ATTEMPTED	NONE	not-reached-before-wall-clock-cap	NONE	4	compile-packages-in-order;link;run;match-output
testdir:typeparam/issue49536.go	testdir	NOT_ATTEMPTED	NONE	not-reached-before-wall-clock-cap	NONE	1	compile-packages-in-order
testdir:typeparam/issue49538.go	testdir	NOT_ATTEMPTED	NONE	not-reached-before-wall-clock-cap	NONE	1	compile
testdir:typeparam/issue49547.go	testdir	NOT_ATTEMPTED	NONE	not-reached-before-wall-clock-cap	NONE	4	compile-or-build;link-if-needed;run;match-output
testdir:typeparam/issue49611.go	testdir	NOT_ATTEMPTED	NONE	not-reached-before-wall-clock-cap	NONE	1	compile
testdir:typeparam/issue49659.go	testdir	NOT_ATTEMPTED	NONE	not-reached-before-wall-clock-cap	NONE	1	compile-packages-in-order
testdir:typeparam/issue49659b.go	testdir	NOT_ATTEMPTED	NONE	not-reached-before-wall-clock-cap	NONE	4	compile-or-build;link-if-needed;run;match-output
testdir:typeparam/issue49667.go	testdir	NOT_ATTEMPTED	NONE	not-reached-before-wall-clock-cap	NONE	4	compile-packages-in-order;link;run;match-output
testdir:typeparam/issue49875.go	testdir	NOT_ATTEMPTED	NONE	not-reached-before-wall-clock-cap	NONE	1	compile
testdir:typeparam/issue49893.go	testdir	NOT_ATTEMPTED	NONE	not-reached-before-wall-clock-cap	NONE	1	compile-packages-in-order
testdir:typeparam/issue50002.go	testdir	NOT_ATTEMPTED	NONE	not-reached-before-wall-clock-cap	NONE	4	compile-or-build;link-if-needed;run;match-output
testdir:typeparam/issue50109.go	testdir	NOT_ATTEMPTED	NONE	not-reached-before-wall-clock-cap	NONE	4	compile-or-build;link-if-needed;run;match-output
testdir:typeparam/issue50109b.go	testdir	NOT_ATTEMPTED	NONE	not-reached-before-wall-clock-cap	NONE	4	compile-or-build;link-if-needed;run;match-output
testdir:typeparam/issue50121.go	testdir	NOT_ATTEMPTED	NONE	not-reached-before-wall-clock-cap	NONE	4	compile-packages-in-order;link;run;match-output
testdir:typeparam/issue50121b.go	testdir	NOT_ATTEMPTED	NONE	not-reached-before-wall-clock-cap	NONE	4	compile-packages-in-order;link;run;match-output
testdir:typeparam/issue50147.go	testdir	NOT_ATTEMPTED	NONE	not-reached-before-wall-clock-cap	NONE	1	compile
testdir:typeparam/issue50177.go	testdir	NOT_ATTEMPTED	NONE	not-reached-before-wall-clock-cap	NONE	1	compile
testdir:typeparam/issue50193.go	testdir	NOT_ATTEMPTED	NONE	not-reached-before-wall-clock-cap	NONE	4	compile-or-build;link-if-needed;run;match-output
testdir:typeparam/issue50259.go	testdir	NOT_ATTEMPTED	NONE	not-reached-before-wall-clock-cap	NONE	1	compile
testdir:typeparam/issue50264.go	testdir	NOT_ATTEMPTED	NONE	not-reached-before-wall-clock-cap	NONE	4	compile-or-build;link-if-needed;run;match-output
testdir:typeparam/issue50317.go	testdir	NOT_ATTEMPTED	NONE	not-reached-before-wall-clock-cap	NONE	2	compile;match-diagnostics
testdir:typeparam/issue50417.go	testdir	NOT_ATTEMPTED	NONE	not-reached-before-wall-clock-cap	NONE	4	compile-or-build;link-if-needed;run;match-output
testdir:typeparam/issue50417b.go	testdir	NOT_ATTEMPTED	NONE	not-reached-before-wall-clock-cap	NONE	4	compile-or-build;link-if-needed;run;match-output
testdir:typeparam/issue50419.go	testdir	NOT_ATTEMPTED	NONE	not-reached-before-wall-clock-cap	NONE	4	compile-or-build;link-if-needed;run;match-output
testdir:typeparam/issue50437.go	testdir	NOT_ATTEMPTED	NONE	not-reached-before-wall-clock-cap	NONE	1	compile-packages-in-order
testdir:typeparam/issue50481b.go	testdir	NOT_ATTEMPTED	NONE	not-reached-before-wall-clock-cap	NONE	4	compile-packages-in-order;link;run;match-output
testdir:typeparam/issue50481c.go	testdir	NOT_ATTEMPTED	NONE	not-reached-before-wall-clock-cap	NONE	4	compile-packages-in-order;link;run;match-output
testdir:typeparam/issue50485.go	testdir	NOT_ATTEMPTED	NONE	not-reached-before-wall-clock-cap	NONE	1	compile-packages-in-order
testdir:typeparam/issue50486.go	testdir	NOT_ATTEMPTED	NONE	not-reached-before-wall-clock-cap	NONE	1	compile-packages-in-order
testdir:typeparam/issue50552.go	testdir	NOT_ATTEMPTED	NONE	not-reached-before-wall-clock-cap	NONE	1	compile-packages-in-order
testdir:typeparam/issue50561.go	testdir	NOT_ATTEMPTED	NONE	not-reached-before-wall-clock-cap	NONE	1	compile-packages-in-order
testdir:typeparam/issue50598.go	testdir	NOT_ATTEMPTED	NONE	not-reached-before-wall-clock-cap	NONE	4	compile-packages-in-order;link;run;match-output
testdir:typeparam/issue50642.go	testdir	NOT_ATTEMPTED	NONE	not-reached-before-wall-clock-cap	NONE	4	compile-or-build;link-if-needed;run;match-output
testdir:typeparam/issue50690a.go	testdir	NOT_ATTEMPTED	NONE	not-reached-before-wall-clock-cap	NONE	4	compile-or-build;link-if-needed;run;match-output
testdir:typeparam/issue50690b.go	testdir	NOT_ATTEMPTED	NONE	not-reached-before-wall-clock-cap	NONE	4	compile-or-build;link-if-needed;run;match-output
testdir:typeparam/issue50690c.go	testdir	NOT_ATTEMPTED	NONE	not-reached-before-wall-clock-cap	NONE	4	compile-or-build;link-if-needed;run;match-output
testdir:typeparam/issue50833.go	testdir	NOT_ATTEMPTED	NONE	not-reached-before-wall-clock-cap	NONE	4	compile-or-build;link-if-needed;run;match-output
testdir:typeparam/issue50841.go	testdir	NOT_ATTEMPTED	NONE	not-reached-before-wall-clock-cap	NONE	1	compile-packages-in-order
testdir:typeparam/issue50993.go	testdir	NOT_ATTEMPTED	NONE	not-reached-before-wall-clock-cap	NONE	1	compile
testdir:typeparam/issue51219.go	testdir	NOT_ATTEMPTED	NONE	not-reached-before-wall-clock-cap	NONE	4	compile-packages-in-order;link;run;match-output
testdir:typeparam/issue51219b.go	testdir	NOT_ATTEMPTED	NONE	not-reached-before-wall-clock-cap	NONE	1	compile-packages-in-order
testdir:typeparam/issue51232.go	testdir	NOT_ATTEMPTED	NONE	not-reached-before-wall-clock-cap	NONE	2	compile;match-diagnostics
testdir:typeparam/issue51233.go	testdir	NOT_ATTEMPTED	NONE	not-reached-before-wall-clock-cap	NONE	2	compile;match-diagnostics
testdir:typeparam/issue51236.go	testdir	NOT_ATTEMPTED	NONE	not-reached-before-wall-clock-cap	NONE	4	compile-or-build;link-if-needed;run;match-output
testdir:typeparam/issue51245.go	testdir	NOT_ATTEMPTED	NONE	not-reached-before-wall-clock-cap	NONE	1	build
testdir:typeparam/issue51250a.go	testdir	NOT_ATTEMPTED	NONE	not-reached-before-wall-clock-cap	NONE	4	compile-packages-in-order;link;run;match-output
testdir:typeparam/issue51303.go	testdir	NOT_ATTEMPTED	NONE	not-reached-before-wall-clock-cap	NONE	4	compile-or-build;link-if-needed;run;match-output
testdir:typeparam/issue51355.go	testdir	NOT_ATTEMPTED	NONE	not-reached-before-wall-clock-cap	NONE	1	compile
testdir:typeparam/issue51367.go	testdir	NOT_ATTEMPTED	NONE	not-reached-before-wall-clock-cap	NONE	4	compile-packages-in-order;link;run;match-output
testdir:typeparam/issue51423.go	testdir	NOT_ATTEMPTED	NONE	not-reached-before-wall-clock-cap	NONE	1	compile-packages-in-order
testdir:typeparam/issue51521.go	testdir	NOT_ATTEMPTED	NONE	not-reached-before-wall-clock-cap	NONE	4	compile-or-build;link-if-needed;run;match-output
testdir:typeparam/issue51522a.go	testdir	NOT_ATTEMPTED	NONE	not-reached-before-wall-clock-cap	NONE	4	compile-or-build;link-if-needed;run;match-output
testdir:typeparam/issue51522b.go	testdir	NOT_ATTEMPTED	NONE	not-reached-before-wall-clock-cap	NONE	4	compile-or-build;link-if-needed;run;match-output
testdir:typeparam/issue51700.go	testdir	NOT_ATTEMPTED	NONE	not-reached-before-wall-clock-cap	NONE	4	compile-or-build;link-if-needed;run;match-output
testdir:typeparam/issue51765.go	testdir	NOT_ATTEMPTED	NONE	not-reached-before-wall-clock-cap	NONE	1	compile
testdir:typeparam/issue51832.go	testdir	NOT_ATTEMPTED	NONE	not-reached-before-wall-clock-cap	NONE	1	compile
testdir:typeparam/issue51836.go	testdir	NOT_ATTEMPTED	NONE	not-reached-before-wall-clock-cap	NONE	1	compile-packages-in-order
testdir:typeparam/issue51840.go	testdir	NOT_ATTEMPTED	NONE	not-reached-before-wall-clock-cap	NONE	1	compile
testdir:typeparam/issue51909.go	testdir	NOT_ATTEMPTED	NONE	not-reached-before-wall-clock-cap	NONE	1	compile
testdir:typeparam/issue51925.go	testdir	NOT_ATTEMPTED	NONE	not-reached-before-wall-clock-cap	NONE	1	compile
testdir:typeparam/issue52026.go	testdir	NOT_ATTEMPTED	NONE	not-reached-before-wall-clock-cap	NONE	4	compile-or-build;link-if-needed;run;match-output
testdir:typeparam/issue52117.go	testdir	NOT_ATTEMPTED	NONE	not-reached-before-wall-clock-cap	NONE	1	compile-packages-in-order
testdir:typeparam/issue52124.go	testdir	NOT_ATTEMPTED	NONE	not-reached-before-wall-clock-cap	NONE	1	compile
testdir:typeparam/issue52228.go	testdir	NOT_ATTEMPTED	NONE	not-reached-before-wall-clock-cap	NONE	4	compile-or-build;link-if-needed;run;match-output
testdir:typeparam/issue52241.go	testdir	NOT_ATTEMPTED	NONE	not-reached-before-wall-clock-cap	NONE	1	compile
testdir:typeparam/issue53087.go	testdir	NOT_ATTEMPTED	NONE	not-reached-before-wall-clock-cap	NONE	4	compile-or-build;link-if-needed;run;match-output
testdir:typeparam/issue53254.go	testdir	NOT_ATTEMPTED	NONE	not-reached-before-wall-clock-cap	NONE	1	compile
testdir:typeparam/issue53390.go	testdir	NOT_ATTEMPTED	NONE	not-reached-before-wall-clock-cap	NONE	1	compile
testdir:typeparam/issue53406.go	testdir	NOT_ATTEMPTED	NONE	not-reached-before-wall-clock-cap	NONE	1	compile
testdir:typeparam/issue53419.go	testdir	NOT_ATTEMPTED	NONE	not-reached-before-wall-clock-cap	NONE	4	compile-or-build;link-if-needed;run;match-output
testdir:typeparam/issue53477.go	testdir	NOT_ATTEMPTED	NONE	not-reached-before-wall-clock-cap	NONE	4	compile-or-build;link-if-needed;run;match-output
testdir:typeparam/issue53762.go	testdir	NOT_ATTEMPTED	NONE	not-reached-before-wall-clock-cap	NONE	1	compile
testdir:typeparam/issue54135.go	testdir	NOT_ATTEMPTED	NONE	not-reached-before-wall-clock-cap	NONE	4	compile-or-build;link-if-needed;run;match-output
testdir:typeparam/issue54225.go	testdir	NOT_ATTEMPTED	NONE	not-reached-before-wall-clock-cap	NONE	4	compile-or-build;link-if-needed;run;match-output
testdir:typeparam/issue54302.go	testdir	NOT_ATTEMPTED	NONE	not-reached-before-wall-clock-cap	NONE	4	compile-packages-in-order;link;run;match-output
testdir:typeparam/issue54456.go	testdir	NOT_ATTEMPTED	NONE	not-reached-before-wall-clock-cap	NONE	4	compile-or-build;link-if-needed;run;match-output
testdir:typeparam/issue54497.go	testdir	NOT_ATTEMPTED	NONE	not-reached-before-wall-clock-cap	NONE	2	compile;match-diagnostics
testdir:typeparam/issue54535.go	testdir	NOT_ATTEMPTED	NONE	not-reached-before-wall-clock-cap	NONE	4	compile-or-build;link-if-needed;run;match-output
testdir:typeparam/issue54537.go	testdir	NOT_ATTEMPTED	NONE	not-reached-before-wall-clock-cap	NONE	4	compile-or-build;link-if-needed;run;match-output
testdir:typeparam/issue54765.go	testdir	NOT_ATTEMPTED	NONE	not-reached-before-wall-clock-cap	NONE	2	compile;match-diagnostics
testdir:typeparam/issue55101.go	testdir	NOT_ATTEMPTED	NONE	not-reached-before-wall-clock-cap	NONE	1	compile
testdir:typeparam/issue58513.go	testdir	NOT_ATTEMPTED	NONE	not-reached-before-wall-clock-cap	NONE	4	compile-or-build;link-if-needed;run;match-output
testdir:typeparam/list.go	testdir	NOT_ATTEMPTED	NONE	not-reached-before-wall-clock-cap	NONE	4	compile-or-build;link-if-needed;run;match-output
testdir:typeparam/list2.go	testdir	NOT_ATTEMPTED	NONE	not-reached-before-wall-clock-cap	NONE	4	compile-or-build;link-if-needed;run;match-output
testdir:typeparam/listimp.go	testdir	NOT_ATTEMPTED	NONE	not-reached-before-wall-clock-cap	NONE	4	compile-packages-in-order;link;run;match-output
testdir:typeparam/listimp2.go	testdir	NOT_ATTEMPTED	NONE	not-reached-before-wall-clock-cap	NONE	4	compile-packages-in-order;link;run;match-output
testdir:typeparam/lockable.go	testdir	NOT_ATTEMPTED	NONE	not-reached-before-wall-clock-cap	NONE	4	compile-or-build;link-if-needed;run;match-output
testdir:typeparam/map.go	testdir	NOT_ATTEMPTED	NONE	not-reached-before-wall-clock-cap	NONE	4	compile-or-build;link-if-needed;run;match-output
testdir:typeparam/mapimp.go	testdir	NOT_ATTEMPTED	NONE	not-reached-before-wall-clock-cap	NONE	4	compile-packages-in-order;link;run;match-output
testdir:typeparam/maps.go	testdir	NOT_ATTEMPTED	NONE	not-reached-before-wall-clock-cap	NONE	4	compile-or-build;link-if-needed;run;match-output
testdir:typeparam/mapsimp.go	testdir	NOT_ATTEMPTED	NONE	not-reached-before-wall-clock-cap	NONE	4	compile-packages-in-order;link;run;match-output
testdir:typeparam/mdempsky/1.go	testdir	NOT_ATTEMPTED	NONE	not-reached-before-wall-clock-cap	NONE	1	compile-packages-in-order
testdir:typeparam/mdempsky/10.go	testdir	NOT_ATTEMPTED	NONE	not-reached-before-wall-clock-cap	NONE	4	compile-packages-in-order;link;run;match-output
testdir:typeparam/mdempsky/12.go	testdir	NOT_ATTEMPTED	NONE	not-reached-before-wall-clock-cap	NONE	4	compile-packages-in-order;link;run;match-output
testdir:typeparam/mdempsky/13.go	testdir	NOT_ATTEMPTED	NONE	not-reached-before-wall-clock-cap	NONE	4	compile-or-build;link-if-needed;run;match-output
testdir:typeparam/mdempsky/14.go	testdir	NOT_ATTEMPTED	NONE	not-reached-before-wall-clock-cap	NONE	4	compile-or-build;link-if-needed;run;match-output
testdir:typeparam/mdempsky/15.go	testdir	NOT_ATTEMPTED	NONE	not-reached-before-wall-clock-cap	NONE	4	compile-or-build;link-if-needed;run;match-output
testdir:typeparam/mdempsky/16.go	testdir	NOT_ATTEMPTED	NONE	not-reached-before-wall-clock-cap	NONE	4	compile-or-build;link-if-needed;run;match-output
testdir:typeparam/mdempsky/17.go	testdir	NOT_ATTEMPTED	NONE	not-reached-before-wall-clock-cap	NONE	4	compile-or-build;link-if-needed;run;match-output
testdir:typeparam/mdempsky/18.go	testdir	NOT_ATTEMPTED	NONE	not-reached-before-wall-clock-cap	NONE	4	compile-or-build;link-if-needed;run;match-output
testdir:typeparam/mdempsky/19.go	testdir	NOT_ATTEMPTED	NONE	not-reached-before-wall-clock-cap	NONE	4	compile-or-build;link-if-needed;run;match-output
testdir:typeparam/mdempsky/2.go	testdir	NOT_ATTEMPTED	NONE	not-reached-before-wall-clock-cap	NONE	1	compile
testdir:typeparam/mdempsky/20.go	testdir	NOT_ATTEMPTED	NONE	not-reached-before-wall-clock-cap	NONE	4	compile-or-build;link-if-needed;run;match-output
testdir:typeparam/mdempsky/21.go	testdir	NOT_ATTEMPTED	NONE	not-reached-before-wall-clock-cap	NONE	4	compile-or-build;link-if-needed;run;match-output
testdir:typeparam/mdempsky/3.go	testdir	NOT_ATTEMPTED	NONE	not-reached-before-wall-clock-cap	NONE	1	compile-packages-in-order
testdir:typeparam/mdempsky/4.go	testdir	NOT_ATTEMPTED	NONE	not-reached-before-wall-clock-cap	NONE	1	compile-packages-in-order
testdir:typeparam/mdempsky/5.go	testdir	NOT_ATTEMPTED	NONE	not-reached-before-wall-clock-cap	NONE	1	compile
testdir:typeparam/mdempsky/6.go	testdir	NOT_ATTEMPTED	NONE	not-reached-before-wall-clock-cap	NONE	1	compile
testdir:typeparam/mdempsky/7.go	testdir	NOT_ATTEMPTED	NONE	not-reached-before-wall-clock-cap	NONE	1	compile-packages-in-order
testdir:typeparam/mdempsky/8.go	testdir	NOT_ATTEMPTED	NONE	not-reached-before-wall-clock-cap	NONE	2	compile-packages-in-order;match-diagnostics
testdir:typeparam/mdempsky/9.go	testdir	NOT_ATTEMPTED	NONE	not-reached-before-wall-clock-cap	NONE	1	compile
testdir:typeparam/metrics.go	testdir	NOT_ATTEMPTED	NONE	not-reached-before-wall-clock-cap	NONE	4	compile-or-build;link-if-needed;run;match-output
testdir:typeparam/min.go	testdir	NOT_ATTEMPTED	NONE	not-reached-before-wall-clock-cap	NONE	4	compile-or-build;link-if-needed;run;match-output
testdir:typeparam/mincheck.go	testdir	NOT_ATTEMPTED	NONE	not-reached-before-wall-clock-cap	NONE	2	compile-packages-in-order;match-diagnostics
testdir:typeparam/minimp.go	testdir	NOT_ATTEMPTED	NONE	not-reached-before-wall-clock-cap	NONE	4	compile-packages-in-order;link;run;match-output
testdir:typeparam/mutualimp.go	testdir	NOT_ATTEMPTED	NONE	not-reached-before-wall-clock-cap	NONE	1	compile-packages-in-order
testdir:typeparam/nested.go	testdir	NOT_ATTEMPTED	NONE	not-reached-before-wall-clock-cap	NONE	4	compile-or-build;link-if-needed;run;match-output
testdir:typeparam/ordered.go	testdir	NOT_ATTEMPTED	NONE	not-reached-before-wall-clock-cap	NONE	4	compile-or-build;link-if-needed;run;match-output
testdir:typeparam/orderedmap.go	testdir	NOT_ATTEMPTED	NONE	not-reached-before-wall-clock-cap	NONE	4	compile-or-build;link-if-needed;run;match-output
testdir:typeparam/orderedmapsimp.go	testdir	NOT_ATTEMPTED	NONE	not-reached-before-wall-clock-cap	NONE	4	compile-packages-in-order;link;run;match-output
testdir:typeparam/pair.go	testdir	NOT_ATTEMPTED	NONE	not-reached-before-wall-clock-cap	NONE	4	compile-or-build;link-if-needed;run;match-output
testdir:typeparam/pairimp.go	testdir	NOT_ATTEMPTED	NONE	not-reached-before-wall-clock-cap	NONE	4	compile-packages-in-order;link;run;match-output
testdir:typeparam/pragma.go	testdir	NOT_ATTEMPTED	NONE	not-reached-before-wall-clock-cap	NONE	2	compile;match-diagnostics
testdir:typeparam/recoverimp.go	testdir	NOT_ATTEMPTED	NONE	not-reached-before-wall-clock-cap	NONE	4	compile-packages-in-order;link;run;match-output
testdir:typeparam/select.go	testdir	NOT_ATTEMPTED	NONE	not-reached-before-wall-clock-cap	NONE	4	compile-packages-in-order;link;run;match-output
testdir:typeparam/sets.go	testdir	NOT_ATTEMPTED	NONE	not-reached-before-wall-clock-cap	NONE	4	compile-or-build;link-if-needed;run;match-output
testdir:typeparam/setsimp.go	testdir	NOT_ATTEMPTED	NONE	not-reached-before-wall-clock-cap	NONE	4	compile-packages-in-order;link;run;match-output
testdir:typeparam/settable.go	testdir	NOT_ATTEMPTED	NONE	not-reached-before-wall-clock-cap	NONE	4	compile-or-build;link-if-needed;run;match-output
testdir:typeparam/shape1.go	testdir	NOT_ATTEMPTED	NONE	not-reached-before-wall-clock-cap	NONE	4	compile-or-build;link-if-needed;run;match-output
testdir:typeparam/shape_assert.go	testdir	NOT_ATTEMPTED	NONE	not-reached-before-wall-clock-cap	NONE	4	compile-or-build;link-if-needed;run;match-output
testdir:typeparam/sliceimp.go	testdir	NOT_ATTEMPTED	NONE	not-reached-before-wall-clock-cap	NONE	4	compile-packages-in-order;link;run;match-output
testdir:typeparam/slices.go	testdir	NOT_ATTEMPTED	NONE	not-reached-before-wall-clock-cap	NONE	4	compile-or-build;link-if-needed;run;match-output
testdir:typeparam/smallest.go	testdir	NOT_ATTEMPTED	NONE	not-reached-before-wall-clock-cap	NONE	4	compile-or-build;link-if-needed;run;match-output
testdir:typeparam/smoketest.go	testdir	NOT_ATTEMPTED	NONE	not-reached-before-wall-clock-cap	NONE	1	compile
testdir:typeparam/stringable.go	testdir	NOT_ATTEMPTED	NONE	not-reached-before-wall-clock-cap	NONE	4	compile-or-build;link-if-needed;run;match-output
testdir:typeparam/stringer.go	testdir	NOT_ATTEMPTED	NONE	not-reached-before-wall-clock-cap	NONE	4	compile-or-build;link-if-needed;run;match-output
testdir:typeparam/stringerimp.go	testdir	NOT_ATTEMPTED	NONE	not-reached-before-wall-clock-cap	NONE	4	compile-packages-in-order;link;run;match-output
testdir:typeparam/struct.go	testdir	NOT_ATTEMPTED	NONE	not-reached-before-wall-clock-cap	NONE	4	compile-or-build;link-if-needed;run;match-output
testdir:typeparam/structinit.go	testdir	NOT_ATTEMPTED	NONE	not-reached-before-wall-clock-cap	NONE	4	compile-packages-in-order;link;run;match-output
testdir:typeparam/subdict.go	testdir	NOT_ATTEMPTED	NONE	not-reached-before-wall-clock-cap	NONE	4	compile-or-build;link-if-needed;run;match-output
testdir:typeparam/sum.go	testdir	NOT_ATTEMPTED	NONE	not-reached-before-wall-clock-cap	NONE	4	compile-or-build;link-if-needed;run;match-output
testdir:typeparam/tparam1.go	testdir	NOT_ATTEMPTED	NONE	not-reached-before-wall-clock-cap	NONE	2	compile;match-diagnostics
testdir:typeparam/typelist.go	testdir	NOT_ATTEMPTED	NONE	not-reached-before-wall-clock-cap	NONE	1	compile
testdir:typeparam/typeswitch1.go	testdir	NOT_ATTEMPTED	NONE	not-reached-before-wall-clock-cap	NONE	4	compile-or-build;link-if-needed;run;match-output
testdir:typeparam/typeswitch2.go	testdir	NOT_ATTEMPTED	NONE	not-reached-before-wall-clock-cap	NONE	4	compile-or-build;link-if-needed;run;match-output
testdir:typeparam/typeswitch3.go	testdir	NOT_ATTEMPTED	NONE	not-reached-before-wall-clock-cap	NONE	4	compile-or-build;link-if-needed;run;match-output
testdir:typeparam/typeswitch4.go	testdir	NOT_ATTEMPTED	NONE	not-reached-before-wall-clock-cap	NONE	4	compile-or-build;link-if-needed;run;match-output
testdir:typeparam/typeswitch5.go	testdir	NOT_ATTEMPTED	NONE	not-reached-before-wall-clock-cap	NONE	4	compile-or-build;link-if-needed;run;match-output
testdir:typeparam/typeswitch6.go	testdir	NOT_ATTEMPTED	NONE	not-reached-before-wall-clock-cap	NONE	4	compile-or-build;link-if-needed;run;match-output
testdir:typeparam/typeswitch7.go	testdir	NOT_ATTEMPTED	NONE	not-reached-before-wall-clock-cap	NONE	4	compile-or-build;link-if-needed;run;match-output
testdir:typeparam/valimp.go	testdir	NOT_ATTEMPTED	NONE	not-reached-before-wall-clock-cap	NONE	4	compile-packages-in-order;link;run;match-output
testdir:typeparam/value.go	testdir	NOT_ATTEMPTED	NONE	not-reached-before-wall-clock-cap	NONE	4	compile-or-build;link-if-needed;run;match-output
testdir:typeswitch.go	testdir	NOT_ATTEMPTED	NONE	not-reached-before-wall-clock-cap	NONE	4	compile-or-build;link-if-needed;run;match-output
testdir:typeswitch1.go	testdir	NOT_ATTEMPTED	NONE	not-reached-before-wall-clock-cap	NONE	4	compile-or-build;link-if-needed;run;match-output
testdir:typeswitch2.go	testdir	NOT_ATTEMPTED	NONE	not-reached-before-wall-clock-cap	NONE	2	compile;match-diagnostics
testdir:typeswitch2b.go	testdir	NOT_ATTEMPTED	NONE	not-reached-before-wall-clock-cap	NONE	2	compile;match-diagnostics
testdir:typeswitch3.go	testdir	NOT_ATTEMPTED	NONE	not-reached-before-wall-clock-cap	NONE	2	compile;match-diagnostics
testdir:uintptrescapes.go	testdir	NOT_ATTEMPTED	NONE	not-reached-before-wall-clock-cap	NONE	4	compile-packages-in-order;link;run;match-output
testdir:uintptrescapes2.go	testdir	NOT_ATTEMPTED	NONE	not-reached-before-wall-clock-cap	NONE	2	compile;match-diagnostics
testdir:uintptrescapes3.go	testdir	NOT_ATTEMPTED	NONE	not-reached-before-wall-clock-cap	NONE	4	compile-or-build;link-if-needed;run;match-output
testdir:uintptrkeepalive.go	testdir	NOT_ATTEMPTED	NONE	not-reached-before-wall-clock-cap	NONE	2	compile;match-diagnostics
testdir:undef.go	testdir	NOT_ATTEMPTED	NONE	not-reached-before-wall-clock-cap	NONE	2	compile;match-diagnostics
testdir:unsafe_slice_data.go	testdir	NOT_ATTEMPTED	NONE	not-reached-before-wall-clock-cap	NONE	4	compile-or-build;link-if-needed;run;match-output
testdir:unsafe_string.go	testdir	NOT_ATTEMPTED	NONE	not-reached-before-wall-clock-cap	NONE	4	compile-or-build;link-if-needed;run;match-output
testdir:unsafe_string_data.go	testdir	NOT_ATTEMPTED	NONE	not-reached-before-wall-clock-cap	NONE	4	compile-or-build;link-if-needed;run;match-output
testdir:unsafebuiltins.go	testdir	NOT_ATTEMPTED	NONE	not-reached-before-wall-clock-cap	NONE	4	compile-or-build;link-if-needed;run;match-output
testdir:used.go	testdir	NOT_ATTEMPTED	NONE	not-reached-before-wall-clock-cap	NONE	2	compile;match-diagnostics
testdir:utf.go	testdir	NOT_ATTEMPTED	NONE	not-reached-before-wall-clock-cap	NONE	4	compile-or-build;link-if-needed;run;match-output
testdir:varerr.go	testdir	NOT_ATTEMPTED	NONE	not-reached-before-wall-clock-cap	NONE	2	compile;match-diagnostics
testdir:varinit.go	testdir	NOT_ATTEMPTED	NONE	not-reached-before-wall-clock-cap	NONE	4	compile-or-build;link-if-needed;run;match-output
testdir:wasmexport.go	testdir	NOT_ATTEMPTED	NONE	not-reached-before-wall-clock-cap	NONE	2	compile;match-diagnostics
testdir:wasmexport2.go	testdir	NOT_ATTEMPTED	NONE	not-reached-before-wall-clock-cap	NONE	2	compile;match-diagnostics
testdir:wasmmemsize.go	testdir	NOT_ATTEMPTED	NONE	not-reached-before-wall-clock-cap	NONE	4	overlay-directory;generate-module;build-and-run-package;match-output
testdir:weak.go	testdir	NOT_ATTEMPTED	NONE	not-reached-before-wall-clock-cap	NONE	2	compile;match-diagnostics
testdir:winbatch.go	testdir	NOT_ATTEMPTED	NONE	not-reached-before-wall-clock-cap	NONE	4	compile-or-build;link-if-needed;run;match-output
testdir:writebarrier.go	testdir	NOT_ATTEMPTED	NONE	not-reached-before-wall-clock-cap	NONE	2	compile;match-diagnostics
testdir:zerodivide.go	testdir	NOT_ATTEMPTED	NONE	not-reached-before-wall-clock-cap	NONE	4	compile-or-build;link-if-needed;run;match-output
testdir:zerosize.go	testdir	NOT_ATTEMPTED	NONE	not-reached-before-wall-clock-cap	NONE	4	compile-or-build;link-if-needed;run;match-output
