# release	go1.27.0
# source	https://go.dev/dl/go1.27.0.src.tar.gz
# source_sha256	7002403d7cc44529ef6d26f69a44818263395ead7c16c05a5808ae047ebeb0e5
# license	BSD-3-Clause
# generated_by	tools/go-corpus/refresh.sh
# path	action	bytes	sha256
test/235.go	run	1596	a95b322f6db35f824dc9f1a1104780449392fb7f5c30f7a718447d5ada188a81
test/64bit.go	runoutput	25425	45fb94423aee1c75afb54ab44176a9f27bc17b47fb9f68a4b6adf8cfa7df6e04
test/abi/bad_internal_offsets.go	compile	1421	7076114b69c41033ed53dc8ce5c8691a2902e2df25125569c3d9b8a49239386d
test/abi/bad_select_crash.go	build	5869	b173fdaa1c3d41021738250febd4de5c8fc41ffe941290e20de82773c99977eb
test/abi/convF_criteria.go	run	424	aa8756422f6a0b7d82543e864234efc8d89e03d216ca6ed81d85e31b1a2c9d94
test/abi/convT64_criteria.go	run	387	252fcf76103b45fd4c43dc5e2e3a082533015179b30cacd8d8ffed92d6525e83
test/abi/defer_aggregate.go	run	846	57824983c0d2571f4ad3dde142369c20f462f53331cf03ced289e88a175c99f4
test/abi/defer_recover_results.go	run	800	97f1eef173f938a4aa6fc7c60aab3c038ba12bda2d69bdfff66476d1edd5cdd9
test/abi/double_nested_addressed_struct.go	run	1325	c0a9cb17532863a26a8ab2ba2965f849cebb5517bda55660e3e97c4dc2d643b1
test/abi/double_nested_struct.go	run	1134	8c5ad783ff28fa262a78148e1eb322d52b1d0e37f56efbba62f80332ddf2c5c4
test/abi/f_ret_z_not.go	run	616	25173a6f26ea416a876e4e3b2ef8428968bd7cf654868aaf7946d2c98301db12
test/abi/fibish.go	run	510	58605d16b751fa46c7e96b18e45f2fcb0dab3f29e3c7ec485a39115dd7a248c6
test/abi/fibish_closure.go	run	658	f6d53effae213ed4206d4971fcb26ec83705811159dc0eed320563406f73372e
test/abi/fuzz_trailing_zero_field.go	run	551	e46039f16325e2c1bf546cb6a8ee64123de3938a006e40229f67f84e2d1bcb17
test/abi/idata.go	run	2111	863e3c21d6a71aa53de259b807e258ea08abfa27e0af07f608dd85699633693d
test/abi/leaf.go	run	641	e6695963049c6c3bae099689e60828b43f1888f6dde186b1b4e90fcb02ec8f9d
test/abi/leaf2.go	run	768	48fcd4ca9533b178a0efd215ce9f4f5b4c1277395fecffdc9658fe06d11e7e65
test/abi/many_int_input.go	run	908	5e73924b1aaf0c7272234fab141291c30605fb6c2b398f181b47c1c67e9c16a3
test/abi/many_intstar_input.go	run	967	e9a98f0019734a30bffd54fc845cbf8c1ca23471c1e4116dfe581c6ce4c924b1
test/abi/map.go	run	557	7ecba4714e685b73e7d0e4a12a715469c2fb57a032b8305a6f97be60b3178deb
test/abi/method_wrapper.go	run	637	2360756d63531363e77ae43af34548a9fc7ff35e494f2a52c487d960887723f9
test/abi/more_intstar_input.go	run	976	b5053ac24d6917baf1a1d9f44f70df57f6b668aff8210f2a6074b0dc1bced3ff
test/abi/named_results.go	run	1389	e5f73e9c25b1c45e7e0eaa3021793f450522f8d6e7b14f163cf527e1acba2149
test/abi/named_return_stuff.go	run	1532	d49beb51024134369cb7f63c4d7bd9b26fcf4bae4eafa68bac3797c119d335d1
test/abi/open_defer_1.go	run	627	4b9ddce1b251c0e7b6fb77927672853384ae82214ebeccad8a35e90051ad2116
test/abi/part_live.go	run	823	cd23f44bd964843815c9aabcf07b07c1103aee5e473d29dcb05a1f3d9ebc52cd
test/abi/part_live_2.go	run	986	90132de20ce4ad4fadbb13c47ab9619767eb7d6b3adb472a8f952e5aa43d3c6c
test/abi/reg_not_ssa.go	run	532	03235e4e45bcc774d26882ec844dfd24e4cbab0c685528b3b42a3d84ecc7a051
test/abi/result_live.go	errorcheck	510	5f3d262a74774a6e5f2eaeee7a178cf3a138d99e3fdfa64126868e44fc717454
test/abi/result_regalloc.go	run	765	1a952d84d561aaa15befce822fe6d9409a5226bdf3cab2694906744f42e1f5bb
test/abi/return_stuff.go	run	700	aedb905022d17073f7a50cc47cb31f313d4ae13b44cebac0fce97f528d856eb9
test/abi/s_sif_sif.go	run	651	7e7ed56c01de57278361b84c8c58170a03a13faeaf6d629633ef958472b5e58c
test/abi/spills3.go	run	826	ad6db32fcdabb6d6a440f27ed4a71f63892863124256c2c9aa66cd10bcec899e
test/abi/spills4.go	run	753	a645e214d53295d07005f1ae417b59908d5397c886dc5c37ffec28154cc00f5b
test/abi/store_reg_args.go	run	587	17914e998d01c2fb08a5348d8d6d25efc524fa751f19e4d3442d8cff4dba097c
test/abi/struct_3_string_input.go	run	727	e9b63ce0b01f173659a38b45d877d4cf62514eb800f37a26fc9c68212b74789e
test/abi/struct_lower_1.go	run	441	3ea8b7d5b2ff29917c4a69d7f8e72158e92ede0ba3df745013bdeccd202769b4
test/abi/too_big_to_ssa.go	run	833	220694448d18300eab2685441a9048cbb4a60affd423e4608e2ac8ce8c1c7927
test/abi/uglyfib.go	run	1480	5d3e8c66d11524a46ebcbfc7df767a3606a2c5a30f0d2de753a352db6e356c79
test/abi/wrapdefer_largetmp.go	run	453	a2f7e21e1dd00d2bc752b8a69529a59bcb139056b520c17363c54dec48daa03d
test/abi/zombie_struct_select.go	run	676	c8ca3f821d5c3a56144ac4669715c65a0b6feb77df3c079e39977b4d49bef82d
test/alg.go	build	822	65db630144efaa26e18700602a97ba117e24d0ec1234139af4b8b9ee4ff3eef1
test/alias.go	errorcheck	588	045ed749fc1ce248fd61dc039a36b442a15e2fe668c763191a08a16bf9423e34
test/alias1.go	run	803	7fc2f1b41dd7a992c992218351b1c9711a8971487ce7a83baed89b57bd7f9cf3
test/alias2.go	errorcheck	2565	67029430c59783f0a0072e8f905f2f34bf222657e6de25ce9307567cbe866b89
test/alias3.dir/a.go	none	540	2ce23b42531f79b8d0e18cd3d6fc402fb9ea1d2077a1b8183df27b67afdd1b33
test/alias3.dir/b.go	none	482	772986a14da50b3fcce2015748a7f09df93e5e8b20dac8357c9667b5067358fd
test/alias3.dir/c.go	none	490	105b569e9e7ab51f447a744a9c90fa65eaf716e2507ecf2fc8929aaf2869e1b4
test/alias3.go	rundir	187	36a80df613d05ec5e5bb1c63d4a471c59097877860b28425f4ca303ed405b79b
test/align.go	run	603	a5d218bd8e2fed5f2623bfc9c911dc19e9b8781054769f3c94bd67f6f5c39c1a
test/append.go	run	9304	1b372f9acde600d171e9b0db13801b964f2d58be20e43238ec6ddc891f614160
test/append1.go	errorcheck	856	e20eed34363c56bd4180034ecfd146d36dded62f49e8b1dee43532b9bcebf1da
test/arenas/smoke.go	build	1652	d5581982f30fe5d277b22031020553415b80e27b618e83427213b7d9305b82ed
test/args.go	run	374	9c65782ad32e830b14cab7b0c823098771d9e237e9f32e283c03ae471a83c907
test/armimm.go	run	3944	fda730bdc3bbefe0fbdf47f78f59bc5f96a45f895131fb49b7790392187a5ff3
test/asmhdr.dir/main.go	none	1823	ed35f960e24721b3fa415856fea4b17636e09d2d42d75db5595f7279a830a3dc
test/asmhdr.go	buildrundir	237	021883ecec15d3f5f20d77b495a28daf4ac89bb52018b84089a947a317096b92
test/assign.go	errorcheck	1053	7e70e835c60a1d799f73ebb945ed4c7ef8b1dce91016c7278f451a7b864a758f
test/assign1.go	errorcheck	5686	0bc7a12f0a971504c392938e0e8e0b5dff92824fcba5294c398b769d5bd7e02b
test/atomicload.go	run	798	8a75a679a3d8c4d916f3e4210e963af255d3612373b929a266b1497fccf7a1f3
test/bigalg.go	run	2169	ef8c95aee8f8abeb3579b8471333b900a9eeab518d6b60effe03085a96febbf0
test/bigmap.go	run	2516	be1757ca05552921aa59210a3111558f524c3a5a0b970a22ead403455d7610dc
test/blank.go	run	2148	88685ef729b0982af9f643836363d24d1a856f47efe72df073ce8a6a457e82a8
test/blank1.go	errorcheck	724	d253760e9540bdc1d606ca35e729afb8e5466211288625b55f82bd338b1f18e3
test/bloop.go	errorcheck	2760	bc0798e080d0b2575a7eec1157e62488f6d589c8176d94a260634e9b91886fc6
test/bom.go	runoutput	406	42c0ce6129cb7869ca040852c0ca05afcec4e9417ebad658a46f9ea5c9142284
test/bombad.go	errorcheck	480	bd670af55bf23099f6ee81778acdf6a2fba6d82df728289b66c55c64e90f73d5
test/bounds.go	errorcheck	6240	c47fc4f1f795020bdc89865e9fa41911866a96536cf920010e85b9b93687c79a
test/cannotassign.go	errorcheck	1062	d86400887e218244b7d475f15680bd910f32b684980cc013921b4fd1bbbd1b2d
test/chan/doubleselect.go	run	2010	e42ddad3b22bc63d4706baef596dade8d367a5a274c15ef34b843edb8e788624
test/chan/fifo.go	run	896	ff13919254858830202c1a4263bf6a03a1ce709ad1613caf8dad1e99bf43fa4a
test/chan/goroutines.go	run	743	3e6f668791f534b58ef5fe3ec3fb3ee768a42da572cd02fbc5b861d1deef3ec9
test/chan/nonblock.go	run	4028	3ef670822e70975e44b928250b202241d758276dac6e89723897826d329ecd79
test/chan/perm.go	errorcheck	1428	564b3b617c71b7f36924cd941007defe9eb047ccd2acb9742d1e62a8209db814
test/chan/powser1.go	run	12960	b9bea76104bc94373662a7caf396ff5442961ed7071a32d599369b01b4c369c8
test/chan/powser2.go	run	13611	3922988a02807a382691ed16858d5d70f37820fae99cca419ec3630609bee72a
test/chan/select.go	run	913	0e24f058be8f05ab8fe63d5c6d99903a70c7802e1004287294ce5a0d199a75e9
test/chan/select2.go	run	1062	d7642f1189e423f5c57b65d76ea3153d4441e154176c64b73518563445b28f42
test/chan/select3.go	run	4170	b3fcd6ff7db96dfaafbbe55a6eab584090e9cb1e12ae8d5abc598c693b9c0c8c
test/chan/select4.go	run	513	81c76a2927b32797f15ba99c8895f787890060dafea570845ad9f6e3be8e5b9f
test/chan/select5.go	runoutput	10209	ad1913e484be13bffbda7c07522f64ec7fd9ffbe30288ca39e2f6a3781d79d98
test/chan/select6.go	run	783	951d568f9c17023404f3f8f0fc26e8630a36e493f4aa81227b5c8306d363900e
test/chan/select7.go	run	932	a41914c019db90f29b18a3371aedea4b4eb197a17bbc8d2f861925e851a1db89
test/chan/select8.go	run	826	556756557e5f7392fdcbd7cc3f4b7e8ba7df22622f87a90e75c857bfd6417e2d
test/chan/sendstmt.go	run	672	095b96535f6cdd6f82cef9031764d0634e2b446863df37fc38d95773613f1a35
test/chan/sieve1.go	run	1529	ddb8aa947eabbc8f11f759ed90d43e8e170ba14744b95aab5e33fadb505c5371
test/chan/sieve2.go	run	3978	29ff3b13ec95947d31f97d9a2fc378165c97581b7054b011017b61366bd7a3a3
test/chan/zerosize.go	run	349	690f0d35dac9b6643165724c29f0b2176a4dae8977f30ce73c2457588d265a51
test/chancap.go	run	1612	d1e8b0cf5e6a6cbeb5b9ed7e5c0b92ebc82b94285c2a78bd3311a6a6d1a33687
test/chanlinear.go	run	2172	72959245dbb2cb03eaacf5425a2a69dfcfab36546ab3a712e67f7c29d8d74f8c
test/char_lit.go	run	657	a564a0a6031ae143fafa3b03b85214d69354cc5b7bb63baff20335a981dde053
test/char_lit1.go	errorcheck	822	da0e5854c860c2081cd0da3ddd3c2b59f9547daacd00a7bbd668a987d6246100
test/checkbce.go	errorcheck	3537	fa6587bdbc739c50c46c52d1afe5e3949ad832c80dcb1a32eb7f2b91400fdb7a
test/clear.go	run	743	06213c5b19720ad376715f3626eb05e49eff900850274ddf6828feac91e8aab6
test/clearfat.go	runoutput	1177	92ee4ea76e79774b5558faea79bf5a413254dd038a12f3e003f49ccef71aa701
test/closedchan.go	run	5933	2abddeef3d3c1326c307f1e9b9876ff3312111295cf4e1ff9e9a5abbdde6c901
test/closure.go	run	1728	0c216e3ca8f86e83de1a62f6ff3ade5db4f14d68c47693c6cfd4b563ec5227cf
test/closure1.go	run	280	708393f8219fe46d577a9dee9bfe48f323205c03fad7e4405f0bd27dffc419cb
test/closure2.go	run	1915	1d2ecdbb24c896cebf3e066c3fec79bc8cd84b3d44a6ef5636b8e18ba52f89bb
test/closure3.dir/main.go	none	9700	98a6c8a31ada2f3087d4f7ae27701f370fc7ae861ec2dcedd87be99b6d411cfe
test/closure3.go	errorcheckandrundir	358	2828436259c2298dc4075632650266f10f23cffc7182f745f69827d4583cbf34
test/closure4.go	run	364	f36b1a13e0d534e5acd4a7c2a47d6c9b90ea99d9854538fcab24008adc98a087
test/closure5.dir/a.go	none	375	9fe18733a49b12140e0d513f600e1fd19a01801d2bc5d38908875b921f791955
test/closure5.dir/main.go	none	328	b89d3ab905ec4309d68255a23b9038d40737feb1768a1f73628b48c31ce8dc82
test/closure5.go	compiledir	280	0f0e9a328a6dc581dc394d9fabc86827f5456bbfd6f84646fea148f6205b01ef
test/closure6.go	compile	346	3e57d01a327dff91ab28130757d527f890a17ddb72b2eb0a0c4bfea056e7e345
test/closure7.go	run	373	843f45e3dd15d983164445b13d336657029379bcd9e5bd0f87ba2c0696af1055
test/cmp.go	run	7808	7c0056a84c7ef3579e365d4c50a23b4b8bb110fa8b77bf560c9b4b7f313173c9
test/cmp6.go	errorcheck	2213	76fc252b280713d4f9ff14a6f21f2d0b5983fbac753c535db00bf68a37116798
test/cmplx.go	errorcheck	1427	1ab92b929de95839fc8fdf9b009c1fe40dae04bf2516ccd811cc49a8be9b7c3a
test/cmplxdivide.go	run	858	a0378f2eb4448bffa6925f45b05a69b0ea2bb24c6e290e2991da71f7b975ebe3
test/cmplxdivide1.go	none	246458	79e18b095b65e63857d8c522700a1430c8eab1c0c66a043f22b63ef9d6da36a9
test/codegen/addrcalc.go	none	324	649ec4442645db68a0a3f6c22b29e7512824f0b71e999b16970077343206adb4
test/codegen/alloc.go	none	1391	8e83bb69764b4cad69f05d68bd7393c2788146f315f64f87e36735870458e851
test/codegen/append.go	none	4183	60c7453a5d78b264ee59538b38e0251d146b62be1c86adadcbd8b4cbecb3c73e
test/codegen/append_freegc.go	none	4011	5fac06f07e65dd0da075435fc3d9375c05dfa8ea96b2683a8de213c681a6bb3a
test/codegen/arithmetic.go	none	19862	34c4f02b9120053c0c90d36c7c313ea9bbe25a3a8afcb5d0c9e166a0763b0627
test/codegen/atomics.go	none	2573	89e999bcbbb7b0ca121d34c0be201e3c0cbd9a40262800c7b64a773d765c897a
test/codegen/bitfield.go	none	10116	5087764e7505f582c80930d571d5a9dca70042474dae21088efbd1fc4543a323
test/codegen/bits.go	none	15544	ec6a865b53900a340f98ef1e786c73f499ebb0d9bca6fcc42226181765260ece
test/codegen/bmi.go	none	4305	7d806f7e4b852a199745989921977ae579e4de9d3ac642e4a862fed1d1501e77
test/codegen/bool.go	none	7584	44c8660099af17cbc34eb6b686e65eba80636d670ce0cc8a2834e902a0eb8314
test/codegen/clobberdead.go	none	1322	5027d2f3c4449a2611611a0b53cffb2dc91d1c6033ee69cf2e680876ba92810d
test/codegen/clobberdeadreg.go	none	1288	752d2ef4e3a0e8d53b8b11124c5c5b83a34ec910fb36c6d413e8437969a64f76
test/codegen/compare_and_branch.go	none	4676	089cfb9d3056086d45f27e1d5129788dcc3fcad3ae272b47d70bdc6750e6791e
test/codegen/comparisons.go	none	17671	24402b68b6c998ccc37d2ee22aabe6ecfeb16ac0dbd1d6187144fbded75596af
test/codegen/condmove.go	none	14342	e9c45e9eaa2900224203d9a47013ba6d3c396089906fa807907c19011036269a
test/codegen/constants.go	none	1283	50660c69957ffb4697f9dc4dbba687b81da5c319bad2bfb1256f6188fb27659d
test/codegen/copy.go	none	3288	6591ba0f1d6065f4261f74a0273a4c77ad76a4ede09fa5ae5a56818c0465eb7c
test/codegen/deadstore.go	none	660	7e02e7ff53e66ab1adbba6d8bd1c26dd866773121d33a0d34ead3424fca1618e
test/codegen/divmod.go	none	26203	08e7fe1ea30f32c965681ad93bf81778eee9e1562b359c992d30b99e847ae284
test/codegen/floats.go	none	8613	da51deb3660ae59878dc9a4c8846a2821f4700f26cea62e4926d32d14ffff4e1
test/codegen/fuse.go	none	9738	1e2fe35abf92c71db3d96e9963b2d299ce1441f11dd070f1f3a1d0f4e872790a
test/codegen/generics.go	none	579	e7e072d5a109dc44af5a0db15e4c28b8aeba97ff1433dc78d59fa69aed2d021a
test/codegen/ifaces.go	none	1200	15b2a2408043b480aee05c98b15b204547fd48a6d33300674a8b628d2483db9c
test/codegen/issue22703.go	none	5560	86f69abf3faf625fc758759b4afc20a563a9dcd8da61a2c7244382fd1be81d75
test/codegen/issue25378.go	none	443	35c72f6079f74c13419b7e3c0a184a8bda45051b032ec5f73f9f7baf84ef4f6a
test/codegen/issue31618.go	none	504	7546803c5a0a6eb6ce60af428d08b758567e8c187e457d906728d2965b24f023
test/codegen/issue33580.go	none	459	3efcd8c0a8d944623fefb7712b768a90264e93922075feaa7cdb687cd894b9e3
test/codegen/issue38554.go	none	355	d98ad6b660dcb210394d527d55fe736e244fa53e5637dcbef1869cb4642ef63d
test/codegen/issue42610.go	none	623	2821acbb6c5db81b5695870b0ddbac1237a4c43b33059779ad74e4c785dff211
test/codegen/issue48054.go	none	464	e7493c2dcab93c3a96129f34d8f5be4a4f1eaa70cd8284e623937254b68d5d84
test/codegen/issue52635.go	none	1034	b9889203d705852b7f5e4ad4027fe5d4ab8b951edefdf9082417ecbfc295faf2
test/codegen/issue54467.go	none	949	0625c9c41cec2c00850b15151100a81f002aafd4f846f8e0d0eb7d20176278d3
test/codegen/issue56440.go	none	693	5aa343b9ccfef4abe8974c2404cba2057de6d4299c5368ad91ad37e166b1f4c8
test/codegen/issue58166.go	none	560	20e8b9f183fbbdbb86d1567cf8f57bde54ae06c80493d496e4127cccf5bf9d51
test/codegen/issue59297.go	none	296	d1466e1538ff59dd2614a88c830b51c784f1f7b3222cd9480381448af7877aac
test/codegen/issue60324.go	none	738	f14c1edb7d88d5866e085abb80ad7391ae44dffedc4ce106b0ea52b8fd6b24cb
test/codegen/issue60673.go	none	358	3370365319a532fd2f59d3bc2d8302a0a45ddd5ed2b7c24d87bf56d9b25c87f5
test/codegen/issue61356.go	none	1131	6f5ec165a9441b6172e50f3bbc3003f96c743bac7549eace068389b54aecdd87
test/codegen/issue63332.go	none	264	7ed4d2b5643ca82221d05c06ff1ce7392346d619bca2c92d45f5eaba37f92b42
test/codegen/issue66585.go	none	342	7d60905d6986c888cf94b24ec162ecc0b522b61412e38a29518686e6fd132a42
test/codegen/issue68845.go	none	693	f255a79887553cc2c056c58536252293ef98c79c3c28e4289ee2d5b7b1da7b75
test/codegen/issue69635.go	none	304	950bff7158b1dfbd2a1872b33f86a1c0da7a2ee0c5ea261dc9a120fd60dc6247
test/codegen/issue70409.go	none	446	123eae436224dd893238091b9d64d33b283054051ceb933c188de8b846ed1409
test/codegen/issue72832.go	none	788	6797998e4b78adf55617d3bbe405b6effc98a1e59cdbeb3a7bda3f697a98358e
test/codegen/issue74485.go	none	884	0571a84cfd76c50c010ecb04220118f9188e4704a087b4cdaae786cf255cd26b
test/codegen/issue74788.go	none	399	6836dd2b23d047c10fd4e43dd5ae3a5aa3448380dc7c6ed98d06309d20a70714
test/codegen/issue75203.go	none	460	9c1cbda3385ad50d56708f70cc2cf2d54bc41dcf76b43a7a1e9efbf1c7cf2aac
test/codegen/issue77375.go	none	514	8c7ca26c1d58861f41888fad715495ff9bf681fb53d9a2335b932bbd67855089
test/codegen/known_bits.go	none	770	b4e22bacf67491169ab27e0604d98ea0b797a2a7b561d4049a822187180e9a09
test/codegen/load_type_from_itab.go	none	497	78d93314978b3b071317f200f17b322f88d9572fee134582de756615fc6207b5
test/codegen/logic.go	none	1082	d2a775258d0addb971456b70f4d56cd12f631a032e40da02f9b2e0ef086cee0e
test/codegen/mapaccess.go	none	9333	4c9f38ae1a5e73239948a73958409533b0d8a48b5465966eff651224c8c6bd05
test/codegen/maps.go	none	4819	3f71d87e847b8b7e2a7436281db846bbc46e22fd3597fd92509fa3f5eafec24d
test/codegen/math.go	none	8914	a96f84dccec3c219fc7be1032ff765400ab4dcf1a85db0022a19d21c79cf13f1
test/codegen/mathbits.go	none	23460	bf145d014290c3ae42fcbca06e15167efc5e4e6837b0068f0e768b534306923d
test/codegen/memcombine.go	none	33461	0ee7076923105b045c4b74d1b5d0d13c4447f7118cd15c10e36c32f6328f360e
test/codegen/memcse.go	none	548	6f4e21504ce4cf736e3426f551f96f9589f08140df8cd3712574696a03103051
test/codegen/memops.go	none	12632	279b559969ca2e2459dd8a9978e0861a70fad7f0a767079abb4926259b8f93c5
test/codegen/memops_bigoffset.go	none	2503	a45cbce56798f4b9e1889628636338edcbc0e971434ca85a60c46fcc904604c7
test/codegen/moveload.go	none	783	072ceb8c8bc8add35d14a4d7dfa9863e49a90c5b8845007ce5abed1db5c671b5
test/codegen/multiply.go	none	9048	7ee31270dc389d7f5c74e85558f1910251f4aa8ad0f7e89de3ae98af6c0e3a80
test/codegen/noextend.go	none	5433	55d452809151c8f68a12f3ee0e806440cfc711d5d0f575b7f670580302f8758e
test/codegen/race.go	none	651	c69c3b15aebdc0b9156e547627db0f4bfa08b862c6f561caa9163a5c0415e092
test/codegen/reflect_type.go	none	486	323671cc11ca1c2d41e313d676f6a4caa615b78c5c72e833b3c4cb7b9faa16ee
test/codegen/regabi_regalloc.go	none	482	1dae516c1c11ba7b4ed69c6ce9d391f80d876323012dbdd4b5ef398890b3033e
test/codegen/retpoline.go	none	578	1f989e36a7fe6f991a1b43e1b9cc29fb488e511c0725437c8a1b0db3fb92e9b4
test/codegen/rotate.go	none	6045	16c158f5b6bde109188f1a4d54c1031779642320354ad3cd25328b94b2a2f89f
test/codegen/schedule.go	none	709	fd341d21643fe7222bd550ae7791436308d4e935b89afeed49c23bc63b5104f0
test/codegen/select.go	none	372	f300ab7782de84eaff67a1df0f50da60cee02101e41b6715ff8625807108fd59
test/codegen/shape_assert.go	none	2625	f98205ccd1ec7a5f763aa4044b69cd94f1cb5d624d43a223edb2f81524f50723
test/codegen/shift.go	none	16341	84cf003a9e30b115f2ec9aa7aa6041d585f7720d54abb3670c27604a043a85f0
test/codegen/shortcircuit.go	none	368	31f3bce8a72e4e86da10140cd1f2cc8c2554caec3e2af2809613799b67d2f1ab
test/codegen/simd.go	none	3707	04bb1cc71625db33e76bdd1e1985480edb1296a69824c12445ece3bab7cb1c5a
test/codegen/simd_arm64.go	none	4248	f53d4c706897187b9297c31ebf7cbd4863bdb8d6219098a8601dc67a3736491c
test/codegen/slices.go	none	11019	9b13f19d10efe604c0facb1d2622fe50db8fc591bb6290526bf48e79d6d35655
test/codegen/smallintiface.go	none	497	60c01f3751ae1cec16e3c06ed96797e309e44f1cd1c972d9d9be8b31677f3ab3
test/codegen/spectre.go	none	734	1ca44ddefe28403fb1ba33c404771e3d60a87bb010392de9fc2afe5332f73bf0
test/codegen/spills.go	none	525	bc97204d6489defd9b3eafb167b1032467d6836b8f8e5311568b9a9d937b9326
test/codegen/stack.go	none	4085	ee5b3cffcb42e481f1d51d7d05b62f2f3347d11df9b97c4cf0c8da126e197424
test/codegen/strings.go	none	3297	2d6e48ed92527b0b7be38824c22867346262c26bf474af8e4cd16f7da17258c4
test/codegen/structs.go	none	915	925b4bd8c4bff726296eb8983ccfd0a6cf20e7302664864928675a5b708a3df1
test/codegen/switch.go	none	6798	d97759114511909d049ffbf489894a9a1e831858b3aead56daf52bd09c954e5c
test/codegen/typeswitch.go	none	1057	92ceb2c48cc11489b8430b06d75a2023b2dbba8fd8e3ac5376161fa7a3014de4
test/codegen/unique.go	none	531	b2316d403535fa6e4d57d575ffe31fbb71b7af2f40dcdf7d979701fd71e98a54
test/codegen/unsafe.go	none	394	2225c73e1f31eea7fa2eac23b29fdc7acf1d5e3b6c1f8701e6f274da3877ba47
test/codegen/writebarrier.go	none	2611	226c0bc7fd8a50526968d1266da6dcb2243604e659aee7930f4d2845e3d0ff69
test/codegen/zerosize.go	none	1133	3c1617fdd4c365eaf9b391135bb1fd9d874d839f642f20a30a5aeba67285ff9b
test/complit.go	run	1750	390abf72453736faac2f583050eda51d1db88a2584b149d1a17646a51ebe1c78
test/complit1.go	errorcheck	1686	1adaf8c68f6fe38c05ae133317d79086de1537f47f38325c81ce0bb3ec9a5877
test/complit2.go	run	634	391bd014d99f86d87b8dfad0045eccb1a34b52559c028e9af20c3621351970d0
test/compos.go	run	403	1d73eaeae64a78f706e1c53615913f8a4cd70f5bc297a0d4aca1cd6edc921924
test/const.go	run	4896	4c0e487558e305fa2cb708f11ac9f7964f3b0b23a5dec26e51116cc3ead52b91
test/const1.go	errorcheck	3881	e734db26debe0770be23b7b05fb21ea9eefd82d2a94989014157798db50fac85
test/const2.go	errorcheck	1008	61f8739583d03982bd5f24c4dad3cc517ac67732736d5cb26073c77e75d6a16a
test/const3.go	run	659	e9ee68c5a8cb25a6edfa6ed6680dffde884c41f2affebbb42b853504c9e0dfd1
test/const4.go	run	1307	a20912494d09e713eced4531fd9463c0725667d670ce3260b0b28427c3293062
test/const5.go	errorcheck	835	737c081d3aa150da0c9f4ab7824b74c08a2020d6b03e195cb8a932b8b3bc23fa
test/const6.go	errorcheck	834	c31c38d90645a0056688ca5b61e366c25c0bd9a7cb330296536f61c32eda1021
test/const7.go	run	1974	eb58f3497ff151b52fec7b811af3d40efbd75045582be9ad9e25ee800634f48d
test/const8.go	run	727	32ea05656bb15925ac2aa6387de7c7bc6039c87a712a339b1f8f77ed25b8a032
test/convT2X.go	run	3409	4ce77c3ce7ab554a7ef92c7eb4f8452558f2fa11749335bbcaaf64b8ce3078d2
test/convert.go	run	833	434f08deff4429782504c04d85c71fdee659eb59c1c135a2b2da0f056bd5f1a6
test/convert1.go	errorcheck	3491	3c2193219db589dd27837eaa5fcdd4494d5bd284d946b987c09e03ac12ff4078
test/convert2.go	errorcheck	6010	9a2964f16bdea8fbd838b9e63b6ffa03c0b43dfd96cbed73d785aa9afe477f35
test/convert3.go	errorcheck	544	f9698e06cd570e66ff475d6298c1bd617aadbddd6603c3a40a186a86495d9929
test/convert4.go	run	2141	871947ee51379039a38ae8df5393140428627cfc4cc991d89fd92cd8019c5fa2
test/convert5.go	run	6865	5e19e2641db072bd9c5c3e094b874f87a7c33388df72c585ea2b1a121fc6cd64
test/convinline.go	runoutput	4837	fb26624c908e930bf612048cedc8914be8d4b3a8c84298230dde8ab94b382df8
test/convlit.go	errorcheck	2451	493f3329008b0c0193775e80d3279069a8b640f88d031a05bb1b54e3dc85dcb4
test/convlit1.go	errorcheck	458	d7e12431df22728ade89b26ffbd83bd6cd9258d8176aa325bca310b003810c9b
test/copy.go	run	6759	e6ec5740b54c62d21e244e9a85b69e76b7e873c5e6c75d3ab630f05f43a5d1a6
test/copy1.go	errorcheck	878	867c6d3b172ba0dea87e6d64addbe83d047ba5764cc49d8d598bbba644469b49
test/crlf.go	runoutput	782	56cd1767c11fad55daf24035d631be806b4c628120a3864ceec91f770e4ed3bd
test/ddd.go	run	4330	0e9c86c4eadea76c23722194f33e91e2a1b80795fa175883dc1ee8d7003dfebb
test/ddd1.go	errorcheck	1744	12640ecaf6aef54613a0e7ccc8198456704c04874f445f6ff8c0c58fa12da854
test/ddd2.dir/ddd2.go	none	316	41e9feb988affe17fabda3c9d369e0c3297a1b3319c30d9db75de15edfc17f40
test/ddd2.dir/ddd3.go	none	583	a05faec25cf2c671e3240c0692768e9b5480ffc0929d53e6d4cdf326b59f3752
test/ddd2.go	rundir	252	b24df2fcc3aa96d0b87510dd5648a90adeba42e1fdaa2ad7ccc414f94cdef3c0
test/decl.go	run	926	60713e67455409d54890c5a463b8775eade1b037ea6d9fed0a495cc7913f09dd
test/declbad.go	errorcheck	1460	c65ab107fc93b11377b3a00c98762fc73aec22bb09868e82e5d0840a14b19bd7
test/defer.go	run	875	6e3388a078302a6c42dc1fc97b7608b79309954948b87314318dbf4fdf82992f
test/defererrcheck.go	errorcheck	2454	6f8460115c1719325371cccf05be5f533ac3885afac5ff62cfa3decffce7a020
test/deferfin.go	run	1080	12966a290c50a193a8ac55178be7f7470a503420e7a83cde0c5830b46ba01f01
test/defernil.go	run	563	c71c2f98e6c7882c599d102b2dbd201aa29e413256f5ac38fcdf0abb8d2b3519
test/deferprint.go	run	586	3306f2f34812bde52021067e24c802a2823cbf7d578b93604b77d0f240b58e45
test/devirt.go	errorcheck	574	9420764c5be99ae933860810f1097ec0a211abd221abbc631a533a79830501d8
test/devirtualization.go	errorcheck	35892	418239d0d064ffb0e5122fd9a7afa812b3aaa4a185a3ba5b217b60bba45bfb0a
test/devirtualization_nil_panics.go	run	1769	4064212008e7cbbe9a146e136b572c1a5efdc4b2abb21c990a4d31fe826fe963
test/devirtualization_with_type_assertions_interleaved.go	errorcheck	5465	eb4511cff73d6b2a50560b0719fc772b1c76d8107d79a567bab2a05d36a21c73
test/directive.go	errorcheck	1083	4a821c224f7a97097bd13b7180d7c9b84c395e98c7c90502c3b9c948ccf4300e
test/directive2.go	errorcheck	1186	f2fc7da9e73a78b48b97e6a5b4a76c7d971cd78954a0a0416a52992c1b1661d3
test/divide.go	run	1249	5accded2c9c9f4aeaa305113a2313ba375bc879852e810ac3e737d50115014dd
test/divmod.go	run	9501	630b59c5e2fc2570b637cc856e94f48c32c52be217f5b65516be1f1aa6a38d63
test/dwarf/dwarf.dir/main.go	none	477	3c2228a15e049b37a7a5adf2653da6285c61c801bcfc562b5c585c86dfc5205b
test/dwarf/dwarf.dir/z1.go	none	43	4123a135f28e2fd34ab8f7b6aa7a5b276dbbd9685fc95ced6fd088ec925eb36a
test/dwarf/dwarf.dir/z10.go	none	46	ba59464aa3a8f3401a5e1c1e171406fbba4b20e963a5f5a10f4d51e2df5988bf
test/dwarf/dwarf.dir/z11.go	none	44	0ad32efdf5699e4de36b2900f3920f2cebb583d4501be84bba4592022e61abdd
test/dwarf/dwarf.dir/z12.go	none	44	5091a883e9159540837bce7a90c895222183c672df188aa902906a36ad7c037d
test/dwarf/dwarf.dir/z13.go	none	44	5318a57be020511a56fc82a981b4050808af5a9494b1e103d1ce0d0f36f94038
test/dwarf/dwarf.dir/z14.go	none	44	ea22c2e8723e62e0bfc2619487ae402efd29a789c44e1f996a6e1c3652bebd3e
test/dwarf/dwarf.dir/z15.go	none	44	fcbfa084de877c98ffff03d31ac0eb7447798a92b020f440d96631ab65474187
test/dwarf/dwarf.dir/z16.go	none	44	a86f4941f2b4f462097a7a5c571f7c0eb07cc9c3d5009cdc9c6356c7d50edd7f
test/dwarf/dwarf.dir/z17.go	none	44	c6523a9e29ad93d204165bf266b8e2fcff17698aef18e047b0b0dff7e1467fbb
test/dwarf/dwarf.dir/z18.go	none	45	c52f56f67ef4a1daa75d9b140883b9cf2cbc1ada8b001897ef5d90b53448731e
test/dwarf/dwarf.dir/z19.go	none	44	5a3e8bfe697b73e7637a830eea30d4fdd7bc446b33cf25b9f22b47b2ff14dedb
test/dwarf/dwarf.dir/z2.go	none	42	f965f189b6ee69e9b03fe5a753385c6f719edc4811f985291725b6414c4b75b0
test/dwarf/dwarf.dir/z20.go	none	44	f3959c530d174b003a5dd8704ae41e6ced67146f10f5d960748770f6117f5c0c
test/dwarf/dwarf.dir/z3.go	none	42	a0ebf501ddcf1c370e34678fc5f6bdc8b9bb914840a7cd0e25bf7d93a63097fd
test/dwarf/dwarf.dir/z4.go	none	42	efef7ccedfe217ae638368f84fdf4ef650224473640c46c2ed143ca4e2ac0f46
test/dwarf/dwarf.dir/z5.go	none	42	12e5a9ce89d662e46721259053d754e0a79b8adc24307f9277b39de8fad23655
test/dwarf/dwarf.dir/z6.go	none	42	616d01a31187348d0729a988b6164755c45a76f3f944083a0d6fa312507f58c1
test/dwarf/dwarf.dir/z7.go	none	42	0167304f3583f85fa862c59dd6c47cce635849655330e55b70a3c204ebb03874
test/dwarf/dwarf.dir/z8.go	none	42	8fc9988c8cc72b426eb890b85f952619cabc4cfbf6fee58870cf654e8ba21bab
test/dwarf/dwarf.dir/z9.go	none	42	73fbdd78db5b8bd992e114444b0da40b16e45e30581e23b5e3ca0eb84f99ebad
test/dwarf/dwarf.go	rundir	268	46d71215a0eb64dc552f61c77fc6c470367be1cf106178efece1a63067649444
test/dwarf/linedirectives.go	run	1507	95dc9d2cf56adbacd4cd3e4d3ae315615ea4fc88cb48a0813f2695f77c762f9e
test/embedfunc.go	errorcheck	308	87f2edefb9b54f7e753b4d8c2ce234d08aafbc5ec1fa8c358fd87614b989372f
test/embedvers.go	errorcheck	292	8d5cd28d2476468c78535b84c67fb8d557651cc3409625d135159da6996f6f3f
test/empty.go	compile	316	589d56597b5e9787b37936eaa5be45c063745a7efbd4c242a1152d6358b025bf
test/env.go	run	549	1afb018f6211b188359f4937b02e2774611ee14b5e1905671e6dd9992ba754dc
test/eof.go	compile	308	10852e8b56a7b420d65e167b1691294f364343002684183663e35e592549a736
test/eof1.go	compile	333	62c7ba6e30045cf6cb2850ebe3dbaea3b2afc259cddbee9481f10e4009bc2c53
test/escape.go	run	3895	4e5a12c221eabbcfc8da0d1a63a6401572461ef66bf678393f7c18b3a81e6bdd
test/escape2.go	errorcheck	36088	4f86be5aa92176a52d9a6e49ab5e4be6f3c3561a04a14afabb68d3a08b3fd844
test/escape2n.go	errorcheck	36117	5d89bcb241cf616e6f80d13b218cdea75c724b97f496437fd01318ab910cc465
test/escape3.go	run	524	9b508df443ceaa82b998e2f70427f34e891cc8617a3654d8c25103137400571a
test/escape4.go	errorcheck	1448	5a8366ba3098a8731a66e38143238e47b9d114d73a17bd91f85f2d8ce656b1fe
test/escape5.go	errorcheck	5441	734ca90b0e4989a89479c933d029f3ef41dfc800e2da3300a166025feb505f29
test/escape6.go	errorcheck	1295	a72df82ef8abb0a43aa386999606a227af5c431cdeb6674423990e030051d9a1
test/escape_alias.go	errorcheck	12978	5e2aaa126519d0dc4db804cb456f0cc039570ce48cdefca09c4d5877afbcb195
test/escape_array.go	errorcheck	3727	b28bb4186e5ba958e396282f71cf527310dd52055020685a98276d3f9a3ed524
test/escape_bloop.go	errorcheck	1733	be75dab5abfc8e80c3e2882301d8e38445b45af178143a820e616bbe82739ef1
test/escape_calls.go	errorcheck	1697	764ea6ad4d87339b80416db88b6644aa035adeca935c7e352b05fa6baee7a057
test/escape_closure.go	errorcheck	10901	325802b1a991444ed7e644d453290d0faa805e85d9f78f9438de822aec881fdc
test/escape_field.go	errorcheck	2988	4f4453792b28d6c13e6406783751c25b11fd69116f3beac0d7a8263b2314dd57
test/escape_goto.go	errorcheck	677	aabca0bc6e0dab9c8623a037aec099234ca290770e0813a6663172632241508f
test/escape_hash_maphash.go	errorcheck	368	7698e8a9e373dc90bb997f5f54ed1348f36ccf2fdff8aedb32a1e7e9830eaa88
test/escape_iface.go	errorcheck	4637	cdbaa1b8a8e8d1b0ae21b586014646948aa8122bc3bb9f42cf671cf8155ff188
test/escape_iface_data.go	errorcheck	5035	7194678fa3976a632fd22a1467943ad01dcf2ba1adc68c2ff0582f3b15dc93e9
test/escape_indir.go	errorcheck	3388	0c260fb8ac83b4daec9922542046f200ff14fa533c0f231309d22f15098fb6d4
test/escape_level.go	errorcheck	1829	4c22f1897fcc4ae65ab133692df515311557f2e426bd890abd35723f29233be0
test/escape_make_non_const.go	errorcheck	3423	4f0471f8390addf3c75fd05edf0975469044e1fe571f54ec954917ed4dc0813d
test/escape_map.go	errorcheck	2898	c9ed6f74d1ab42a77a8987053da58bc02da3d010097e24d40fd62735ba613064
test/escape_mutations.go	errorcheck	1838	1604b5f447ff23e20a0e6941fc369030234f87242c15e4d714b2142b33290b7a
test/escape_param.go	errorcheck	9111	a0d6603cb3aa9ba54dac550f0d46c8711b6140d34f37a516f4881c9dfec51feb
test/escape_reflect.go	errorcheck	13382	a487ab4ddd06c1d368e6d67ef7c749cbaded0bf440eb11f07c5928b1d9e3b2f4
test/escape_runtime_atomic.go	errorcheck	874	8f036dfa71172338d51ca3fa21af861554c5f19a3a180795c4951934d63910df
test/escape_selfassign.go	errorcheck	538	c9bbd0aae554966a940cf893e3c371ce0aad61b68e2045f58dc160649c650073
test/escape_slice.go	errorcheck	4235	09b894daa7084a722b5d212980b36f0cb07e8761b7039a321da8443ae7771568
test/escape_struct_param1.go	errorcheck	9116	70a10e350aa70ad63078c5517c48cc16fe2d4956584de3e58e8534dd6cbe1bfb
test/escape_struct_param2.go	errorcheck	9153	25a27b18896dd29cba26edfb9c2fff1b96bacfe32532b0a9ee68c21ec18e2aee
test/escape_struct_return.go	errorcheck	1070	4d784113b3a0c6018773727e2960003f9983c9a2f23e964b3625d74402d0cefe
test/escape_sync_atomic.go	errorcheck	943	d467529c5661c8156f9977381650dd730f8e13e5d6cbf876be184c8b006f0fd5
test/escape_unique.go	errorcheck	1479	5cca2fb53c12722e734f35b355bfc94bb8648d98b6378cba69b8156aae5ed38a
test/escape_unsafe.go	errorcheck	2217	e3b264d6d85708570476402f78ac5a16c9cc2f56a2d97905a26ba2aea4e7ebe7
test/fibo.go	none	6428	d2802c799715ff36eb496e182da734f2917e8325b0a1ddfa53e634afcd89da6e
test/finprofiled.go	run	2150	0b73be67d71e1f8bf4d77b6d53ea953997dc1c036a9b5f62134550fd7de85cf3
test/fixedbugs/arm64bitfieldoverlap.go	compile	412	a993fe45fa36b0512d8e8e0e48e072d59fcfc05f24c83cd3c6f71bde4039bb14
test/fixedbugs/bug000.go	run	302	77167bd3be5e0b3d9dd61df052cac6359890720a760c40ef383b4e5161c4cb2b
test/fixedbugs/bug002.go	run	281	e9a4df2fccb6edd00aa793bf35703376b1742195f04949cd91f07e1354903084
test/fixedbugs/bug003.go	run	306	d215b27bd0a23ddf1b696a3b59ffd7fc3231294c9c078cc6f227597065036dde
test/fixedbugs/bug004.go	run	300	7dff42dc974c77007ac24a4b22517a3ac5b09b156fcbd61ab9a4565b6db44939
test/fixedbugs/bug005.go	run	325	63b9da2c5861e5cdd3909c2c5c704d4eb0e60c37970dcfa02162c5cea9768a20
test/fixedbugs/bug006.go	run	350	b2ee6f29e70fd59543d6ae5289e98312754c6965e0a5d85c7b4c2da3d5edcec1
test/fixedbugs/bug007.go	run	481	88b99ee043cfa7287729b07caac15d9115fb58488d203d21123de37f34cdc6bf
test/fixedbugs/bug008.go	run	405	ecf558ee8721afdea2889b5fe6cc68553d9a929a8c7c9ce060b57b1d8b3900b5
test/fixedbugs/bug009.go	run	357	2cbc164e9acd3625e3b889978cdd1600a544da46a14eda29bac6b96a3ed5258c
test/fixedbugs/bug010.go	run	450	4420023f49da763e3160e16facf70c845745354f435a1e4dd4410a7bf705d0b7
test/fixedbugs/bug011.go	run	460	b7b7db2afaa82d96818f812d53f862ce60004db31bdcfe48ae2e57bdffe90b47
test/fixedbugs/bug012.go	run	756	0adbfc4cba81f72ca7e9e9d5c109a2d7aae21308916b45d1cb3e2346581cff2d
test/fixedbugs/bug013.go	run	411	47e10145c4de890508773337288bef662b367e0f7788d9aaff86cc3e48440a1f
test/fixedbugs/bug014.go	errorcheck	416	87abce2bda8f0181b1fa8ea503745a99ae51dcc0e83900a969a625f9873b13bb
test/fixedbugs/bug015.go	errorcheck	269	f03e390b82737d7a41a3047d71281d3cce2ac4d1b562cd869b36908ddefb0518
test/fixedbugs/bug016.go	errorcheck	410	398f99c873b33c429ba99d4acc50775b03c43eaa0a4c52fd783c782d3c8e7838
test/fixedbugs/bug017.go	run	888	e410ad9b6468969120cf7ec1384348140702c45471237bd93dbcc552dfb02b43
test/fixedbugs/bug020.go	compile	486	2d8e767923928752f70f07035bfc4e65d786f0cb30e6e4a4b43cf86b94d55031
test/fixedbugs/bug021.go	run	235	b3be5253ebbdbc8e8aa5139b71adcfaec3edfa5ad284e8ca0dc81afaf0e9f86b
test/fixedbugs/bug022.go	errorcheck	534	3154d534d98589ba027a0a7ea2209744047537e177436a0303552e177bb3c605
test/fixedbugs/bug023.go	run	453	e0e19b3d2e97cbed41fe1bad89ea0bc9a09e282d80dc7f1929a8682789f6a73f
test/fixedbugs/bug024.go	run	389	414d770d084f0922aad906f8855a70ed192b33cb19f117bf26f27b2242f29ed5
test/fixedbugs/bug026.go	run	447	797a352c723f271096775208ee0efe49501a2f214f72cfcc1dda05b68a819008
test/fixedbugs/bug027.go	run	1226	f33a5af1c18fe9d60c13015d0465fce775a180ed6d6dbf948514ab52cb761746
test/fixedbugs/bug028.go	run	416	1273a3b76159e3357a7d8c00c36ade5134f213933f824ffa453480a1d7e53733
test/fixedbugs/bug030.go	errorcheck	255	b78c2e0f0dac8400249cf15e43d72e1aeb92d411a55627aa9db83e9ea074ea6b
test/fixedbugs/bug031.go	run	802	aefbedf9f678be389c25f37d64c954b93f255e635aad6445640538740673e643
test/fixedbugs/bug035.go	errorcheck	324	251a8f8bb12f2dc3ab2fc68b48499a75c1eddb099825ac12c75956c97c3ac782
test/fixedbugs/bug037.go	errorcheck	246	43628a3cf3b3b838d32cf4092e605f3f6d15cb4439330634c579e436765d5b47
test/fixedbugs/bug039.go	errorcheck	277	fce6cc17bef6c7b0e13512035209ad7b9c78e5c4055c393c4566a26ea5e02c48
test/fixedbugs/bug040.go	errorcheck	293	d3b0a458ceac1dd232403468fe196fed26e7cf663e0cdd6a807c6087d4667f91
test/fixedbugs/bug045.go	run	320	c414746d74f8c2f3e6eb656729c5e4911a7076c6d2faf02114acafe025980384
test/fixedbugs/bug046.go	errorcheck	299	18e71d90517f712d3b4ca66847dafae6ddaebc868829cb91e1981be0db598029
test/fixedbugs/bug047.go	run	352	7a046d08a15b9aa301656b2590185f47bdb107eed9be0c5627dc836b655c2b5f
test/fixedbugs/bug048.go	run	246	959af823cdc554c3e64cf091b0e6876570526ed418c0e58de7cd6854d1b9422c
test/fixedbugs/bug049.go	errorcheck	341	4acb8a6faa34136e8931a2222e15b09ca6bc534bba2be28262f282dbf7ead236
test/fixedbugs/bug050.go	errorcheck	219	d5699df13664d22555919fac523cba8834233cbdd5eb39c2e2d998d10fabb5d3
test/fixedbugs/bug051.go	errorcheck	267	9814dbbed2e1e6a5a09deb17a4a59abddd555cb139a79df957cdd2cb5538ff33
test/fixedbugs/bug052.go	run	341	8c1a3f50757a6494baba796d86e7ef4bef750cc1e3089057755864de19c55cd4
test/fixedbugs/bug053.go	run	276	a7171f49dc9c67e801262e7de706573e475401ac74206c1c3cd272fc505fdc27
test/fixedbugs/bug054.go	run	669	15c494ffb75fe4db1deb3f998d4f770081f0f76af790998e99e0af52d610d5f8
test/fixedbugs/bug055.go	run	381	eacff57143b359e7b0bcc43a6de0e83c64e16eaa78015104cb5b0ea5411da62b
test/fixedbugs/bug056.go	run	364	5bc7069f57dc034d6038a54cefeb2143cb05795060406704fe4b9018bb866023
test/fixedbugs/bug057.go	compile	426	1cf228222dc3f04e99bea983724e2ddfa966108c7ab3c183d0d8f388039ea6fe
test/fixedbugs/bug058.go	run	420	53d612844f73647b30d8537422d17a0ad80088b05e83408b722fed4bb00ab87e
test/fixedbugs/bug059.go	run	558	a0c524f7e591c75588dc37574e6d6cc21952cbc276f0faa5499e8b23085a728b
test/fixedbugs/bug060.go	run	325	73d2cdfd1e1a5c74b4fe9a7e40ad4a5e91335e835a242c4c592d3718f2a1f990
test/fixedbugs/bug061.go	run	357	e0532731e53eedaca48703824927989d6b634d63dcc2e81ce24776bc3a0dedc3
test/fixedbugs/bug062.go	errorcheck	272	72ff43faf8e598da133fad2c497fa5ce23bd73bcb0f4cbe4eba4c9b6eac3e8a3
test/fixedbugs/bug063.go	compile	203	279680bcfddd7d82353b206e81ca63512d19db88aba09a4b8e691d1bf19b9e89
test/fixedbugs/bug064.go	compile	342	b5d759c2799cc8800839ba8d9674c24def065d070d2cc32181615bd5fce3a38d
test/fixedbugs/bug065.go	run	237	e3badb113c35ae4272e9a96c5016bce9f9b4a34522387962ad5a54bf00881ec6
test/fixedbugs/bug066.go	compile	385	d7a8df47625b67666332f2200e68bd61fc4b1fc387edaea06a45c8824d9d4a58
test/fixedbugs/bug067.go	run	266	9151da8862a82fc6f6902425799bf886ea1c8707737b895cf3144f46ba681963
test/fixedbugs/bug068.go	errorcheck	520	1399d2588aa38e9c1ccf304617224a2334a5c4265e5632437297bd43007eb60d
test/fixedbugs/bug069.go	compile	413	5a0cf9b576d9b22667eb8d297085c11ba0a2aa42c0910f93e05d608a99ac3713
test/fixedbugs/bug070.go	run	715	3d575bbf7d2c9318d1a6007854dd181c89a10ef2a76f572afd95c5ae4550d84e
test/fixedbugs/bug071.go	compile	336	d30b70cec1332b66d996ff40cf5bcb4d2e76e79eca4729f0a37fb5b5ffbb5002
test/fixedbugs/bug072.go	errorcheck	249	f17bf544ec7d3a772b40f6549705f5ebf82f92c9e79e2d450d2baa996a7702a4
test/fixedbugs/bug073.go	compile	312	009f0b36cfd554350c9055289a7dd8dcde209e2b843913e9bb33925530a189a1
test/fixedbugs/bug074.go	errorcheck	267	d1c62489c59ec6e0d2ed85525cd9a4aadef2de4d873fc7549e85fdccaad9d89e
test/fixedbugs/bug075.go	run	385	766ab47c9092a19e46cdcd0777b97eac61be0392b14fa31dc235675ccbe3dcbf
test/fixedbugs/bug076.go	build	400	736369e0c2d3a3426ab60f982a4b3660e94ec89753e5455437edd7c95bf8a81d
test/fixedbugs/bug077.go	compile	243	123ca74b2f8943125e94ac950f1106c4909c4eea6aabe4f8709afa3ec2975f4d
test/fixedbugs/bug078.go	run	258	015717f6232ab051d87e1b35c3a52a853d270f49b5ef456640654929fc632410
test/fixedbugs/bug080.go	compile	435	44fe765847bf5882fcb8209857213dff92917a3fcac11964c40c0a9086f5fe13
test/fixedbugs/bug081.go	errorcheck	303	40aa593c6721593b768fd8adfb162ba83369b8a91b67619ae1beb637818756c3
test/fixedbugs/bug082.go	run	413	e8e40a9396d4584bda313d817227a41774d7e18f9e674822540a7e099fd82840
test/fixedbugs/bug083.dir/bug0.go	none	204	36b53e17b98181b669fb59152eeab2bceddd5a50ff56aae956ced0b8e92b3410
test/fixedbugs/bug083.dir/bug1.go	none	372	200ff4766aa504788d787d7c6e3d929868caa496eaf2c639d904697c0773a6ec
test/fixedbugs/bug083.go	errorcheckdir	194	9355760a03a1335759a70025e4dc8340b9a13c60e4c2a64e734a360cf9fa4abe
test/fixedbugs/bug084.go	run	421	7abb22b938baf208e0e7e85e59c837f26748e978036c11f55e53c07dc46b422c
test/fixedbugs/bug085.go	errorcheck	633	1c3f4914fe8f4284c69a79f1567bece11720fa4ffd9cc80779df905eed0b049f
test/fixedbugs/bug086.go	errorcheck	440	bc39b7602876a8e9094ccc6d6e5ab84abffaae40f767ddd653062c1871e7f2f6
test/fixedbugs/bug087.go	compile	453	9e7c8c09d48f3d8256540181ad9b332feb1795974cda084b4d042f72f00d7d81
test/fixedbugs/bug088.dir/bug0.go	none	242	f4768940726deb8ef8aafb3b6eda82cffc30866b60930543159cff9401314bfc
test/fixedbugs/bug088.dir/bug1.go	none	550	609183e13b788f32bdb1a93848b92a4d18d8f611aede867b7917c653ba7fe206
test/fixedbugs/bug088.go	compiledir	183	1a2bbff0fc7c280687565b18e54df82b0e9e168e677e157cebeb75e89fe2c437
test/fixedbugs/bug089.go	compile	350	ccf7c1e58ecf26cec345bdca1ca0e9e2f6ee04c443d5d725a397a7ad9c88f711
test/fixedbugs/bug090.go	errorcheck	883	e35e07874d27f95218d30c5cf1ee0897e056f022dab2d902c59b2e8ebd52c409
test/fixedbugs/bug091.go	errorcheck	336	7bbb7ba26feffa2c3ad0975784a900bae0963dc3caf7d4683631ef40ee198593
test/fixedbugs/bug092.go	run	474	d808a41ca06e7cd52b47652e976a020cb7a9ebf0f2f68076a9d916c1ff205875
test/fixedbugs/bug093.go	run	1087	ae54d049e25ac53dab98122dbb76c39a8ac23fd8c3ada4e062831c831cc25db4
test/fixedbugs/bug094.go	compile	517	a533838b6064f57e8f4ca3fe079658001262dab613924c5ba3f7761f31498037
test/fixedbugs/bug096.go	compile	483	b777a2ca95857106f69be8793f502f0f29cc5a036ecf9c1e84ba3540ff24e855
test/fixedbugs/bug097.go	run	1157	ef0500f69ea3735c696ed2ee87763357c37ad844f90209a85cfdc9a29879d7f3
test/fixedbugs/bug098.go	compile	582	2fca073a257cd328ef683ad6f77e56daa4a6aea802132cba9134f2d321be9739
test/fixedbugs/bug099.go	run	637	05d926474bedda6161dc6cd24c55e8f1a681e7cc6b444dbfa08e8520ffc74d15
test/fixedbugs/bug101.go	run	376	8a1ab52e96623d06b9cece6da657e99e9e9bd9c3051eb70c4c9cac828943a8aa
test/fixedbugs/bug102.go	run	525	8df4bdab380eb50afae7a4263fc8ceeea77a1e83084ac9c718d76636e4c56879
test/fixedbugs/bug103.go	errorcheck	296	6fd66a32d8ac101c7cfeb2256ee47690e55c6de500819251e8df9792d5a4b6d0
test/fixedbugs/bug104.go	errorcheck	245	4dc718b053767ebdbcb6722f0eac02b3b433d5cd5d40f6449c2fce17d9fce929
test/fixedbugs/bug106.dir/bug0.go	none	187	5e90ef65b43dbcf66b7f3cf7ae0e4231cdd8ffbbc0b76aeff1791bd9e92470ea
test/fixedbugs/bug106.dir/bug1.go	none	193	e94bcdd16c8c2724269c9c545828cd3d850d17ebd1c22e75d2d80a79e95aa48b
test/fixedbugs/bug106.go	compiledir	183	1a2bbff0fc7c280687565b18e54df82b0e9e168e677e157cebeb75e89fe2c437
test/fixedbugs/bug107.go	errorcheck	399	3784cdc524c88c5cfdd124c120cea88be968476df212cba4cbeaee37b9d5acda
test/fixedbugs/bug108.go	errorcheck	268	fe0ca89b71fe5c0b8cfd2c9c8d767966c0e9e90068a80a07b7ddb61fcb3f7ec7
test/fixedbugs/bug109.go	compile	523	7de9c73352c585b3dc2cdd5701f76fdb79601094283aa61b37b1312296efd1ba
test/fixedbugs/bug110.go	build	291	3f2169391e10e63d6b2a8abade744db7b7bac0d233285daa0c4cadc3bc79fa75
test/fixedbugs/bug111.go	run	427	e99ab682d59e1e6cad733d6f55b5b60904555faa8914743a10c8e5ef76b22a4d
test/fixedbugs/bug112.go	compile	301	7fbfd128e3d82154ad8cee1f5dea48097ff8c341d11e83a301c4c9eca6a4fb2b
test/fixedbugs/bug113.go	run	693	921642f35804b63dd0614c5a85f2542070b593e240720190324b4b11054e9fde
test/fixedbugs/bug114.go	run	556	928d1bb0d7006fe7489c867a0ceb2ebd4ae813ebb00f043a70f54680a0f82eeb
test/fixedbugs/bug115.go	compile	255	131d874f1a97039ffcb1b21165f323a0f528d918a851e6335f2846619fec327d
test/fixedbugs/bug116.go	run	646	50cd9435547711e22f63d61a9a88f0d036ee5a79eb19d2467727d7426a767dcb
test/fixedbugs/bug117.go	errorcheck	523	026beb490ca635420e1f59563da4845c6e87861dd06c7f5f02b8da81ee55192f
test/fixedbugs/bug118.go	compile	264	3c72287436c1136aa9244c08cf4875046d1b66e9dbfcf2c0861618c048c2c960
test/fixedbugs/bug119.go	run	697	ad42f58e6389f1b544bcf0b28e2379398cbd459644f7ede84fdb94da4db61917
test/fixedbugs/bug120.go	run	1832	b38ece894356c43cc109a617b0182174a4d16dedd8cc6d857bef3012482ce0f7
test/fixedbugs/bug121.go	errorcheck	321	72ba8a2f226379d1f2177a23a607ad6109b9b6d2eacbcc06ceb1cc02309f0a11
test/fixedbugs/bug122.go	errorcheck	334	524b9c0e3b40d306696c32780586763673fc735f26ca5ba8d0a9f455342ceb1e
test/fixedbugs/bug123.go	errorcheck	283	c3531850776dfc6153d0a034078c2011aac35bbdfee41208a4a7655872c1e383
test/fixedbugs/bug126.go	errorcheck	339	78d129719b161bb150aed736fecf85b082e05a026112abd3e7d58fa1b3a84870
test/fixedbugs/bug127.go	errorcheck	334	8741cf2c8decd4de9e6e6282cf956e4b6bdc5c4b848410ce735710f135ff90bd
test/fixedbugs/bug128.go	run	576	a5e95b07ce1b3c4d5fc3c219f3812f986fd48140cd07253aba95444833c1e925
test/fixedbugs/bug129.go	compile	248	d607bcb25a66f3e6291c919b0d32b7fa483124d2c11258775ea20e626e3c5c3e
test/fixedbugs/bug130.go	run	400	05899f5c7fa75e9d999c0971781aae1367f30823df273d5044a7621172d52294
test/fixedbugs/bug131.go	errorcheck	282	63cb62ccf930b776ac9fe16e51bf35c84a768eefac23d18a222e8ab176c28b72
test/fixedbugs/bug132.go	errorcheck	250	f32515e5f24e98cd8038048bd25db309c79a448b25d427fd794dcfad8139d676
test/fixedbugs/bug133.dir/bug0.go	none	198	6cdc9c7a44d749d76eb339fa686d02140b0ae9c9710566949ece0b56cf1bc72a
test/fixedbugs/bug133.dir/bug1.go	none	218	0e241f71771e3d8937269bf08a95fe3a3d73acc7109ab3e3eda4fee386e85d4d
test/fixedbugs/bug133.dir/bug2.go	none	426	b650f43ea881fb733b0d171537b81fb8cae87b037121ab9ebf0570332ce7a180
test/fixedbugs/bug133.go	errorcheckdir	194	9355760a03a1335759a70025e4dc8340b9a13c60e4c2a64e734a360cf9fa4abe
test/fixedbugs/bug13343.go	errorcheck	410	afa8180ad72f7c5f103952a23a3f59b06780c965c09429888105e761378b7018
test/fixedbugs/bug135.go	compile	340	d74e4b8bda295b1173677e2829d84eac9bab4341b0f3062094c205c84694d116
test/fixedbugs/bug136.go	errorcheck	485	4a501b7c3ad16106cc270da425713b67b8c1b62e1c79426fda4254b084af59e6
test/fixedbugs/bug137.go	compile	440	3c632848a676bdf06a4897c22eebf129c80171dc821646b43c70ec3c7eb161f1
test/fixedbugs/bug139.go	compile	416	4c2ce4ddb7a05530440341f8ba7c9342bbb5d7f622401271437b7fafce56ac96
test/fixedbugs/bug140.go	compile	409	0db18b123ebb90fa4fd10915644282d281e7c3dc7c1abd6a8bae7ffd0b06810a
test/fixedbugs/bug141.go	run	491	3ae8121f3c44d2812971f8f539b7e4d303dd4092599758710ed058d6109a1abe
test/fixedbugs/bug142.go	run	675	26fdf672a2401829982ccc64277c3c148b148763c1baf61697c732249efaf734
test/fixedbugs/bug143.go	compile	647	622c14e9bb0f2d67b6dd09a92b0061027a78ee037777ffebef39109358612e95
test/fixedbugs/bug144.go	compile	404	33ed23b7cd89997e98c5830e07a501b8a2e840754f85cb667d6d22e2208aaa4f
test/fixedbugs/bug145.go	compile	270	3802a2341e32830d4f2a7dc3ffa87bdb781eb2569d346dc36982673f241e3192
test/fixedbugs/bug146.go	errorcheck	354	32a4954bdd36ca282c44856f41be55d4298e0939b15de0f37b169ee3fa45866f
test/fixedbugs/bug147.go	run	411	cb48334627de9dfa5b2eb52a8a12673d2cce956ac042269473b629990b3c9701
test/fixedbugs/bug148.go	run	750	b43aaa1fe042f270311b419e9dd20b3493ee6d5513756cddc6ff9d6bf6da3329
test/fixedbugs/bug149.go	compile	506	03b047064ff0e66d18766b7accd84424c291d39e7ca472952abb84d3ffe04421
test/fixedbugs/bug150.go	compile	385	0af98dda1854ced518993994f325c457d8beea3775d035eae6262256951a181c
test/fixedbugs/bug151.go	compile	350	1b9488581a46bbd7d6f61cac9af0b06bc2070a11ce09a8fbe9731d32049ab3c5
test/fixedbugs/bug1515.go	run	320	7460ef45516092acee0a8c34796041604b313f88cf1f123a3a251a6e9f9c317e
test/fixedbugs/bug152.go	run	292	014652db08970f7b1c55eb199bd5b97bbde48fd1eb01d168f0b06eef90b53260
test/fixedbugs/bug154.go	run	585	5526cc6e243e4692ff74666fffbad1cf3d313e9d3335c2edeacebb22d66a2b91
test/fixedbugs/bug155.go	build	525	ce0ba59620b3dc51376c39fef4f6c7b4a5d14d7d0b853aa018f70c7e8edadf47
test/fixedbugs/bug156.go	compile	346	d4c0fe736f9a5182adea8e39073accecb41d0674b3116ef074075f2ac045328b
test/fixedbugs/bug157.go	compile	524	5f1253d6b19c154d682ea0609c1b4f633c82bed87f0a94832fa5d6ad2abad1d8
test/fixedbugs/bug158.go	compile	370	e8e48d1f097dd22a211d129962d352e50c508d35438a257aa0d8b51169941368
test/fixedbugs/bug159.go	run	795	e707aa16f7952874890932487381fbc712e75f0b9c408c6856ed3be829dfc4ea
test/fixedbugs/bug160.dir/x.go	none	205	5455c798b0d0f0412c1301f509b4c6a2e314860b7169e6772331120015852dc1
test/fixedbugs/bug160.dir/y.go	none	348	56f6bed17959d4a093dde99b11ed4de3795642ad811a8108a63c301d2bf12583
test/fixedbugs/bug160.go	rundir	187	e2dbbc8f9bcd37f29d18e5b47dfe3dafb3190cb61b3926bbf8b267babbf5a9d1
test/fixedbugs/bug161.go	compile	295	cf19d5dbddc40e39364e501673a1aac35cbd2661c2d8125d6c0064703f2a83d3
test/fixedbugs/bug163.go	errorcheck	249	97e8de6d3dd3e87c4b925ae4cc194e3a569adeb14d1b41b726d69dbd106ab00f
test/fixedbugs/bug164.go	compile	284	e9b6e4dcdb923edc058b0e95880f396876171df7197c6186cf17596d1a56004b
test/fixedbugs/bug165.go	errorcheck	292	932ea16463a0d5611191a6720206e210fa98807d80944231d99438a1b69464f7
test/fixedbugs/bug167.go	build	462	f369705a4bf4a26779be67b80d63c07e37a8169ff943baac5df24e88973328d9
test/fixedbugs/bug168.go	run	342	14607f5df58a9bfda4ed25602637774e0fd2d5067a7d6907acb8db1c5f383f46
test/fixedbugs/bug169.go	errorcheck	225	9d2aa0d93e11497b6d76bafe50a97256d0c43dfffdf0013813ce52c2efdc058e
test/fixedbugs/bug170.go	errorcheck	412	75acb048fc479961ae5fcbbe5638adbd7abd1afbf1073fda144953da802e67ad
test/fixedbugs/bug171.go	errorcheck	281	d6c7298032ce57eb97f4952bd76d889bd339f05bd39c7a35c84b6d100fb811c1
test/fixedbugs/bug172.go	errorcheck	260	96ab1efba8e8d66b4cd8364b6767963e633afb6da9088ede830e156a7b2ccfec
test/fixedbugs/bug173.go	compile	442	9e4a78c4a4a85fbbbfee28050f254c12cb0c01d96030fa7a39e12938282e426b
test/fixedbugs/bug174.go	compile	231	e3a021315524a0d063c5dcfa1136a1466e44e23d9d5d2a1d7c0cc35ffe0ddac7
test/fixedbugs/bug175.go	errorcheck	301	2bcb30c5c9c96d28d1b0c7aad211939dffcc674bf48c4a035e7787feb3bd23ae
test/fixedbugs/bug176.go	errorcheck	312	6a1bed87ec0b58780341757a10b4cfafe0af2ec16fed7906b0f4060c675b6b59
test/fixedbugs/bug177.go	run	558	8ee95f04c7ea77aecd17b6996f90324d5090780504a9fb4d4e6ac90c6b265244
test/fixedbugs/bug178.go	run	455	08e70846df66dd159b0f5fe76ce406a39a9267701fcaf87a670682192b973611
test/fixedbugs/bug179.go	errorcheck	383	4caba660cd51c67087c19ef8bff19930f83a4284a4ef12366b14630165be449b
test/fixedbugs/bug180.go	run	347	36c64b6fad57b148b49eaf6a14dbee68b9b86d3d07502ddc27a93bef468a0e81
test/fixedbugs/bug181.go	errorcheck	238	1b516b6a32562d3e360762e8c6b49d630b4bacb34387b7eb50e66422af4914c8
test/fixedbugs/bug182.go	errorcheck	248	86a6aeb0de2e1544904c9f07604379b4ebca92cd288ce87c6aa2be7dcca85890
test/fixedbugs/bug183.go	errorcheck	434	2c12dbe63bd8da9f7fd433ae89bbae4819e5918089e102c1f075f49b09b8105c
test/fixedbugs/bug184.go	run	849	7988a296572e9168f9868ca03262428b512461381e28e7f3933e58788115b130
test/fixedbugs/bug185.go	run	521	e29a2ca33cf22b4f99d028d5edad49dd17797fce3d4056f75d9fd9074b459f9d
test/fixedbugs/bug186.go	errorcheck	280	9ee70ba172bfb7f7e7daddea85826bbbb8bcd20c26785d6dd4283dbc04790cc7
test/fixedbugs/bug187.go	run	438	6ae84ecfdfcddf6abebccc2ee235bcac4be5d762115d3be84b9aaa04cba4d358
test/fixedbugs/bug188.go	errorcheck	284	9f0eac097483771902316d680ee24116fe6d25fb54abffb18f2773c9f35e6214
test/fixedbugs/bug189.go	errorcheck	376	fdf179fc414098124246a76cdb55440bbac2c28a529f115b9f401b12f7c807ed
test/fixedbugs/bug190.go	compile	390	64d352fe95759afd3312936c301d38ea9bbbef5626654f032ad4617bff93eee9
test/fixedbugs/bug191.dir/a.go	none	219	9468ebeb8a4e42535757e4e695176e4976c4a7c55556bfb7506245be60b858e9
test/fixedbugs/bug191.dir/b.go	none	218	4740039940b00a0974a0e4aaec82eb56a9065317bda30a1d9f2f9a00ea50ff41
test/fixedbugs/bug191.dir/main.go	none	286	fe9aeebf92f0c47ad73a0f77ddd1f733b5b4fe86610f54284e148d96bc1d48af
test/fixedbugs/bug191.go	rundir	219	e41e66b44921703a6a1c6ab9a5ba4866ecae90062c867ce2413c52351218e9c0
test/fixedbugs/bug192.go	errorcheck	351	a5ba496c5f580fdac021894f8e7584699e95c24b9ad472d7ad6200838955f573
test/fixedbugs/bug193.go	errorcheck	368	1fa65664b7005229750500c0df388dad7a144422c637f44c3549a6a0bfbf73a5
test/fixedbugs/bug194.go	run	651	edd779644dbd5d15b2f9c161da8e1ba73675f9b203cf5430cd5e602c018a6033
test/fixedbugs/bug19403.go	run	2105	53a0ff9071636f2781df7c4f2d48db3b3dba3e0e7e1c522f5f0422242c307b4b
test/fixedbugs/bug195.go	errorcheck	696	169ce366d571e6cf1e169ca96adcca76c443ea9bfc84d6c81931e5f3de98800a
test/fixedbugs/bug196.go	run	654	fc18e5b4bf03447c2f4af25b205c1fd5b038aa56b2b1824b28b83db0b5f19ac0
test/fixedbugs/bug197.go	errorcheck	757	6067f22eccf1cc36a434748de45931cfbf968b94dbb49e65a9474b282081c984
test/fixedbugs/bug198.go	errorcheck	272	2b7682eaee8e98bbc32114651a4d885ca96dc6ddf4ab7effeb542744ac274249
test/fixedbugs/bug199.go	run	397	041abc09908f740c1ab7efa745db21a99724cba5747c7ede49503f06087e3288
test/fixedbugs/bug200.go	errorcheck	454	29b79b7c7051562b9008b48a9979545edc8159b3bd5e8b526ca1c5e23b249790
test/fixedbugs/bug201.go	run	726	aa712fe83a4eebea694ea4d5165a68429b48c07e8c0309205e9c1c4b2dd0d25e
test/fixedbugs/bug202.go	run	255	a49815c69821b5862777afac9220727173f6e0765fe7254d74f7df80e03c7fed
test/fixedbugs/bug203.go	run	312	5a64d6dd00a566e4e01560de4eab91f888d118559501d1db8cc10ead4283be31
test/fixedbugs/bug204.go	run	460	ddeff420e8fff76c0747d1b6e070c53693e5e3ed1b4e69681a4bacdc333fef38
test/fixedbugs/bug205.go	errorcheck	509	822dde9180434e3ddfd4347df8f8b26303c9033ee201d684784c68bf7b211468
test/fixedbugs/bug206.go	run	1025	f4e9b94dfa6d73acb56af03b232df0191cc3ff87caad6db713c27ac9ec330173
test/fixedbugs/bug207.go	run	402	5bcc320573512d05df1b36cde9001d87975c840db443c27fcb4fe542653596c5
test/fixedbugs/bug208.go	errorcheck	391	5d4eb889309b01e78026c8d297487e6d1c3ca2f4b50237365b5cdc46778b9072
test/fixedbugs/bug209.go	errorcheck	339	9f38cc086f586eff393cec28fd4107ae23bdc40aa64eaa09aaeebae3623284fe
test/fixedbugs/bug212.go	errorcheck	463	446c0110e8d1542f1b29522077839dfc2ed35affa464be1a4e60ac2a53783e16
test/fixedbugs/bug213.go	errorcheck	335	bdccea1220529b1e360b7168cb64810e69296ff52506543a8bf1d83d3211ab0b
test/fixedbugs/bug214.go	compile	314	da6fe886ebc9d71af5b3ba69e1c574723f6a7f6c28868f28c384c03179736a8c
test/fixedbugs/bug215.go	errorcheck	351	61b9ba98d273e157e61e4023f2f40f86094713b4ef7adb025350ce5920013842
test/fixedbugs/bug216.go	compile	418	d967ded0d128a81e8e36779842f580867e7d7d002e4b46982b78469d47756817
test/fixedbugs/bug217.go	errorcheck	337	f22509e9c32a469b8aefdc7bdc5e26f495b84b194c3b1fb31a54036393b51c5e
test/fixedbugs/bug218.go	compile	389	6b368f53fe7d244112427e2b93f4e5044a31d6e570be3a3cc3f5b38b6a696ec4
test/fixedbugs/bug219.go	compile	527	775208e69c200f183516161c55a035a577e5b455518fbdd296233223332b926c
test/fixedbugs/bug221.go	run	820	8c5597a68494f09be3a5069c656800fe576911511f6e4851ea49e36c4bd04483
test/fixedbugs/bug222.dir/chanbug.go	none	263	e0560c8b466e13b7a562d1c6b91c91e08552b71f611310f6d80742e418fb26d7
test/fixedbugs/bug222.dir/chanbug2.go	none	193	d5738813bce3c6a8b3cee060831563df8fa10705ecf4d904deeb4c4347728f24
test/fixedbugs/bug222.go	compiledir	183	1a2bbff0fc7c280687565b18e54df82b0e9e168e677e157cebeb75e89fe2c437
test/fixedbugs/bug223.go	errorcheck	514	5a3aaf92517e0725d1e05a4d9103595957f7bd5e6e781f5bf0d69647e882e518
test/fixedbugs/bug224.go	errorcheck	227	73ecd15921c67ba395c546020b9883a78ee4e1a7ad57b70b14b2e040bd7f09c8
test/fixedbugs/bug225.go	run	375	93562cb08a728ee05cc1a0d37c95254ebd4e3afa55d5ba0de0b483c48ff530ea
test/fixedbugs/bug227.go	run	661	d0a620a22c475792a74c417abf02bdcf73bd476abd91d13ffffd553a2691cfe3
test/fixedbugs/bug228.go	errorcheck	371	2a7c5c52f07d3846768c3383719805d21ac68583c40057fcca70d931666035b1
test/fixedbugs/bug228a.go	errorcheck	318	c9e092945277ef2462b3fb22518faea24ba3009f04cd6944780f3e9c3f52b0cd
test/fixedbugs/bug229.go	errorcheck	456	8a9fc3280f315bfbcb94a8465311d36a52f22a3e1e27c02497bd140ecf6982b7
test/fixedbugs/bug230.go	run	383	cd19b846dfe42f0ad2c287b048802e65960579610d1068fdb89e705b3cd4a1c7
test/fixedbugs/bug231.go	errorcheck	466	d67dd3497326be7788109710dcfd89fdbda35f184b1ef7f10fef43ced47f832e
test/fixedbugs/bug232.go	compile	218	c821255198a585775b8315c0aa4bf74db370a11ea1f036571b58918b98816edd
test/fixedbugs/bug233.go	compile	231	0c862dfe1762b3d1d3446ff373b0daff3ed882c12f2d5ebd99489dfe3d0b895c
test/fixedbugs/bug234.go	run	447	b9dc52ac7c405d8916e55394c0e99c56ff1075a16a363fc744c22c921a33d655
test/fixedbugs/bug235.go	compile	270	c9e5e05ce803e02096bf424b95b5361df66a01671802a06a8de0702a74ad6228
test/fixedbugs/bug236.go	run	831	8fb2158b2070a7cf4efb1d43061e62a63a9c7cdc5dc9937f5336dfa3cbfa130b
test/fixedbugs/bug237.go	run	557	eac7c0ad1a6c6eafc7e9ba34249fe3c7cadf286e5cbee41389c67dcc8670dfdd
test/fixedbugs/bug238.go	errorcheck	705	961dbe391c3e4bd17611956ed1b3319631e86673a822f27548c8ac4201639660
test/fixedbugs/bug239.go	compile	390	3c8d41fe23bec3c29fd3567996d05bcb5158a71f7e1f34299d34588214eae202
test/fixedbugs/bug240.go	errorcheck	434	4ab5d2472059175d387795cfa52545459a67253f1960dbb9f4187bb291d90aee
test/fixedbugs/bug241.go	errorcheck	239	f4b307563504d4032847438b96b06af50fa56a29722ea4cb224ab3279f807399
test/fixedbugs/bug242.go	run	2156	5d5355542cfe7c1bdf6a142bd823f6748651644d8f0cac0f23a465ee4ea46179
test/fixedbugs/bug243.go	run	893	78290058fd108f96b655cebd74ddcc05611eb4b95843ce0944469dd1acba6afc
test/fixedbugs/bug244.go	run	555	9f83485037c7c1fc99568395c30f79eaeab8f5bec9a01f57ffffa887e66fedd9
test/fixedbugs/bug245.go	compile	296	e51e5516a2db03794b9f5d7d841acf1aa45193209ddb78b79eefc6a90a3d9106
test/fixedbugs/bug246.go	run	407	fa4e71755a8a3e1c6bf94425f138a10e8526051701e4970589ce003f5af0c85f
test/fixedbugs/bug247.go	run	365	f6beb37fc8482d163bb4b6c22cad4251a17ff6620d8aba741815cdd6bc51e608
test/fixedbugs/bug248.dir/bug0.go	none	226	6a5937f45f9f1c0978989c0a5865de7c407301098c99dab901704f2999405007
test/fixedbugs/bug248.dir/bug1.go	none	226	e1fe5789995df09aac5e24a07b11cdbb512f07363d4b4976d06175ab45364380
test/fixedbugs/bug248.dir/bug2.go	none	1508	5961c68d1cb1b11599d2ad516328e4e85707f4d71e4259e38b3a4d2c774082fa
test/fixedbugs/bug248.dir/bug3.go	none	1952	f850e43e5bad062bbadba5d9afc173673d06c3fdf5c82a5f410b05995717a67f
test/fixedbugs/bug248.go	errorcheckandrundir	328	eeda64ca4294fb09e40044e60b5d88c126ac8b9523dc527b5d9634a2b9b8b0c8
test/fixedbugs/bug249.go	errorcheck	1822	cc1e737caf2d30565ffbba7a872e0d193755572af4b18a9a29127e6c442091a9
test/fixedbugs/bug250.go	compile	287	47c251808867cc282a969ae874d66d93c61eaf2f32f0a31bee7042a5db916ad9
test/fixedbugs/bug251.go	errorcheck	362	b8170bc857f8799955912e9def0824ba8243a833f11315f0734869a6ae65550b
test/fixedbugs/bug252.go	errorcheck	299	9c3662399508b3c4cbf18d0cfb3344348ea7726c3143eee5fe351e8fa20b261e
test/fixedbugs/bug253.go	run	390	ca04da7dac9459d63245fdf948e76752ba1f394db32097400157f9c2956ee34f
test/fixedbugs/bug254.go	run	315	46c7095ee3e97115fcea69c1893224132c89d47817313ba7da75e91077e9791f
test/fixedbugs/bug255.go	errorcheck	852	5de43832af0370b6659c70694fb6cd6accc779dbcc9f048e68f6abd9b96e89b3
test/fixedbugs/bug256.go	errorcheck	316	e3c5196cfaf20ec123277bf8562c06fafe9c2c5ec831b15bd0262a7bfa91e81a
test/fixedbugs/bug257.go	run	3022479	0ee7de6cdd5980ac2c99375ed93c84cf5b33a96c9031a730406b89667501965d
test/fixedbugs/bug258.go	run	519	c1998e23f27a5efb9181629ecd8d1289d90f88624d6057cfd0bcf5c0d2201b78
test/fixedbugs/bug259.go	run	295	c40c1f43b8e559ec401f3565a8866fd35ee299328c3aa20f110afee275f7a43d
test/fixedbugs/bug260.go	run	1331	be4ff693d95a758baf61e0278f8d0d246195b8692fcb34f77d35f416a4062580
test/fixedbugs/bug261.go	run	374	fdc656792546988d234e2d405affd136cf500069ba3c4991d2b7aff14f6fa731
test/fixedbugs/bug262.go	run	823	fa840a106b9c2227ae7cfe0cab92797b66e99fabb3f63bcfeed833712241d63e
test/fixedbugs/bug263.go	run	336	787498e0aabb428c768d90f219de1acdc121e74196eee379ea2768626b383fc5
test/fixedbugs/bug264.go	run	717	641a973a4c3af674c04190445b89a65a90209bad1d8cc9ce250f7f9369a25d81
test/fixedbugs/bug265.go	run	333	4b48cd228d54b6935d679b15785b3c9877b1e9e36946f43f8a4069d82ba9277b
test/fixedbugs/bug266.go	run	363	017392277427bfeea37edbcbba6f7cccd60b575c23c96d9f76753035bbe27e24
test/fixedbugs/bug267.go	compile	377	171d9c0fe08958a4d65aff48103e3df3040f688d55f5292a01ba9a9220bd1a41
test/fixedbugs/bug269.go	run	336	71ef923c113986dd175a17076c97940945769519c0b85fd81e23cbd1219578f3
test/fixedbugs/bug271.go	run	366	d63b50354c3c61356915130d003fe20c151cecef341854b18fb46361f80341b3
test/fixedbugs/bug272.go	run	407	973dddfc70970656b32631fddd61c76f602644d55ce8a2914501ed479d8a51e4
test/fixedbugs/bug273.go	run	1299	94ecfc08d95a003957f238501417bcba712d657821761e2f0928602783965ec2
test/fixedbugs/bug274.go	errorcheck	888	fbd921dd5d008258b386261b8399a817e6f26745300cc5575f47a770dfec2f5a
test/fixedbugs/bug275.go	compile	396	660c6bc3fa1641981d51ffb995ee920cf9709a273b148da4fb98ed9b003e541f
test/fixedbugs/bug276.go	run	375	2267c3956ae23e7fbe9370c763d59746855cf2b004f31e5e3254ca2555f87a86
test/fixedbugs/bug277.go	compile	1461	e11bed3f282b861aa476faa390b63b5c4214b1f149d6c339d7f444eb0d89e5a0
test/fixedbugs/bug278.go	errorcheck	483	bc23547c7ae03aa6ae109aa97c717c462c4f038a56fbe2449a29d3ab542212b3
test/fixedbugs/bug279.go	run	609	9176ccb959c38a417a54a719610bd17125a9989b87dc1f9499b606996dde0562
test/fixedbugs/bug280.go	errorcheck	302	cc1c399a52bb21340c273fa54a0b0df2138d00c5f3e4530bc5d717913e9fc341
test/fixedbugs/bug281.go	run	904	eea9a757ebeb90c5fb316c470e46c447d0cc56d65e494f2fabd4a65978711272
test/fixedbugs/bug282.dir/p1.go	none	205	30514e0339a59a7e676d7fca887d18d50efda05fe7cdaa162f7bc9d94b95740e
test/fixedbugs/bug282.dir/p2.go	none	189	e5bf667223ddc2828ece14dd20ca878f5dd96ccfcb55fb35713b2286410f0150
test/fixedbugs/bug282.go	compiledir	183	1a2bbff0fc7c280687565b18e54df82b0e9e168e677e157cebeb75e89fe2c437
test/fixedbugs/bug283.go	compile	397	9ae05fca11b878896f5b0c24c159a20a7ec851f6cab196597405fd3032591f9d
test/fixedbugs/bug284.go	errorcheck	3571	4c01e05ce0e14d6307e983df5b3b477c957fa64a16c8a5db2c1225820816491c
test/fixedbugs/bug285.go	run	2919	af80eef88df0b11dd0cfdef0fca1b2daf6138c573df8c89b88ef3f4c04b63712
test/fixedbugs/bug286.go	run	1495	3f7b090f72b7f424166826b35a87f304eec7918c335f34d29f117c87c09b8758
test/fixedbugs/bug287.go	errorcheck	289	b3c9d555759fa73b03554444c16b1688e9a7f30a29dce23e62ba4f4dfca398b4
test/fixedbugs/bug288.go	compile	397	aea87566ecdbf9f116dfa6159d614ddfaa79c4f184fb3193a89b2734508d9034
test/fixedbugs/bug289.go	errorcheck	495	10419fd02056aeb6da09caf0eb973e1b4cc1fa32c76a2c6ad96efc05a83d7922
test/fixedbugs/bug290.go	run	319	5dca57dd3dccfabfc3c906235dd1fcdd90be8e68f8036b757d2b2266c1ed6f85
test/fixedbugs/bug291.go	run	365	fe67bdaf345626d8b1fc0fddef63e006a956e7f19242560b292a8cdf4bd9044a
test/fixedbugs/bug292.go	run	413	e146a2d110d46684a3cfabc17bae55197a1ba83c5339b4236d3c2534868e632a
test/fixedbugs/bug293.go	run	518	614051dfa0b680f19f9d7cbf8eb6b1de015f73395a487722c2251d102d286c06
test/fixedbugs/bug294.go	run	1053	d1ce54130446d1f49309201c14d2aac7cc73b088a42ee81e37a3747b045b7940
test/fixedbugs/bug295.go	run	364	7c5087c97822ca734ac680c4f31cca6a59a90338b4f66d1acaacf8c9fc9414ef
test/fixedbugs/bug296.go	run	1892	1b19167edf13f203ea95f1427b24c5d825d17b199f4a82f14ba00a05dab702cd
test/fixedbugs/bug297.go	errorcheck	395	d398fd871574b15169da9b85d56a633f5fd1f9d630772d8d87acf3c2a034123c
test/fixedbugs/bug298.go	errorcheck	289	fcbe5f4fced9de46d16473036caa5fe29e99454176e85b16403f6fcdd12a7628
test/fixedbugs/bug299.go	errorcheck	666	1f4688c09459f92ccc65b5761242c6c9c982b971137fa8fd35d1b040eb62c23b
test/fixedbugs/bug300.go	errorcheck	697	dc79d70c250ffea4cc7f33225c5426eb5ed5012d8b67c3d1901c5f81f8ee5a4b
test/fixedbugs/bug301.go	compile	324	6ff5b8f518e761641b2812c10489df449cfc2e054617834d63dd128464237ef5
test/fixedbugs/bug303.go	run	693	519f6872f49601effb6087b9798d31f66ea6fdc64d5e1227240bbc58a5e1033a
test/fixedbugs/bug304.go	compile	432	5f68dc33b1428f4cf9102394f2f75c808aa80e0d3ade57530a77352d77dfb422
test/fixedbugs/bug305.go	errorcheck	457	b66de8b06f272ff37008bae0add210491a95fcbeeafc3dd681865fd3fba1e775
test/fixedbugs/bug306.dir/p1.go	none	212	7751734e5f1b7548047e2015608031a40fab19770babd389bb15a2e65bb348d1
test/fixedbugs/bug306.dir/p2.go	none	189	e5bf667223ddc2828ece14dd20ca878f5dd96ccfcb55fb35713b2286410f0150
test/fixedbugs/bug306.go	compiledir	183	76801c36f2c2b34878a60af8d63b134c23aa53576e43ecbd7a92ee0229cd5d91
test/fixedbugs/bug307.go	compile	352	85c0263f19853f603b7270050f32fd067b54d5b43d9a643162fd5c3fc677c07a
test/fixedbugs/bug308.go	compile	343	3d5ba4fba4dc46094a6140ff19da32e5872b59b24117aacfb833ea7afe05f9e1
test/fixedbugs/bug309.go	compile	392	e3c6a715b398dd353e2e2a9a313299049fffd3a04cd7ebb72b75703de810043e
test/fixedbugs/bug311.go	run	377	8652e49fb59e8b470ae5f443b796350cce82d12abba9e3a52e520ae01ed38f4f
test/fixedbugs/bug312.go	run	367	41027851734e14780f668a77df53bd0d63a3fad88db63cb37c197001d57726af
test/fixedbugs/bug313.dir/a.go	none	242	acd7cb2545cb838f9e8ff4815d10a7fb6ee84d68b4ef4f62b214ee8bb30653a6
test/fixedbugs/bug313.dir/b.go	none	214	8e4d35fcde839b74ac17a934bb2c9db2236034648bfd0219b899b27dee6dba5d
test/fixedbugs/bug313.go	errorcheckdir	350	5368ecd9efe82be888c976ddff3f6c6775d56c152f87a21f8cbf7be29a3136b5
test/fixedbugs/bug314.go	run	471	d7c2cd86ca3a55c1bdf31c3449bfad37dc2e613584ef49f1a7e737ef620ea20f
test/fixedbugs/bug315.go	compile	321	7f15660db9fa41f9a85ada6ccb199d6ed7924bd70b949b718f01b75754b5e574
test/fixedbugs/bug316.go	compile	359	9c9b6acec71c498ea75fe3336ae8f331687b661166192a2b0e07d49b088d23df
test/fixedbugs/bug317.go	run	293	9217c865c4a40c5093811e22495df30cfcaca88569ebbc304c25daa10c518657
test/fixedbugs/bug318.go	errorcheck	256	b39f39410b955405d20cdb946b1ba3804798301b108810b88e8f7891f82a5778
test/fixedbugs/bug319.go	compile	519	48f689dcc472c518adddd151a833c9cbb63f26b31ac74831cc521a0e870d33b2
test/fixedbugs/bug320.go	run	963	52ee0e91f9be707294d29be605798ef1e5ca46baa6be0fc9662e998931b45358
test/fixedbugs/bug321.go	run	830	554e867e74cdd9d4aed510817d9f0cb61dc99e7f4b57b23ff5705593cc25525a
test/fixedbugs/bug322.dir/lib.go	none	263	cd233aa59284e31317aa75c361439e8034f030799c9054180fe85cd25d8e4423
test/fixedbugs/bug322.dir/main.go	none	540	ed2e87ee61b8eddd7901e073b3aac8834b93231d46ac1b627692ec6cf8bf72fa
test/fixedbugs/bug322.go	rundir	216	e48a8007edde3b5f506456c39f639b01ea7c47b51f094bbb0e9ff7fd5b4ae363
test/fixedbugs/bug323.go	errorcheck	363	87e5ead2c55f30396342fc02830e9b3bf26c90f233892034a7bafb34dab11a46
test/fixedbugs/bug324.dir/p.go	none	347	ad2fd48ce832372b345e4f11c002dbcd7a976024bcb251a0b84d3a1cf44e0890
test/fixedbugs/bug324.dir/prog.go	none	1219	6a44f87265d5b51355e09413e2d7c1d5774321d6b4fc184f65ccbb27d2016c98
test/fixedbugs/bug324.go	rundir	336	5bf07d0b80408301c99fdb8b6f88b3217e795ea62fb9c6cbfb251a29938a7c08
test/fixedbugs/bug325.go	errorcheck	368	7e1a9583ba36ebdb32ad8a7df9b43d5c9959596dcae2c0e4b7e8bbe5d680a227
test/fixedbugs/bug326.go	errorcheck	592	7834114979bea641e1a5a3e57fdd1588c4448cb54a0b1c3fc891a03ac604c7b6
test/fixedbugs/bug327.go	run	454	c5f066087eccb43208e0ed5fcf39dc63e506273c0b06538c417f20871d419add
test/fixedbugs/bug328.go	run	249	6a32a57e0559824e586be1f2c024c8a2bfbbe2a7054862368b2fe9dfc2edb9a6
test/fixedbugs/bug329.go	run	707	dda02aeedc6422cb9e915a660268072c03646aefdc9934bbfe759ced355a5169
test/fixedbugs/bug330.go	errorcheck	346	a0d20d406bfdcef747f1098b538d62a78a6b95359b3605059d84da41e946f92a
test/fixedbugs/bug331.go	run	804	7e464a03ba6f2085ca7f7faafb8b9e597f9b19a77acc0ef74c62f5eba5840b71
test/fixedbugs/bug332.go	errorcheck	376	22fd6d3a08b59d0d3431392f0a6ae0dedca1c7327ef6a4ff23597752c5cfaaca
test/fixedbugs/bug333.go	run	355	161aab9b972da510f591b5fccd875994bccc65e3d0e74f81f1c606ef7d24613c
test/fixedbugs/bug334.go	compile	618	7863c6570baf004012e4e9e94828de00f298ded066b0ffdb1a6630218c3a4b6f
test/fixedbugs/bug335.dir/a.go	none	234	e79a5af8366884872f5026d1506f033131ea3030c5d069a4129ca1b295a29dd0
test/fixedbugs/bug335.dir/b.go	none	201	3f81da6e8e9052bcb213cb525e7998c2753c498753fc70900b84cb87863f7ba2
test/fixedbugs/bug335.go	compiledir	207	d662a120e70c4bb0535faab44d15eea6f9b344d80082b77666b80a32d7296dbd
test/fixedbugs/bug336.go	run	1183	822e9915881ac24493769ca50cf88135a35b25a88c6c4ba19cd241df9beec92b
test/fixedbugs/bug337.go	errorcheck	392	9043026dbf428edd6fd6326cc209ee8a36045b816c193d78e814b02eec875f59
test/fixedbugs/bug338.go	compile	346	ea34e4d219bd86baba1dd866a149f86e68e0f8a3c86a3186a06c119d1f135923
test/fixedbugs/bug339.go	run	390	a0a21009eadd0b774f3a04c16b6b6acc96c9e672669ea9bbd366bd9db2e6bd87
test/fixedbugs/bug340.go	errorcheck	419	e9dbf071f6000e800388977cb012c552f5dd2d8ceec06a67ea13c02c8626b2c7
test/fixedbugs/bug341.go	run	459	193f01270567248b0cbe80429fd322cd1616df39ac5059fd59d3f695a1e9be73
test/fixedbugs/bug342.go	errorcheck	389	b28ca4b291c964aa9ba18c4e8f6f8ce4cb44b48862254ebcc1427588ff05a94e
test/fixedbugs/bug343.go	run	721	ef92cfee59ad4759f0db9a970f32142f2b7afaab65aaa93864fd11d4a44ef01a
test/fixedbugs/bug344.go	errorcheck	466	51f71f47a17cc41073ed02a28c51f3f4b59b287f51bbd3c981837fa6f8d78bfe
test/fixedbugs/bug345.dir/io.go	none	278	a1b5459c4643950b75529ce1d76e30eadbab38e5c8038076a93b17bf3e02ed69
test/fixedbugs/bug345.dir/main.go	none	978	1c513cdd8a8cbc51a05ab55932a57bd6411d7bff0fce7f8e1d417bc009ad8bff
test/fixedbugs/bug345.go	errorcheckdir	194	3ed9c1afdf215cf6156fddd5d212dd71340002c43655ca4b0f79573354d784a1
test/fixedbugs/bug346.go	run	743	2652aab40d42d969b242d0b9d0696353e971a72eb6394d98ba4332fa3e7643df
test/fixedbugs/bug347.go	run	817	b4247e6a2f03078f3611798bdaba005fc053ed0057d7c55316ab1623d540e0ca
test/fixedbugs/bug348.go	run	800	7f9fa567c65b8ed00742f3d5b040ebbe40db44e2bc696b91b9a45e639c72f339
test/fixedbugs/bug349.go	errorcheck	367	b368069588d32a499e49f9dc529f3537551f6cf17807f59c80f7e1eb83ab59ac
test/fixedbugs/bug350.go	errorcheck	412	2cc54127419224360d7d1340107dfafe7d190a76a106faed4fe767413f3f83dd
test/fixedbugs/bug351.go	errorcheck	277	0c7157ab709ef8a63d1b24525d95f9eaf030a2d50e6d7f56f55a21261b7de81f
test/fixedbugs/bug352.go	run	361	5d5bb0b4b5375a751437a81b9d2d2b0007ecd68fe1da5e0133e48252792a2065
test/fixedbugs/bug353.go	errorcheck	495	29599e240a515debb9c7767261f598bf35a8b82ffa185d51b099caff0e20e0d4
test/fixedbugs/bug354.go	compile	434	da70517293f6ff1562938b4953ffab3862ae329501f64ec9414c9783f2a82a0a
test/fixedbugs/bug355.go	run	287	050edc9b451b35b91b6eaad8792fb3b3a5d50f0559757370afec60ed674f0b24
test/fixedbugs/bug356.go	run	678	238170c3b0820732ebecb2bc30a21ffd8ae6e0126bcc4b1c5fe1b7e429ff96e8
test/fixedbugs/bug357.go	errorcheck	461	02f7198b33f3aba228929b3aa35a463cf714dc6c10e7b9f78df985e671e32413
test/fixedbugs/bug358.go	errorcheck	601	53c27d684a2256c3dc12c1fa8081fc4f7b30f7cc5d0b53a1110f96abd5a09629
test/fixedbugs/bug361.go	compile	305	5c3e5c675705045187d61d23eaf7dc2c8195d20656bf23d07d1ca2a588002fdc
test/fixedbugs/bug362.go	errorcheck	570	2ceecef4f428ced8f854d16f423694afffa14b818cafd637fec46b712e9d742e
test/fixedbugs/bug363.go	errorcheck	470	a79ca985576e5e1f7c3df70d1d24eca2706c655e984f578eafce126d4ff44272
test/fixedbugs/bug364.go	run	459	0e064a6936c4f36342d8c701d204cd95d364577cfc206a4244453e746e4f728c
test/fixedbugs/bug365.go	errorcheck	436	87dad7dd9b79cbc64ea10f3cd3c970f15d9d02649589381c3c76d44e0a293cfa
test/fixedbugs/bug366.go	run	799	65c34580184beaf06ec8ee653cd5eaeb757018bfc47e3170b9d6a65358e21346
test/fixedbugs/bug367.dir/p.go	none	287	7e3bfe0219debd9bd5178e2b8baf40d91bb3f8d46616464b999a1ca76b62524e
test/fixedbugs/bug367.dir/prog.go	none	424	abd073e1780b3011c92b54f8f4f187a237b373d4ee15be4406a312b63ceb571d
test/fixedbugs/bug367.go	rundir	266	dda4cc0ccbc95670240e42ddfca9082d0c4c6286433f2a497c9851f90114c339
test/fixedbugs/bug368.go	run	447	f0bff1ab78e950639fe969513bd6652be194518fd69d40ff62f0679b6617734a
test/fixedbugs/bug369.dir/main.go	none	1236	8ac0456dc049ffabeda665138393b2c6cc38361b8feecdbaec847355e36d10c4
test/fixedbugs/bug369.dir/pkg.go	none	289	2a4396c1571a9456258aed14a1975e4875adca81970cd8ac6f8d065399c71503
test/fixedbugs/bug369.go	run	1669	02678790d2fa6b4ef9a110d376aa71cd3e184db1122534a0bccc7bf844f62589
test/fixedbugs/bug370.go	run	318	f174d73952344ea791fb61aecf4d1dde469e09e48979f82cb004a69135366fff
test/fixedbugs/bug371.go	errorcheck	432	b543c86a3ff7b6f422d144d479eeb48521cec9988c4a2ec6b86b5547fa5f425d
test/fixedbugs/bug372.go	run	418	7f2d12ebdd34fa29ff0104ac22b64b825f81383733f4ab2cbd43886946b32e35
test/fixedbugs/bug373.go	errorcheck	502	0c07874a9798063830d8d5d67cdb956df7f4b750e09d500f88c40b76f6a9ed83
test/fixedbugs/bug374.go	errorcheck	366	96638c0af10d789e7c00112ee5ed2042d36489d9b00d48dceea2f789fd291af6
test/fixedbugs/bug375.go	run	301	d1d794010213739bd1304d78e6c5c465eab4a03959ee139bbb4f1fb082a37d1d
test/fixedbugs/bug376.go	errorcheck	287	026cd12f4f27076270471656efae7f5e07eb17467f15887469e3904364595f9a
test/fixedbugs/bug377.dir/one.go	none	222	5c408370f26bbbc17fb7c180e374d4402db0135fa738f9a7e4d54f4db184049c
test/fixedbugs/bug377.dir/two.go	none	190	bab58f63c1816670241d3791dd20f10a13c7db7c397d3ea1ce92a3bd56227201
test/fixedbugs/bug377.go	compiledir	206	42c4f69385ee959a744635d13f162fe98b81f2c4f9690068c02b4d58490929e7
test/fixedbugs/bug378.go	run	337	69ff91c48e216d1cf75555e560255c4ef68089d833640d1f1ec5918bfd537466
test/fixedbugs/bug379.go	errorcheck	419	50f6cefacee1fb6334420f5ec8c06b09069deb3c48abb6414e6f1f6824f01a3d
test/fixedbugs/bug380.go	compile	264	bc1b28f525a2b3357dfe7cd488857b51051d8c67a56afa45c7b3b19b9159b151
test/fixedbugs/bug381.go	errorcheck	747	465730dfdda003eaf1b8b9bf8137fcd0113dc6f2f49a3f399880b557bae5489c
test/fixedbugs/bug382.dir/pkg.go	none	197	b5e9d206597a7d7818202ae3e62f1a27e1a761cf094a95fe04d518a3c994b746
test/fixedbugs/bug382.dir/prog.go	none	252	419e963c0633bed43ebc8f28c5827b7ca77e49c79d914be982cb37cac4daa7e2
test/fixedbugs/bug382.go	compiledir	206	16926a8867e1604e41b1bda7dc47558749bd4032f5621febdbdd0e1c5ae28178
test/fixedbugs/bug383.go	errorcheck	395	be14e61a5d6d826fd1386c214896fccaa6c2347c3e9b90c86c02166a0becb3cf
test/fixedbugs/bug384.go	errorcheck	355	0808b4db75692573fc861730e3cb0cc48cb56a96fa69c468a44ee018ab1fae52
test/fixedbugs/bug385_32.go	errorcheck	344	e716d909ebb9629f45ff3ad15c52a4c8d605dc91d86261153961687586b4f939
test/fixedbugs/bug385_64.go	errorcheck	1076681	2cc12665fc53917a79d1b71867b09c79b5417f4b3aca3d8380048c0b16986e39
test/fixedbugs/bug386.go	errorcheck	375	1088dfb58b0080a6b2ec9bfd59b8e265f23d8d809f00ce3c2162f348274bed2e
test/fixedbugs/bug387.go	compile	625	f7f26c56717091b934d40d8ede692de57cce134ff6485436612adbb45bea697a
test/fixedbugs/bug388.go	errorcheck	635	3de8d70e22b9ee6b29ec3a957fab8cc33c99a35e2ed041021fadda33ee4c49b2
test/fixedbugs/bug388a.go	errorcheck	571	0f85a72eafff8836ae32dc8fb8ea6b2278d83e1cde5e4c533f184283e4e88704
test/fixedbugs/bug389.go	errorcheck	368	bad37950a05bbd7064a597d5f694f12101977e78fccad9182a75d93d80df6e1f
test/fixedbugs/bug390.go	errorcheck	459	8c9bc184c16712675a7c28aadf6ab37b710eca7c707823e643ddf21b113fe5c3
test/fixedbugs/bug391.go	compile	274	ecee84176f68d4d475ec02924cb001bbd059017672ee36e30fabbb13c12c8755
test/fixedbugs/bug392.dir/one.go	none	851	f0b37abc622f2353bb4bc9f1183399b266736e80c88805569e5594d8f9095dcb
test/fixedbugs/bug392.dir/pkg2.go	none	405	f93413370a274da47911de5be23c1873eaa56442034c33cb3483180994c0f60d
test/fixedbugs/bug392.dir/pkg3.go	none	303	fb62578883df061ba43ae34588a989ae8d5560dc3ac2e0646902106d00ccc703
test/fixedbugs/bug392.go	compiledir	191	6dd3736b982ff5ed4c68d43d3734bb5649cb261fe90636c72c2937a524cadb24
test/fixedbugs/bug393.go	compile	461	0227a9c00c894d0a8933259fb4d01e183f4ec4ee447ce3b3a0347a90185daf0a
test/fixedbugs/bug394.go	errorcheck	293	979886f1a0a8241c8c47e7eff73556d41698c8cd79f1778647233b8309490353
test/fixedbugs/bug396.dir/one.go	none	244	d4c6559834441b54e35335c7f0852a005347926a7f428c3270844da919f46085
test/fixedbugs/bug396.dir/two.go	none	298	b5764c03210bb31df3e1a394e7c0d754217b93b629a90a0d1976c414f5545ea2
test/fixedbugs/bug396.go	compiledir	191	6dd3736b982ff5ed4c68d43d3734bb5649cb261fe90636c72c2937a524cadb24
test/fixedbugs/bug397.go	errorcheck	355	b36e073c055535c672936c4dd3b1a974698e99641e998c9bd23fa9f01ebe30ef
test/fixedbugs/bug398.go	errorcheck	951	0b5feae08c1b5e2f14f2d58f950e54b89b0438498db2a065673ca3941048129c
test/fixedbugs/bug399.go	compile	263	27663ca1d2e07c7fe5a1dd82ffc41f24d183f4edfd63abe01cc5b70bff7a4f4f
test/fixedbugs/bug401.go	run	740	0de5eb2cf8084a79ad00421803dfc957b8a058816109146b28f2c7f071d84fa2
test/fixedbugs/bug402.go	run	518	63d03eeeac698e400fab44784dc2c56b45cea0f5185a8c6c5e30b2ed34cd5833
test/fixedbugs/bug403.go	compile	341	22b4e535f582d0fa9db51a0ba25846935e347a4b1a9709c4200c0b6464736b57
test/fixedbugs/bug404.dir/one.go	none	286	3b099503362a4806b9a58a0d15a752b6637b4780f71e7409d44902c9a2f18404
test/fixedbugs/bug404.dir/two.go	none	320	58e184507dc6cc5151013ad756a3735934bdece99c7a374430d0b36d699e8f57
test/fixedbugs/bug404.go	compiledir	191	8f375534bed520ae24bc77373a3b8d8415e0305171e00b9e1dce3928e097c30f
test/fixedbugs/bug405.go	run	367	cf2fb8570e12f77e91fb7eea6e8c60dfe791c28cde9380c68edcb549d9408716
test/fixedbugs/bug406.go	run	399	50404251f6d734647d761400e3ed8e1da7c52595f5f09a8ab3591371e1789f88
test/fixedbugs/bug407.dir/one.go	none	377	aaeef81d367db372d814f0c296bb04196ba38f1d6435f9140753a3cabdb52035
test/fixedbugs/bug407.dir/two.go	none	303	9486da9f99b1209aca6557395c54ce4a5a427fb1ae3831e1111c9d4951fd7253
test/fixedbugs/bug407.go	compiledir	191	6dd3736b982ff5ed4c68d43d3734bb5649cb261fe90636c72c2937a524cadb24
test/fixedbugs/bug409.go	run	432	b17b047b449e39ddaf3a119036749a134f2e53f881a34616cf5700315a96dc7c
test/fixedbugs/bug410.go	compile	471	4e8675a2ccf74e0af5951a16988c54cb3a36f1ec2b7c4b4f7621860cf5533714
test/fixedbugs/bug411.go	compile	438	c9082b6e88569f84754cdeff0aecfbb2b6097de66c1b607a27a4a1ee73058aae
test/fixedbugs/bug412.go	errorcheck	339	b93725ebef56221d9f0586cc6bc6f5e5191aeee4a38635f866c87586d87d2a55
test/fixedbugs/bug413.go	errorcheck	314	1748b8db1a9f5f49995d744aee5f1e4379671a441e9987ed6405d375c4a6df1e
test/fixedbugs/bug414.dir/p1.go	none	349	16d432dd78437e051f34485af84fcee2146cb39a1b317272ee47f8a35212b322
test/fixedbugs/bug414.dir/prog.go	none	329	98d49daf851d221770cf488c68b255e6c02219d5f2e1e8e6884a9516def24764
test/fixedbugs/bug414.go	rundir	258	d05090fe102e1676639de2e139d5fc4dcd0da17e2b9f6edaa3c9bf476f7b5363
test/fixedbugs/bug415.dir/p.go	none	248	b285809bf1196020506385b7de2c26db3582448d445401085cec07437509cd47
test/fixedbugs/bug415.dir/prog.go	none	212	22d98d8efb35584d2da05f16451e693ecfffd909a8fab585360600a688e4a0bf
test/fixedbugs/bug415.go	compiledir	256	bd315bd0d8f878375d9dca0d908bec3b58a7cb9ed0912949d5feaf83489a651b
test/fixedbugs/bug416.go	errorcheck	348	2ccb09caa333a369e8fa2ab918a7c0de6b4479a6e0cbe70309e02a2c7b5e86e8
test/fixedbugs/bug417.go	compile	674	155bd24180cede4c261be266418477d1ca0fd1e1302aff349a57a389d0843006
test/fixedbugs/bug418.go	errorcheck	557	c1868360ec9ef42bfea7f70062cf06a8b83c4385a927509f663170ce5381fa6c
test/fixedbugs/bug419.go	compile	279	00543077d6339de85e53379d4ac03c779f7429abf327a8f0d34c45e61649bc2d
test/fixedbugs/bug420.go	compile	264	fae171289f7ecca5d7f3c55d70b8c3fe9a621cdbc8e13aa7bc692fe96843521c
test/fixedbugs/bug421.go	errorcheck	381	4132d720373e63958cd8a38b84628ba0e798d5aaddb4d7e95e824667700e9a29
test/fixedbugs/bug422.go	compile	240	9b8f32da8416d17ff883dae2c9000eac0f5d77318c7c892e1404c2013fc41c51
test/fixedbugs/bug423.go	run	2313	37e56f7946eda71ad67f1715b3990a53af2538e6601f5c400c7f20eae9421faa
test/fixedbugs/bug424.dir/lib.go	none	319	df0190796f1af7232472fc596654a78b983bef3a54de6dbf1cb5b1b22a147704
test/fixedbugs/bug424.dir/main.go	none	1677	245368658105d7c538a0429c327bf47c0e665c94c3c5f619ee63d0655e03cf31
test/fixedbugs/bug424.go	rundir	375	be8c908c0ed2b08f323307a73696c1ecdb68e18f78322f6aca10a22c231830ce
test/fixedbugs/bug425.go	compile	323	029848258b4afde12cbea93d2f43d6934079843d06e7404974f0df994efac0b7
test/fixedbugs/bug426.go	compile	260	d2323e2b7d0c07335eabacd0b2e7a81c52dc8fc2f9ff2b13d6bb362fa151f0a9
test/fixedbugs/bug427.go	compile	614	d801fee4ab6297f9851591ec950f3935dcc68e418f13776184a473ced6fe851d
test/fixedbugs/bug428.go	run	447	045512d2e2204863d9fcb60f436b262be79ca6fbc7f15037ebbd0d2c090e238b
test/fixedbugs/bug430.go	compile	327	4b4ec6ada3d46b91cf8a5f72a212a9a99d13668f6fdc83e384c2b3aa4073c7d3
test/fixedbugs/bug431.go	compile	367	47464b825e5ccba29bb0333c1fa269d706e622d88e81c640e5dc40b29e6416f4
test/fixedbugs/bug432.go	compile	255	bda1e4ced98feb0f8cdad6ae982ecae31205d5beee0247a4a774afb6b8add135
test/fixedbugs/bug433.go	run	552	20c574730a06f12cbebeccdbcb2972f46cf1d907d5023380974ea9383079bea6
test/fixedbugs/bug434.go	run	565	9ef2deebf10187a307104858032666bbff72168ec73e3ad32d2c98043963b93b
test/fixedbugs/bug435.go	errorcheck	398	1c0c3473905576f15b10434d031cd3380fd0e7ef41eb6b4fb0dae6b60cb142e1
test/fixedbugs/bug436.go	run	428	652659fd8e4199febb93d6a2fb09e5ddeb76394af3342e2584a8096c1a86ff10
test/fixedbugs/bug437.dir/one.go	none	261	8bb29e10d9f57d1e63479b792feaec2c942b7047bde7cd5d1474908da5dfef38
test/fixedbugs/bug437.dir/two.go	none	216	3c2193e47bb5093fa61db1934ba87ddac42c5abf903591f7d3f727b96e1461b7
test/fixedbugs/bug437.dir/x.go	none	499	26b9d8d16ca3371eba5576cc06801061ac1c24c88e5700389960d68339283994
test/fixedbugs/bug437.go	rundir	381	5c3739b8fcb86408e113530121862ce2d1ff5cf4232f93140395ce19af1194b5
test/fixedbugs/bug438.go	compile	329	5f3342f5b3360f2d6364c2578d2591231604f57a78c642c75f0733c2583e3a99
test/fixedbugs/bug439.go	compile	329	f1f5901e012cbea750bdb931eb7ee48a79b59e15ca7c8bd7d6d9b353eb6d7fe8
test/fixedbugs/bug440_32.go	run	514	23d6d452ab19e5aa8fc5e568c2817546355e9667245f4d2f580812d4b2695382
test/fixedbugs/bug440_64.go	run	435	cdf00d157b25809643400e054c0a6c2339e9c36299df20156965c1fb86bbfa39
test/fixedbugs/bug441.go	run	641	43daa59ec710afc5135ed81337f139e4d75e9d057d6e715696c5c9bfd401f4b1
test/fixedbugs/bug442.go	run	509	b998c471b3db089a28977dddf30b498feafc2e60ada494cb64ba89b55d3368fb
test/fixedbugs/bug443.go	compile	385	91155079036f97d208bdcf75a0c8935cc7f85ce6ce7cb79755a4afc1463d6561
test/fixedbugs/bug444.go	run	645	af03efcb530faea67b5c132789865c9fcbeece90e0c1c946077e54eb9d23da71
test/fixedbugs/bug445.go	compile	257	d226fe461f7ea78faa3c39e330e6ff66b6636229bb99c1f8a9800490d7cf315d
test/fixedbugs/bug446.go	run	699	76f87b8ac690164761903b27bfdba9b84fe9c4e15efbeb2fb84cf230a06d2adb
test/fixedbugs/bug447.go	runoutput	2017	bc9fab3e72bebcf0e4358c1c20ccb31738c5a806f40defd19ee8ea8fd28a8b8f
test/fixedbugs/bug448.dir/pkg1.go	none	244	e3254c35333a4c7f3287dae47c146d16755f1164314319d0ef9a31a1c2db3dfa
test/fixedbugs/bug448.dir/pkg2.go	none	287	3bafa400f9a3bb8593bf3f278f3158715dfd63d76120525bbcf7819f9c888f49
test/fixedbugs/bug448.go	compiledir	191	8f375534bed520ae24bc77373a3b8d8415e0305171e00b9e1dce3928e097c30f
test/fixedbugs/bug449.go	runoutput	1498	4adade6d1892af84856f1a61bdc51f894bd7be765be252247b59d0eb148f0c46
test/fixedbugs/bug450.go	run	496	b0555af7c9f983244fda5f9d548191fa3d7a3510eedf4e589ea8155cf3a03b09
test/fixedbugs/bug451.go	errorcheck	273	235cb1ba0cbca0e7f18eb9ab897ab8f01ec61b2bb97f37a9ed6eb66466167033
test/fixedbugs/bug452.go	run	915	ecd32f5c0d978d4dedc0978a035407ccaaebd521c9125782d7aa5a4b58b9ebc9
test/fixedbugs/bug453.go	run	703	ad71294ea05498212b04ae1a974ae4dddd192e0d275d78a320d2134559469143
test/fixedbugs/bug454.go	run	353	5759400904474358befc7f646f05329bf88371e0018c80b6c181c44677db81de
test/fixedbugs/bug455.go	run	777	41859a2713a8854eac96a8552e03326f2ac70c2ce15662ce3dd643d7f8a81b50
test/fixedbugs/bug456.go	run	544	224cda054053a9b27dac2e3eb81c63a7c41d797e746cf3570c4dfac608ff5009
test/fixedbugs/bug457.go	run	331	8f737026564c10d2b439016f35fbb22706ae469cbd80b6c13bf7953644d477e6
test/fixedbugs/bug458.go	compile	513	e3faa896612bf0c758da3f8c47f0d880f497da25d7f6e49c32d3ddb87cc1ca46
test/fixedbugs/bug459.go	errorcheck	681	d3f38cc78e226ee10252387d867c40c078fec301d1b667a06effe06342864516
test/fixedbugs/bug460.dir/a.go	none	221	476cce9f50a00398ca777f8510eabfe9cd322a545fab6e2d702949ca6b04147f
test/fixedbugs/bug460.dir/b.go	none	479	5aeba644ebb43ea9a8f71b7afeb0851e69093637746d35f395c0881ed9323f4c
test/fixedbugs/bug460.go	errorcheckdir	276	d1e1b46331c8def3bfca7533446d2dab85ae2a4d5e9263ede5849268e0ba8da0
test/fixedbugs/bug461.go	run	426	b8660eb9ee4f34dd806272f04ac8ede17224ff7797c041168fd6a1ad27be5f4a
test/fixedbugs/bug462.go	errorcheck	378	55147360c1664df839c178826bf36d86b0804b7548f8ba3d2f5c67c4be723767
test/fixedbugs/bug463.go	errorcheck	497	b52c5704dd2dc0c89e6fcd6cb43d5627df022c72636577d708fbf8b31717cad8
test/fixedbugs/bug464.go	errorcheck	338	cee989690ed962af3a063da12aab26a54d666d3dbcc182ed31ca5853752a86f9
test/fixedbugs/bug465.dir/a.go	none	933	700b0558ce514a66dc2adb654c24c758cfebfe472df2b560caeadb8c31a7effc
test/fixedbugs/bug465.dir/b.go	none	339	cf7fa8255d6350b869921b4206d4633196998723ad52154b05cad3226c579ab4
test/fixedbugs/bug465.go	rundir	272	395ac19df591f240ad5bd1c4abd4dbdb1943264edd0bb2f9b5baf0aacfdb0501
test/fixedbugs/bug466.dir/a.go	none	330	11ca22e7a894a3e1ed18e392496d536bd74fa136d64ee844f8999f3742ad758c
test/fixedbugs/bug466.dir/b.go	none	499	f73bf87b98273123ccf3dba444fc29ea08de9dd5a733802e8757b83ed49aa536
test/fixedbugs/bug466.go	rundir	277	00122f891962ca95abe2a7fca33ce547ed0192d9b5427a164d220b4f2afaf552
test/fixedbugs/bug467.dir/p1.go	none	90	b9924c4c681a85ee99c910701460b4a12a2b371d78d7325bf2ed0d6ad81ca578
test/fixedbugs/bug467.dir/p2.go	none	86	2264dafb66d74b129f17c57df251712a47e1952f96a71d9d789cb543f7946bfd
test/fixedbugs/bug467.dir/p3.go	none	64	b513b11a4d894fb0d878f5dffb7dbf0b2c037024f465322da2208e9c4c6d955c
test/fixedbugs/bug467.go	compiledir	293	3d7ab595c2fc8ee410ab51dc8a148b3e876b82452f15d9a9508ad4d0485847bf
test/fixedbugs/bug468.dir/p1.go	none	199	5078f84f80348bd9266e9234be6130361a339bfec5b85980d16a10c8c0d828b3
test/fixedbugs/bug468.dir/p2.go	none	422	449c63d381a71d647bd95929aa23599a22a89cbc3cfaafb204d4e32317737c64
test/fixedbugs/bug468.go	rundir	293	d93dd5c67bb87d77d93a3d23d2552872805d4eaa3b3fd39b81a5785f8cd4ef03
test/fixedbugs/bug470.go	run	608	1ee8b0ee530d32c65a7dce78b91bdb7019a6e95323275e16b7ecdeb8adab9149
test/fixedbugs/bug471.go	compile	318	1ca09113e0c1ea7f25d0b11cfd4ab21b1f88630fbbe8c3dda167e5af41c91cdf
test/fixedbugs/bug472.dir/p1.go	none	420	09bf27314e9a1b01770ea33ca56b8700651ace7ac7470e280cf9c68909d2b891
test/fixedbugs/bug472.dir/p2.go	none	420	0b07afebea5e704358b4acdfbb4f005581ffc8d7f26069a06bc2fba9751e8220
test/fixedbugs/bug472.dir/z.go	none	222	a61f1492c1d337909556b6a22d448fb71992d4d1cfc85bc5409d3900ca612e74
test/fixedbugs/bug472.go	rundir	277	ceec0fcc5ee016db7d505e976ed66967753284879625e4727390fb7b8dd1c779
test/fixedbugs/bug473.go	run	1059	aa734db76a7bce11fd2d4be537e8e1110b5d5fb26b355aa6d7d21dd94c125068
test/fixedbugs/bug474.go	run	419	3f3ba9385d9085c00ce099fb010f208ae92d6d98233f1d78d0badf94b915a807
test/fixedbugs/bug475.go	compile	381	355bf5b65bf6429853a474658dcf45ad497c0ee5943e2af340d370e4d9bd88cc
test/fixedbugs/bug476.go	compile	434	cdd69d68ba1a4831550eb2674dceafa2876d4990635c5981e36c41eb229e6e17
test/fixedbugs/bug477.go	compile	491	8d6f7bb5f859d4848cae5f52a2ec380aad82cb1191fb353a1c1b8215e5465bb9
test/fixedbugs/bug478.dir/a.go	none	209	a221804bce494751b474f2335195b18faaf0ed03512c42001c681560bd925f87
test/fixedbugs/bug478.dir/b.go	none	232	8a13bf4b139c61f6460e0464f9af61ab370041e0d01987cfe0701f50b3117f4a
test/fixedbugs/bug478.go	compiledir	319	666755897ae087105f57b5780e6273f6150b29c9978dce9504644e06e4d1a8f2
test/fixedbugs/bug479.dir/a.go	none	261	cacaaba22a4a09035593894e9e37b96ca0b0b144240952f74a021fb1f8f2523b
test/fixedbugs/bug479.dir/b.go	none	263	b791b1a6fb068d9827775ffa5a6ed119bf236e4a3bf3d99707b229cf3bb385b0
test/fixedbugs/bug479.go	rundir	319	098388ce7098184c30b87fb4b1c21b5b697c0676dc3d13e36521780120b8b5a0
test/fixedbugs/bug480.dir/a.go	none	246	e11da45836fe5cd93a9cb1c73dcb87e61fc7a95ec9346bbf223e43be91a712ac
test/fixedbugs/bug480.dir/b.go	none	229	7f362b2d5649063dd77b408335f368f290b6798d745c667003a1958492a9a412
test/fixedbugs/bug480.go	compiledir	250	abbf0ce7c9e44593183ac9fd0f0b4715729aa77a21aadb01241412438c278e29
test/fixedbugs/bug481.go	compile	390	4e2a4fac3ec005c4fd4b31ce5c80b7132c0a154330071b0145eb754d9a3a1cae
test/fixedbugs/bug482.go	compile	455	c6bcc92a35c986a66b251d075f46b6fd2df7b1b6b083ce161f9ab219b4407363
test/fixedbugs/bug483.go	run	680	669ac755f16cff2b2564e6aec95c30005ed6aaffeee98fe0691baab7933a4188
test/fixedbugs/bug484.go	run	1706	1be5bc16798412b9d9119ac24c5b8abf4a2099122010c86c7f115012063f0e75
test/fixedbugs/bug485.go	run	624	30093dac463b880576e943db661c83f2309f7489d49e455d000820828ab593b7
test/fixedbugs/bug486.go	compile	347	d101c69a4a29a233d87686577689d3a277ef68fe84aad4c37f2de31251ff4b38
test/fixedbugs/bug487.go	errorcheck	570	96190a39c26d0c1a1ee96f0d7fd0f99f3e628e66e86cadb0baf2a25675ddc85f
test/fixedbugs/bug488.dir/a.go	none	209	cb63ea7f77ffe90e839f7316ef59c9f20542a908b4d56a7d8119a4675a7d9b07
test/fixedbugs/bug488.dir/b.go	none	202	f4d0e82a18cff41b8b83add7f39b62942ac25eb4dd88c6073dccb9c1bda98db9
test/fixedbugs/bug488.go	errorcheckdir	404	7ae56e6bc77ea35b5b80dc6382bea99c340486f94c1ce98bed37fc173fad8563
test/fixedbugs/bug489.go	compile	491	89756933f8e333cea53aee10a75061197efa6329d108b59380a4049a2b1ab52a
test/fixedbugs/bug490.go	compile	361	26d0d18a72dfb0adf6d54e566e862e8d64d927f1150dd4887dccbb6636bcd934
test/fixedbugs/bug491.go	run	2057	79b9438b0fc96efef6d94ce719ac88724f5625d20e191054dc3c7d1658fa9406
test/fixedbugs/bug492.dir/a.go	none	248	fa9a141d151757f665df7096d8cec63a100c6272002e2cd610da2350cd1716ca
test/fixedbugs/bug492.dir/b.go	none	224	2c2534ad0e33302b7aa027fd7f9762aee3e8954eab111f19e6e788ded04ebbbe
test/fixedbugs/bug492.go	rundir	228	ec2233bd6c416fc301a7b790cd30094c3b5f07d749a40dbbc1bbb1c4f4f69c81
test/fixedbugs/bug493.go	compile	291	07ddf9d07222e647e52fa2d9aad711228c17881c4d73f69714cf36178b104611
test/fixedbugs/bug494.go	run	695	5317ebec2b33b520f2d775d77d5a5d7c719b58597bdf5fa657cb0e12f72e634f
test/fixedbugs/bug495.go	compile	363	67bdc7dbb98b657e25707a962a6b22908fde0e38b80b3548cf6e9158dee078c7
test/fixedbugs/bug496.go	compile	589	168a3db86c9af3b8b123f9ceba64a19da6ed2b4d288ba05d8b48206fa87793d9
test/fixedbugs/bug497.go	run	452	943b38787c5cbdf43fecf53f5551d71ce5298c5de5f095ecfccf65a29604dbd6
test/fixedbugs/bug498.go	run	366	3d2ba25efe83b54210b5a4e25a927bb0f3aae6ef406243d7e5dfe2246a45b57e
test/fixedbugs/bug499.go	run	358	780becf1ac4605ad43d86434e5b77fb8c0592a76ac610ed8a09292d42cba3dc6
test/fixedbugs/bug500.go	run	694	dc952592a966963863199ede895be90330c3f3533afd8376029d8e34adeb4cf1
test/fixedbugs/bug501.go	run	519	8b36fdc4e401dee1778c82f37fea74c662b7078df7e3a5cd2b698a97725e0d77
test/fixedbugs/bug502.go	build	520	e71522ce2404627938412f5a0886900cf1a320dbd3f12c8406cb9a32c3076360
test/fixedbugs/bug503.go	compile	347	856fc0fff6ebf08d6a789e9568ab6cd10db0d69cb9119127318f513dd4c7dca8
test/fixedbugs/bug504.dir/a.go	none	188	ad612dd92db2c24418d10fb16bca03208f6b65d72b9ab28f1d99774952720c24
test/fixedbugs/bug504.dir/b.go	none	216	8ec852330f4fb3812bba80f9defee69bd0c0d3688cc85ee6fe7791cdf181b06e
test/fixedbugs/bug504.dir/c.go	none	199	cf62f21e8fe79f3272d73ad2f6d7a3ef4575dac88657a920128f7acbadcfbd88
test/fixedbugs/bug504.dir/main.go	none	218	92244862201019648122a5a6fa5ff35f3f19ddd067a73eb99e984aa48c6846c3
test/fixedbugs/bug504.go	compiledir	288	d00191f9c6942752e51ee372e38db43a9e203e3b0b3194c4ff8ae363299ae664
test/fixedbugs/bug505.go	compile	401	cbf4d03b0368a5e31f827582cbca923048aa59fd79da83426c67b97061fd1a82
test/fixedbugs/bug506.dir/a.go	none	266	32534f62ea6c0bec61a83d3dbe9baffc802b28a84a9bf4ecd999f9c0af70a2a3
test/fixedbugs/bug506.dir/main.go	none	308	52ccc31775ee0c1c33f7cf29fc07aaef3fb334750efa1ca25263dc21f6d4665f
test/fixedbugs/bug506.go	rundir	308	fdd635334d74fbbfe1c7b6091217625c30a0ec82a81e03867131c03610feebb6
test/fixedbugs/bug507.dir/a.go	none	221	afa5008ce71c7ba9e790a977f559a1a489ae0f4362fa13e8be648bde80611af8
test/fixedbugs/bug507.dir/b.go	none	196	0c827a6c5349d4a8bdea87267ab773507ef980a838d3162a500662b209bc1398
test/fixedbugs/bug507.dir/c.go	none	206	c45909a254aa48e63e51c2d20a8e3e81668ca3286917e5bc232de3c8608968e2
test/fixedbugs/bug507.go	compiledir	259	d10bda8f8e7c432fd166fe5718294710a2475840a503148ca9f4828d6320ff84
test/fixedbugs/bug508.go	compile	293	1ca4d7f25c6db939ee8f09ea1eaa1c72491aafcdef17b10950162b51a267eacd
test/fixedbugs/bug509.go	compile	401	c154798006a01e55928e752e162c8f7524579ec4a2d20dc10f5ecce6c6c4c85a
test/fixedbugs/bug510.dir/a.go	none	304	c1e4f1e80aef4803ce4b15e99ea1730d7139593cfd26196e328be3318f452d00
test/fixedbugs/bug510.dir/b.go	none	269	c011b423fbbc563d9b5d6c525b8d1c1c10d6a8941edddb42b70beb33686cb0f5
test/fixedbugs/bug510.go	rundir	236	8b49c9d493fdf7ec2f64773e843317fdad6ef20eb51109871d8c9466180a2a52
test/fixedbugs/bug511.dir/a.go	none	216	5dfc6219b96ab4cf6d2bd8ff84aa037120f82824c6abc6c390071ce5a66cd431
test/fixedbugs/bug511.dir/b.go	none	209	061e1629f12b1b58e065027a6c3d828fc81bdf2bad29b72d5a0a0ef755c02eda
test/fixedbugs/bug511.go	compiledir	244	a6919eceecc78312798cc90adf52a7d93366b6868d8677d0346811a8d11ae4dc
test/fixedbugs/bug512.go	run	793	0ae89caea1c7d303e6f229bc9cf74adb616f017bb2495d602a8ab3c5397486ce
test/fixedbugs/bug513.go	run	596	ce034ab6e5c1c215eb418093d82b06314417917413a45ddcdda3958a8a7c6222
test/fixedbugs/bug514.go	run	782	c901cd32bdbd77a587e6a1221c117e68510008ae353aa568baf9910a0b8d029d
test/fixedbugs/bug515.go	compile	392	55d35f4ff907645b1007be0838831f9f91629239764c5908b335616a69128db9
test/fixedbugs/bug516.go	compile	276	65f3a92fbfd375d2452ec8e01e37466d526847a00186d64f7a6c98bb5094214a
test/fixedbugs/bug517.go	run	703	bb248eb95c8f7a469a71f40eb551a89fb15cfe6b3217fbe1fe0a0c4f792919bf
test/fixedbugs/bug518.go	errorcheck	321	343755ea337a47916d1712780bc86cd27e24a4a9a80d260b75dc3987e05b9730
test/fixedbugs/dse_move_auxint.go	run	786	9e29fe391a19a088e04d42de5f0b1f5602d18327ee67e5e00fa050173b493ef6
test/fixedbugs/gcc101994.go	compile	330	fa4af42f7150aaade870120d1c75882fe761473b3f9234f79ad1876a3b741609
test/fixedbugs/gcc61204.go	compile	387	90b0abcf75012a5e1c6051ca97282bc62f4a48681b3bb438d0c42fafe6e57381
test/fixedbugs/gcc61244.go	compile	466	8a733b7f10443ebf7b64dd345e613f1e510a8d36b4d60afd223ebbc0e9aa53f1
test/fixedbugs/gcc61246.go	compile	407	6d91732dd66f7b9efa15eab1484c0a3fbb217cd6e506194895a368dde998c939
test/fixedbugs/gcc61248.go	compile	336	1605ec1c89b7e96c2f0f9928738faf23166251399335786aa2fd0568c29faf25
test/fixedbugs/gcc61253.go	compile	390	32122011c8880e27637e645b7db8da235946b8045caec96c67a021026fb058dc
test/fixedbugs/gcc61254.go	compile	302	0c52542e82e4aa74f673c38d639341e4a29b15d2a8511d1ba967fbf9b09f9c96
test/fixedbugs/gcc61255.go	compile	306	620a0ad4c5494f8f907b9fa92d18853da6fc2bb13a74dcc4befe3eb2fe397dea
test/fixedbugs/gcc61258.go	run	310	923d2c8828d1c9f7d4f9f40b343224618dc5006b915f3ee5ddbf3cdece0277bb
test/fixedbugs/gcc61264.go	compile	313	60ddb60705518d24e5fc1269d2fe3536f9a9c3c1eac3f24ea887a0822a326ea4
test/fixedbugs/gcc61265.go	compile	450	f523c0490131c5baf10eb43a505352b87f779fd35e4482f12935df04d10f5e3d
test/fixedbugs/gcc61273.go	compile	375	d2b930727e7d04691113ee9fd4d2a809338dd11e33c699ad1f83eec578bfac17
test/fixedbugs/gcc65755.go	run	605	6a4953ac49009abd7d5f9278aa6de809e001228ed41cc3eb062c32808267305f
test/fixedbugs/gcc67968.dir/a.go	none	242	0f8a33db1d2074e9be1da5cd59d51a14fdef0500c5cdea04f5443beda17d4910
test/fixedbugs/gcc67968.dir/b.go	none	248	c1bc49f380f145ea730e77f252eefb9e8ac7a513b69b173158e12dd811a21e26
test/fixedbugs/gcc67968.go	compiledir	456	ff80913c02e82ae60a3768988bb7f141fe32aad0edf116bc06e8788655e60f33
test/fixedbugs/gcc78763.go	compile	359	8e0d9d96599a6881ed3ad0978e321bf4fac860d05e5ff9920c3acbe79664f459
test/fixedbugs/gcc80226.go	compile	373	a3afb3881f9ada9059df871253c64e387faa6adccc7b0e21637ec39369c65e60
test/fixedbugs/gcc89321.go	compile	376	2da14716ef50e8dc5fd9bacb5e09b342937fa2d1ec48df04d0919a90346284a8
test/fixedbugs/issue10047.go	compile	416	14226def4c4c595a2ec1c45f58b0a5773f6162383acdb6b94fc9e6f458ea4002
test/fixedbugs/issue10066.dir/a.go	none	111	5e97aad8aa551a2cd35517bbf1c3658b0bfe035f1dab2a61a41290eef501c963
test/fixedbugs/issue10066.dir/b.go	none	49	00dab4bdb2f6e84414166b02e426af8136a0bbad8221cbea9164690b412cdc9e
test/fixedbugs/issue10066.go	compiledir	306	eb2bd6af7498d647cf9fefca2d755a4f9aa3a6884cd06c02c454ef08f2ef41e9
test/fixedbugs/issue10135.go	run	597	28e1cffc780674fa6cf5600c96ee87a864e1e6221775b882e5bbcb8a975cd559
test/fixedbugs/issue10219.dir/a.go	none	312	53caa25937166672c1ab2fd48173fa963ff665d326e642850813e1453e342b4a
test/fixedbugs/issue10219.dir/b.go	none	218	50b37bb5ab340d38dcf0c68446e90741302865abe1e97e456614f050261bff4e
test/fixedbugs/issue10219.dir/c.go	none	220	e6672c0122a2c674eab0b8ea86cf2730bd9204c2dfdf62ca9dbbd48621b4f2ed
test/fixedbugs/issue10219.go	compiledir	297	c4eb373d849c3e45ef4b30f28b101840f03550d306c9905ed307841297d39065
test/fixedbugs/issue10253.go	run	418	05e964f2e69263ef92a192f4c5696c2025aa4eab95ecfedf4f2fbd1de2990434
test/fixedbugs/issue10284.go	compile	385	c13cfe265a7d6e5410935212a348b0e0a119d2760b63743a4100ee0579c5a1f4
test/fixedbugs/issue10320.go	run	889	be1d58a596ad90380c0ca57b67d185eca77d1c1c07ab66ba7de7fc71bbd3218f
test/fixedbugs/issue10332.go	run	485	e981e4f47838d0995f533b93eed084fc159cea9b8bbb6d5b976c0adc9998f1c3
test/fixedbugs/issue10353.go	run	917	45c43205031d69e62c9d2bc0962f553bff092f71887af03d3c3cc628cc6daf6c
test/fixedbugs/issue10407.go	runoutput	392	1764f49fe24279693a7083149fcad902a25ce4acb05c218e19cde859dd8ed2b8
test/fixedbugs/issue10441.go	compile	280	32b7560c57e5045df79a6f55b4e31dce96706bfae2cd2f1b6669cf20b6edcdee
test/fixedbugs/issue10486.go	run	518	69edb9e5b9dc2dd484bf2e2cc4b2d78688d2b5a337eb44ebd7896c7c84a2a728
test/fixedbugs/issue10607.go	run	776	434334ff0a8eac2c6a389ecc08b32205be275566a83e4030e5a651c624f6722e
test/fixedbugs/issue10607a.go	none	1635	2ece4000b6fb96a1b7a16b3461c59a39b8edfaa6ad4a113af09de11df4a82231
test/fixedbugs/issue10654.go	compile	351	1207888dcb3b76f2b1c87fae74a733cea15ebcd4e1d939ecaf406c63065eac7d
test/fixedbugs/issue10700.dir/other.go	none	219	1de748639ec01839ac7a2488edf7c024c8e4aaf9598e7856d50bd5e92e856449
test/fixedbugs/issue10700.dir/test.go	errorcheck	2541	a397d514376983cfee66da14e4044a04529489b39715552393eaf49a3486c2ef
test/fixedbugs/issue10700.go	errorcheckdir	194	9ac99e2faac7140049ba2a8f3ff55e988f4a01a2aff1d3bb56a781fec84db38a
test/fixedbugs/issue10925.go	run	588	d71455027c2a633fbb9513024ce53b1a20f3be1a8b9c188f66b8e62105b0c8a2
test/fixedbugs/issue10958.go	buildrun	1927	bfac041fbea0a83fa7c27511dcdc34c42e5dac0815583a9f6da8cd4822fa42fd
test/fixedbugs/issue10975.go	errorcheck	459	2f0880b2eff87442bd49399284dc57f616d715893f3a06dce4a277a33028b2c5
test/fixedbugs/issue10977.go	compile	318	0281fa541dde2e80f2544b31a6521a7109660d5b41338824df179519dc5bdc54
test/fixedbugs/issue11053.dir/p.go	none	213	f05bcf7a0e7afef2ead688f506358a9262637769b3bdaa9f74fb21b487768aa6
test/fixedbugs/issue11053.dir/p_test.go	none	828	791b16fa195ac90b2312e635e55196b665b96b82cae4faed3af0a88e8d3d04c3
test/fixedbugs/issue11053.go	rundir	285	cbf586ac8ec3863cad72ce716bd4c745b4d2b4e840835b8527586dbd3fdcb92f
test/fixedbugs/issue11256.go	run	1160	83ad460d360247144ebf894aa3eacbd21f684402b3b3558a5bb9188b6d0bde3d
test/fixedbugs/issue11286.go	run	600	bcbc4ed1fb8762574e4719d6845d21586c5ebb9fcc49f59d34b258a7f3f3a2e0
test/fixedbugs/issue11326.go	errorcheck	1838	17bc6547ca3b3665d31cab4e177a3346cdeb96f1d24309bd4e31b864eeb6b90c
test/fixedbugs/issue11326b.go	run	821	4005fc0f238d37c64757a4c63fb923d2eb0202608f5a2fceba3cf643a79b59d5
test/fixedbugs/issue11354.go	compile	262	fe6b216d924cfd8657fb893e77dc519bdb8c29af8b7533ae0b1d71b19e255592
test/fixedbugs/issue11359.go	errorcheck	333	d31e14285d1b7b93436b0edf51b7c3d86251f707c2a35db36e31f0f816058ee1
test/fixedbugs/issue11361.go	errorcheck	351	17bcac4ddd36044d6e69b8f55ececbd17b0bc71e6c0c8b92b953aab3a82eab83
test/fixedbugs/issue11362.go	errorcheck	368	c199476950980dfbc33196b8d855a8f6dcfc2ee949166a14c60ae1ff6a9de530
test/fixedbugs/issue11369.go	run	567	a2b133052e0cfb562e8de43d99da44937ff24adc396a6d17baee27ddffa260d3
test/fixedbugs/issue11370.go	compile	286	d462caee18c53ea0174860b6fbba0a577ecd2a894061354177d307f3228863d6
test/fixedbugs/issue11371.go	errorcheck	946	8659c0402973215481efb4ac8ffe8bdf69fd449590793e3e660f30db157ac2c0
test/fixedbugs/issue11590.go	errorcheck	419	21c0eada77711dde3dc5692f90bc245b26a1e117630dbe5670187f1c9ed60a59
test/fixedbugs/issue11610.go	errorcheck	463	e885b5c38739e4a6c5c74020bad69e2709b9d1608e0b74c35ec8f5524d337716
test/fixedbugs/issue11610a.go	errorcheck	357	2a3456c933eb252f20641026c84aaa4295b1395e405aad44e51d3246157964af
test/fixedbugs/issue11614.go	errorcheck	753	d36981cb7df2cb61914f1c0fe8a1cc47f585d11b41016abaf194fcb99310491a
test/fixedbugs/issue11656.dir/asm.go	none	230	4200d59361a169ec935876ee2b9d94c962e4240d010f2928c4923256f49cf316
test/fixedbugs/issue11656.dir/asm_generic.go	none	236	b9b30efa71c0d58ea23b9083fe268798f8e5b945384affea781399f2105d20f7
test/fixedbugs/issue11656.dir/issue11656.go	none	1994	73800f3f97f8a75754a3c3836f37297c888aa598ed835a99ec557a34d7aaca59
test/fixedbugs/issue11656.go	runindir	700	15a8496d39a559d7687c0e5441c0656b7760d60d422a95404f5b3d5a7f192acb
test/fixedbugs/issue11674.go	errorcheck	1161	f1b6a25f97ce829e5695c7c858d0960c6d0aceff91ec7eeed272222a328a4605
test/fixedbugs/issue11699.go	compile	271	d633212a6a8eca940ea9679ccf38dbe87960ddfa88d95d0cae294345a53aeeb1
test/fixedbugs/issue11737.go	errorcheck	437	cc11929b7e2cd34d0fac3b945cc4c9f5f2fbc3e52ecbe416a973284641fb575c
test/fixedbugs/issue11750.go	compile	372	c9ae961b699eda6c65b3bf5aff4ed3bd62e428141472c93c685d07bf4ebfe8ee
test/fixedbugs/issue11771.go	run	1304	7b26d5e877defeaaa787dc49b2ff53064bae1fef35ac597a2e5253b4d1793e51
test/fixedbugs/issue11790.go	compile	590	3bc62e61ad7058518d4ea828979fcac0e89357b283ff0ed1cf29f797be86cfbc
test/fixedbugs/issue11945.go	run	1599	3d0f4789afe34f33e8051806aca5efdcad12860fb3f8c49e809485e6587ea59c
test/fixedbugs/issue11987.go	run	621	1b63a92e8c7714c9c00ad96b5dad8220a0f540ecdec558a491d05b460561d385
test/fixedbugs/issue12006.go	errorcheck	4030	882e08bd54725a6b4e70d2c84301dab363f4ddd85e86696218a97caf69fff996
test/fixedbugs/issue12108.go	run	630	ade7f1b291934342e1462e41b7c383ee42ce1a99835c01147b9befc98bc8b79d
test/fixedbugs/issue12133.go	run	522	30d0f238660a12ace59bce2aced9721df74d9a683225cac349d899cfeee01699
test/fixedbugs/issue12226.go	run	331	2983a62f05354909a73d37ab69d7f09c03269e56ca7ff1222cdba7e2546e0a48
test/fixedbugs/issue12347.go	compile	263	10aadbf4a1f6c5763a641fb10150af14d3a258532ba7f5ef8814f80caee09500
test/fixedbugs/issue12411.go	run	493	dcf6aa34e239fd6553f6adb70f9d947c4b6771ee88bb7c6c5547fb7dca623f2f
test/fixedbugs/issue12413.go	compile	460	2df35440edc2c906e46bceff0b2413e9b97c28f0d31a54d03553fa618e9b8cb2
test/fixedbugs/issue12525.go	errorcheck	495	a954557173fd1fae517e2aa16dcc5148f77a8883979066e3b1142d712d3fa2a7
test/fixedbugs/issue12536.go	compile	441	18259fe8915fcebe44c491940eecb9bf8ccb49fb818a0cda88b03acfa48bf08e
test/fixedbugs/issue12577.go	run	1011	7544da2d88f6a0b8fdc21fec26ae3864e875f53de975d0b3cecd33803a051ea7
test/fixedbugs/issue12588.go	errorcheck	1511	a01453a0d8351c92d5fb753e13c4a094a671c3595ef193ba34cfda548e1787a5
test/fixedbugs/issue12621.go	run	393	cc654e753766da556292335e900cddfec0202c7d6fae863909ae6010497f1d1a
test/fixedbugs/issue12677.dir/p.go	none	240	3c071d5305648ecf7deb198aa040b736e6a420b8bf015e800cf6397ae75096fb
test/fixedbugs/issue12677.dir/q.go	none	214	93f4880cac6c52085a4eba31a396dae5057bb1b68b4ddba1bbd056dafcd92c49
test/fixedbugs/issue12677.go	compiledir	265	57ad0a5da834696bc7755d8edb5c5af4cc3b1d1e5109fea6a1377957fe70bdcb
test/fixedbugs/issue12686.go	compile	393	a805d9323ec67784fb9cf0a8deb2559dd18d9ce8a2156fb833c14177606a4cef
test/fixedbugs/issue12944.go	errorcheck	274	5ba3a0631eac7afd4ad155e57865e7c8b3810f01fae9dc7575200e3afbb12757
test/fixedbugs/issue1304.go	run	330	97d76c2cc252f3e164d3a29dc829ed63c5b3508754a2d90a2faf11cce4325144
test/fixedbugs/issue13160.go	run	1503	275f3e83935e66fba45f3bb018b285a11a245adef2c1ac599ed181bc5fd82dfa
test/fixedbugs/issue13162.go	run	1688	4f0ad06a2492fa8f41b0b05197907ddc3ce53f764ce872883ca7886eccb19253
test/fixedbugs/issue13169.go	run	703	8b4a6fef5f628c9f7fe9bd047510731dbda7641e5e82b7acb3b52f86201df8d6
test/fixedbugs/issue13171.go	run	588	5168706ff024360a3c04bf8db9aaca3f5187e8b72bd1064cd2ecd9897db077a5
test/fixedbugs/issue13248.go	errorcheck	371	580183841f290aada970f14502e73e4301dcbbca7be11e9bf2c493ba143a8d3b
test/fixedbugs/issue13261.go	compile	520	e0f90615c452bb0fb2a57b6a76b47cd9771a31f451415822086892ee911b4def
test/fixedbugs/issue13262.go	compile	386	70ae0a75e55be125dffd2f00dd48563605091200394556f27d1a0bc5ef941a38
test/fixedbugs/issue13263.go	compile	252	fa3bf9690ead02c9ee460089539a7364d3b580c8e5a39768aeeba11e43d09e76
test/fixedbugs/issue13265.go	errorcheck	438	d7c15d1b67f19d6aff2d6bcaf4f8ae03369252be0fa44f5c15d0ddcbbdd729b7
test/fixedbugs/issue13266.go	errorcheck	391	e8445212dd19dcf405cbae7c1bbc0e9f1ce77b078ca0646f95df74ff1f5c87de
test/fixedbugs/issue13268.go	run	984	1288a4768254ff1cb8b3c3785d818f72b4f1d670da392051c1f877b1761f0b1b
test/fixedbugs/issue13273.go	errorcheck	1778	33d218e9eb7343a9b4aedf9bdc9fc0d7551e515f264f04083b2c9d6826fb5428
test/fixedbugs/issue13274.go	errorcheck	279	6692235c8d04dec337045a4abd858293af1cf061799606b9e50d5848dd2bf9b1
test/fixedbugs/issue13319.go	errorcheck	423	0607d4163ae68c5ea8c301e1fc20d169785b2ddb458f30482dddc04d775d1abc
test/fixedbugs/issue13337.go	compile	653	30d21e301bc257dc49643bd5608b73b27fb968b9af2d1e645b34dd643c277e8e
test/fixedbugs/issue13365.go	errorcheck	1057	f3b29574f486b92ddd495304bf06676d501215967be70511949c2d666e06e15a
test/fixedbugs/issue13415.go	errorcheck	500	262d7c9b5d3c2a6971abe291f470c6fc9b19a8bc7345ae08d9b71a7492a52ebe
test/fixedbugs/issue13471.go	errorcheck	1696	6c1f93324784195b1316ffcf79dbdb0f5a0a1eedc2b28337783fa732f4748c5c
test/fixedbugs/issue13480.go	errorcheck	1245	1b24a76111f64e878f9e64d8df58473d6dc01aa3cf50a402902ea1adebc11bee
test/fixedbugs/issue13485.go	errorcheck	450	50cf1d473a16e2672b0c4e2680fe963f82dfac2071339afed889b18de4960da1
test/fixedbugs/issue13539.go	errorcheck	417	862e0828b3c5f5635a75b33f181775005dc928911cd931f0f471af96aae7f894
test/fixedbugs/issue13559.go	errorcheck	6001	fb9e7f6937ce645af02da2b08c0ed49dc3ad5d75847619ee9ff660bd3ceba635
test/fixedbugs/issue13587.go	errorcheck	442	b018c74f0da8981e1ca689e4a314c3db248266bc004182477f7ca3fd61e9ab33
test/fixedbugs/issue13684.go	run	317	8b4a266627f075da727e6fe9fec2f24400ed19a4a5fadca8c25ddb73d417ca4a
test/fixedbugs/issue13777.dir/burnin.go	none	291	3f911979d5ae947b6b8f7c23f76063c4332ff46d2946815e75c15791b196391a
test/fixedbugs/issue13777.dir/main.go	build	84	4a937c4886948c31a37155ded0d78deae132995b760268225cb0918419d1857d
test/fixedbugs/issue13777.go	rundir	187	cc5490133572f694b69b84417950be9b40db51e3bbe29344b77332651a872bd8
test/fixedbugs/issue13779.go	errorcheck	483	f3bdb87dc5cbe8ba1ab554df0242387769a13b301a3022abb876bbdc6f9aeb43
test/fixedbugs/issue13799.go	errorcheck	5117	3d5d19c8d95d5bf6d2be3a76e0cf4f80c4ec94786d1d73d3ad139014f2c3bc70
test/fixedbugs/issue13821.go	compile	300	e7f6e812e038e0599e74b35b61a4dd4dd1d6ba9c20be835a5978e933240d3fd5
test/fixedbugs/issue13821b.go	errorcheck	841	fd2efdaf47f8b086ae0c86629d954f946c453e9d9f6850220fb477dd9debffc5
test/fixedbugs/issue14006.go	errorcheck	1374	8cfadbf86913e4a4e001780f7b3f5d2440c5352bae9d82decf121329d35d9602
test/fixedbugs/issue14010.go	errorcheck	449	a38ade932fcdd63858df7419d81f2d467b5e6dbad8b96bce3c39fe6254b29fcd
test/fixedbugs/issue14136.go	errorcheck	631	5ebfb84831a2e0a011a116fa0b9207d85a60f71a13df2b166c9a1a366f59eca4
test/fixedbugs/issue14164.dir/a.go	none	1127	b6f8a94b585d415dff978b09c832eebf0c014c040dfee1e50c5e462f362800d1
test/fixedbugs/issue14164.dir/main.go	none	350	77c23f2e6897906c64ca191c962a9981dd41f4f6457637d5af384e6f1732aa5f
test/fixedbugs/issue14164.go	compiledir	183	d1b2c7d4009438ac9fef7ca30d0d9475e2f0afeb4f2f8af44a2d1008ab6e9531
test/fixedbugs/issue14321.go	errorcheck	528	53791b47e8e3e8835367ef82c4025a94a7ca12fba671e7a5ec67bf212ae23405
test/fixedbugs/issue14331.dir/a.go	none	249	902b6b0eb6f01ec517fd773fe0d4ea87b1381c6b0d18ac99cc02094e9b1ecf85
test/fixedbugs/issue14331.dir/b.go	none	219	f9fdd2943012293d9dfc6441ff649825343b402be16e09ebbf13e018d2d6fa1d
test/fixedbugs/issue14331.go	compiledir	231	01ab38cb30a55ed0f4d9d0b793ce6d0461d3c8156a51db56314c51b03e516d90
test/fixedbugs/issue14405.go	compile	348	8e60ce602124354c6dad16d9cc702e090207be65069186cf0aba04a355401ec1
test/fixedbugs/issue14520.go	errorcheck	294	0af9992eab33c4514b12fb25ba4824a4bc6334823b2fa5d29021dc5a7c213afa
test/fixedbugs/issue14520a.go	errorcheck	231	62eb200bd1acffa921ebbb7756a9a3a411572ffdce59ffa391ae33ad7f83f391
test/fixedbugs/issue14540.go	errorcheck	379	0f9ccfc4d244c13530edd7895872927c7956936723342cb479226fb8e6eb4146
test/fixedbugs/issue14553.go	run	940	7e7951067fc1298aa3e29cead3408dd91faddf394877a972b58f1eefe0b46891
test/fixedbugs/issue14591.go	run	769	8a20b1f7eaf408268a80982c90ac80b05224baf14692c7f3b3b6594aab0490b8
test/fixedbugs/issue14636.go	run	1521	ee517649475867f5aa723d78b040dbe21d2adecdbcc1a223a681c02ba46c731c
test/fixedbugs/issue14646.go	run	484	c2e2fa63ea9fe0ed1f6867ef00557d6a0b2dfa20fadf4b9ad1ece534733f6a7b
test/fixedbugs/issue14651.go	run	1961	49b8c5bb01ffd63973a4165ec5773835bcfcc635791ab402819e38481a00fb8b
test/fixedbugs/issue14652.go	compile	240	bf2aa4391db76a62aa45826e41298fe6deaa273cd36bf81055e8b049b98b6148
test/fixedbugs/issue14725.go	run	856	70e739432ae1ca6a19f6e2f844850037a15dc8619996941cabfc286ea6ef4e99
test/fixedbugs/issue14729.go	errorcheck	469	e017fa5c55ed671119ba0d446c9b327e9fc6d5cc610454c8ade2fcd2ff402e23
test/fixedbugs/issue14988.go	errorcheck	368	e58a603c3e36b0727ca67745ecf5cc99d3bf4efe471d505fec9aabac0068015c
test/fixedbugs/issue14999.go	errorcheck	535	4678721403e36ba8edd2f2d1ce8ca0ec6f8787fa7a44c326d50bc1d9d234e10a
test/fixedbugs/issue15002.go	run	3267	8e727b355f1288634230ad39f80c02a59f69be7d16bdc357ec6b690e0c60b2f7
test/fixedbugs/issue15013.go	compile	559	bd0410055569e9aca23ff46979cad311fc02f0391217500b3a0bc48304be0b89
test/fixedbugs/issue15039.go	run	545	f2c125025a59fa737947b17645eadf037e46d88edb363ef92d8037df65d69d11
test/fixedbugs/issue15042.go	run	450	54bdc8b8e82644ca54eb893bc654f3646f80c6f04dc96946c03c0e505e30a14f
test/fixedbugs/issue15055.go	errorcheck	1117	a82ed539b1a593309a7da4eb32fe948a9ce5db2973e931bedae51c49c914ebdf
test/fixedbugs/issue15071.dir/exp.go	none	378	06e42a20e8710a281fd2877a769973e7fa13bcdcfc1265017820398c428363c8
test/fixedbugs/issue15071.dir/main.go	run	258	e8f18b00dc7289706034e4411ca61f5ceb3bd8728b15e12daa19e0bd42161c73
test/fixedbugs/issue15071.go	rundir	187	981d96ffeca48c0c85e4b8356b06256841f4ec0419c25c3c28226dd3f95742af
test/fixedbugs/issue15084.go	compile	395	abece4e9003157c975cee3e6cc66101509b8bd245e8a25e3dfc16ff749e5554b
test/fixedbugs/issue15091.go	errorcheck	989	18bf1f15a656c906b1d63da786d17b214561e6e0a7d24a47c341e6956ae000e3
test/fixedbugs/issue15141.go	compile	595	bfe9ae896d0eca363e5f34e1860984124efb96b06907d5a03d386cee1b47d628
test/fixedbugs/issue15175.go	run	1871	c488b58451ebf100b4ca7c64af05ef03de400d1e6e281f011e0badc3a7092996
test/fixedbugs/issue15252.go	run	612	4e4fbcc80036d611bf291a9ec064969021ca39943096d8fc21de6f16b24ae13a
test/fixedbugs/issue15277.go	run	851	a99e0b0abd9030afb296e1b0a2f5e2c4c8bff28622b23e36362668d71b1512d1
test/fixedbugs/issue15281.go	run	1271	9ed1a9f7c65f2c92d8d0b315577d407f0a5e67e16350eb0100d56182de3b14f8
test/fixedbugs/issue15303.go	run	437	50a8832040bae91b73f2958e60895e77e464925a57d4117484dd4531d046e18e
test/fixedbugs/issue15311.go	errorcheck	529	d50eb227066a82dce7cbd05a98e3eb9117ad47f706964ff1082dfc3597cf091f
test/fixedbugs/issue15329.go	run	2154	50f95d07618fcc0d73ad0ed2b5ec346f0534bb06f53313d20cf6faa7f06a8ec0
test/fixedbugs/issue15439.go	run	514	7d17d5f92a0984db2268a0d5ba23eee28637f9ff61884468e2b8d970de239a0d
test/fixedbugs/issue15470.dir/a.go	none	429	80c3674f93ebe98e216ef78c850e618ad1f3a9699fd3a30fac3f42d957fec73f
test/fixedbugs/issue15470.dir/b.go	none	43	e5c807cfc7c13849010c01a5bf5dad742e5a159e3a4d55284ec63066881b89f6
test/fixedbugs/issue15470.go	compiledir	288	49ed508d97caa816cb19f4d76992a97ae61fbae769a1c01b11f4bc263fc996d3
test/fixedbugs/issue15514.dir/a.go	none	196	2b93a4f3df3180d8e8733e66a97858c1148cb544f8159db43919e847b2a1309b
test/fixedbugs/issue15514.dir/b.go	none	213	723c6f294389c6e4d873a98fd90ab0aa77818ed9a5063c12c92d3230563deade
test/fixedbugs/issue15514.dir/c.go	none	261	d27496b4cf10d3006d63589639cc3ebb62f541195a7b20d57695748ba1de98d6
test/fixedbugs/issue15514.go	errorcheckdir	194	0c45dffd061f8716dfd8ba3d982720a7d7ca7afad5b7daa96fe9b8eb0a76e696
test/fixedbugs/issue15528.go	run	3217	1e80104444081ffdcad4188aadf71b468defc3452706079619ddaecd7bbfe039
test/fixedbugs/issue15548.dir/a.go	none	284	d7903602fc0949c9f47de24ef9e1de1227485334aab32ff5f8e597acc9fd94b8
test/fixedbugs/issue15548.dir/b.go	none	195	7089a0afa973e9911b4ecca8bbdc8bbdb6aa3c322b81f90c6a833b5b4a3309aa
test/fixedbugs/issue15548.dir/c.go	none	200	c4f0b6175e98bfc58d90bad79eac52f9f8edff62962553571543359c0ea7e5a3
test/fixedbugs/issue15548.go	compiledir	191	3f335a35a6480e170845adc007bb61e2523583e208ded6f4049dc1c473a305eb
test/fixedbugs/issue15550.go	run	346	2c4eca1623885928ff2fa890ca8ecc12e0f8b5d911ef0b98b5855147c80573bd
test/fixedbugs/issue15572.dir/a.go	none	738	7fb7af9ee245cdb36f17a79b6a30d1707fa461d55d5734c809bbec22d6e157fb
test/fixedbugs/issue15572.dir/b.go	none	309	595eed6acbd1bfe58e6ff86a3000ea4bd15eeec35619ab75b641ada405d4b34e
test/fixedbugs/issue15572.go	compiledir	358	e414a7e204fbc11bb99a7fc387d117a442a2cca832e2b9a2441d882ba17f1945
test/fixedbugs/issue15585.go	compile	829	0069121212adf301243239d90d3513460edff59c4d9fee9ff680e2425ded7d9d
test/fixedbugs/issue15602.go	compile	227	b0e160b497b9353855c579cb5378bf7cb590ffcd207c7e7500baed9c537782df
test/fixedbugs/issue15604.go	compile	309	c3c5e88cf413698130592f4b21615fd64d0a42896f01c368412e9d8631720d05
test/fixedbugs/issue15609.dir/call.go	none	67	22f2fb44fde41f4afef9b0886d7561367917c2607c50efd9ca98c9c2b40a093a
test/fixedbugs/issue15609.dir/call_decl.go	none	51	1f24bbf1394a3ff5f6c0c4b41ca512e5b08a175bc89e1f9e6aa3adef96e2993a
test/fixedbugs/issue15609.dir/main.go	none	135	afd3a1dae5d8cffb2c8f5321a5d330ad660fb9958232b42c9fa2fffb14df198f
test/fixedbugs/issue15609.go	runindir	207	3bd431fc7b9c2f3b03fb80052b790125b734744a8d52f08d7ac187f5b51630d2
test/fixedbugs/issue15611.go	errorcheck	685	12528eafef765cdb33eadabc2897ba64e9285082118eea44839afcdbc484d829
test/fixedbugs/issue15646.dir/a.go	none	394	21baff0f8b38a4906cc710c8d1d1c08b717ef4038c8b749f2c74942b5812c61c
test/fixedbugs/issue15646.dir/b.go	none	307	a2b2b4d4e8532a809203c15891e4c6faf43ed6efdf270831c1fc11b75decd377
test/fixedbugs/issue15646.go	rundir	291	bc7ac1008bfd0b0c480cc8104c223a57c4c26790beb3ba1a7be5dcb9924b12b1
test/fixedbugs/issue15722.go	errorcheck	506	36fdb4c8a46f34a5f37d75df47eb090b8e29196ec5cd5c445a7a866751c0801d
test/fixedbugs/issue15733.go	compile	309	07c7240ff40b567bc4cefd30c6a5aa6781945da3310c6a216c38e715b34b3f76
test/fixedbugs/issue15747.go	errorcheck	1188	f064b5c9a3cb64f8c84acdda34de217b02cc3691358dac670c620868d6d962b6
test/fixedbugs/issue15747b.go	compile	539	b019b39b20a0cb30672d73c4321b8cb731bcdfc71708831d9be4c48dcd2b739f
test/fixedbugs/issue15838.dir/a.go	none	541	7afe296b44868689a2025927d4c3bcdf4a5fb9fd55200e61fb9c29e52304c7c6
test/fixedbugs/issue15838.dir/b.go	none	206	54baa2d8acef96950d8a5220fc75be009bd07e0b82d95a790ed29ccf9cc6609e
test/fixedbugs/issue15838.go	compiledir	370	b17285e72e80e6084145ba90b171a29b4a82071647f9e8b77acfe979f099d6d8
test/fixedbugs/issue15895.go	compile	400	0e0850a16786ef14d96560935555f6e1c7d9e74946cc1213cca5cff6c956ac1b
test/fixedbugs/issue15898.go	errorcheck	503	dbec09936d06c195b2498c855a7552beb8ddda73e528d9d6cc8ef7b0574c92c1
test/fixedbugs/issue15902.go	run	467	58ad4bb4de99b79706b790fe72a195b9948e2870954e76458284ba8797964318
test/fixedbugs/issue15920.dir/a.go	none	219	a5e0cb887f31b8b4c7153d4d6a9b9bbb29f1d2f4c7bb80de9c3127bc61ace018
test/fixedbugs/issue15920.dir/b.go	none	186	e93af54056339791e17dc782688e51cbd571e991db1636ffd0cbfd1f6f07b06d
test/fixedbugs/issue15920.go	compiledir	191	3f335a35a6480e170845adc007bb61e2523583e208ded6f4049dc1c473a305eb
test/fixedbugs/issue15926.go	build	389	687572ebab584cb868345c83fc9de5a4100fc96f7779802daea5b0c98f6bcf3b
test/fixedbugs/issue15961.go	compile	352	5ea1ae3c68e5489c8ba0787fe7b89bdc222302fd36e66cf41ba7e2aeb956bcda
test/fixedbugs/issue15975.go	run	572	43d37a8e018cca3f3b4499f909ad48d8858d8768e311608c31f7904248e04cf9
test/fixedbugs/issue15988.go	compile	252	000b007011e8615929115e11d44d09f3c0485b4319bc7ad95499153eeb672fdf
test/fixedbugs/issue15992.go	run	593	801c1d575d9dc9aa3fb9fa3ace35331dbad7ec2137c7dcb8fb6c7b8c979f1a04
test/fixedbugs/issue16008.go	errorcheck	1047	1b39d2177ed6d9890ee607994dfcda87cec7c19559047637f3c5792c25b675c1
test/fixedbugs/issue16016.go	run	877	ace116f284e42470f8c12b78b094c47a7114f805907e282bfe8a6086ad81bc38
test/fixedbugs/issue16037_run.go	run	1327	f8e518e9110ad3941a03b2466fec142d4d9d561b245f6e0bcb8e4fe8d02d005b
test/fixedbugs/issue16095.go	run	1938	43ef43f596d904b2d78f9605d58be988c51a5293522b3df0de348c4ba15e073e
test/fixedbugs/issue16130.go	run	948	67aa45efd17a471b6565a1a3fb69ac5e3d6c83bfb979b462663ccd1f660389e5
test/fixedbugs/issue16133.dir/a1.go	none	55	ec3efa333daf5934844cb0c89c8271c51241e5fe7ec1895e0597d54fbce4f746
test/fixedbugs/issue16133.dir/a2.go	none	55	ec3efa333daf5934844cb0c89c8271c51241e5fe7ec1895e0597d54fbce4f746
test/fixedbugs/issue16133.dir/b.go	none	51	fd15f9b77f1a0b35909c791133d386aff240ce880cfab1f449ecae847693f0ab
test/fixedbugs/issue16133.dir/c.go	none	104	c20f0a3b0af4c96b737684a2af5e670af246abb035011f3a2da34e60a17b51a0
test/fixedbugs/issue16133.go	errorcheckdir	295	d1cfb8aac56f22eb4c7999f7df4376ac61459142f416f3e52b663e8113b959bd
test/fixedbugs/issue16193.go	compile	436	1f6ecafd94e5c63d5c75a9c107cfdaa4f56ccfcac65aa84500bd3d05aecb3909
test/fixedbugs/issue16241.go	errorcheck	2094	2f9c07fb1ea42da4fac40aaaa99e5de84d12c92ee6d613c0f9a0a1fcf254e0ed
test/fixedbugs/issue16241_64.go	errorcheck	1494	c8dee715148162bc2ef53cd76f173b9ffbd237cff7905d6da27136a2dce95660
test/fixedbugs/issue16249.go	run	1287	7b56ae828218439f84c550f79a9c9513ee8848895c01c5a4bf5ad4e9c0fe8cca
test/fixedbugs/issue16306.go	compile	314	c559fd01fe16e1e63b02a855c28dab90b5a23921ffdb087e42534e58d257c42c
test/fixedbugs/issue16317.dir/a.go	none	268	b6c8d9d1e537d3140a804dd678eece2c5559f3edd673e58bb33ba140dc2d7064
test/fixedbugs/issue16317.dir/b.go	none	232	022cc0d5bae48b9bba5c012c0149c59e01f610c51d23db2e585c74805b9b5923
test/fixedbugs/issue16317.go	compiledir	296	cf05c17661f459b0b84504c69c097d990ab8ca613da6eede25519c6446c7a41d
test/fixedbugs/issue16331.go	run	839	2846f80113c48bd261ecbf374561634e9e594b3e0f4b61685b6680e61918abd8
test/fixedbugs/issue16369.go	errorcheck	302	84acb32a4bb5168b98ceaf323e9de8b96748f66e7aed3cdc7c745fa0f75985e9
test/fixedbugs/issue16428.go	errorcheck	292	fa3850bcd668d31cc9e7cf4430a3c43c2926f0cebf9fb86bc3697f426bba225b
test/fixedbugs/issue16439.go	errorcheck	779	0c0cd3ce3835acd35b6b14a44ef178fd0083c03ea68d7fc0c5299fc5c6e83023
test/fixedbugs/issue16515.go	run	1122	83de38f4a9c153de3ce1174d23288162ea5a2c44b921c9c6f77ac2033990ec2f
test/fixedbugs/issue16616.dir/a.go	none	194	66935776280b70d6ded9270e90563c3576ded710bf674813f52e43e7a1fa3759
test/fixedbugs/issue16616.dir/b.go	none	237	acec565bf4db32edb3fc03d230084ed7c8d0063287fe566c1cac5fe1cb8cd2f5
test/fixedbugs/issue16616.dir/issue16616.go	none	666	9d7d7c60af144221f3984220f36bf3a0e2b17de575b294067bf3652d3a1f04dc
test/fixedbugs/issue16616.go	compiledir	272	0a2b7f5657a0bbcb9a67c1d830a3bf43dcff8fe3364c8198dfd1227e4382594f
test/fixedbugs/issue16733.go	compile	364	cb4fa6907c7bbde565c9e67949c327352371565f6a997e5197469777e42c108b
test/fixedbugs/issue16741.go	compile	363	45db6ec2122ce920ceee1232bf9f73766ae13a506bab206556f5068c49f01fb5
test/fixedbugs/issue16760.go	run	796	99da36cb44dc030335af2115b7ce097384b540b42210dd10ed27249ed46b293f
test/fixedbugs/issue16804.go	compile	331	fc9b2161240f5043bd0b212eff486365009ce3363cfb191f74cd5762c36c6107
test/fixedbugs/issue16870.go	run	1750	a19f0d9a3ded505c5d7fb5c568b924c1be3eaf4233436b9b3349465449f7d433
test/fixedbugs/issue16948.go	run	703	49e50f3c0a22b4a7b0c7f2e839483fd0c02c1ed754e87ce285cbf15a2875b354
test/fixedbugs/issue16949.go	errorcheck	1077	39345103551537f36f9bfbd80aa5f7a56e6c168085ceb4f29350d2c3deb4384c
test/fixedbugs/issue16985.go	run	625	5f632a181730cc06b913e52b66f3f297c33f1439678c60f10e648167d1dbda2b
test/fixedbugs/issue17005.go	compile	798	38822876ba8f10314f6e641e5b54223643d78b6c04f11ebdd6ad3480164ee42a
test/fixedbugs/issue17038.go	errorcheck	253	c322ac2135033e4e26e8847149e20de88c8133575417987ec75e243a7f2e78dc
test/fixedbugs/issue17039.go	run	315	1ac5464ce7849e75bd5d0450f2ecff9824a1bf8e5d5250b3340b01c15793c3fb
test/fixedbugs/issue17111.go	compile	243	1f59b78dbee69976992fc3b42a067dadd943c239228a63562677e3238f9f57c3
test/fixedbugs/issue17194.go	compile	303	8bf623a3f54be07f0cf64c74b2fd27cda702e5fa4fc9faa8c0a7d9727ad8115a
test/fixedbugs/issue17270.go	compile	229	515b3968e7da52453dae6fae8a394801fcd9256a6de1b1ac6dc675fb94f51cbf
test/fixedbugs/issue17318.go	errorcheck	1390	e8811cdf481b8fa0d504c0412813f066d10d8daa1628d275a361f60e81327c84
test/fixedbugs/issue17328.go	errorcheck	355	c6b5ae729c64569fd968ab5336a9bff5dd3f747e2b9d4381a891f14d59c45d7d
test/fixedbugs/issue17381.go	run	1069	002d7df51bbd6f3b17c56e0551881840729234359b86b35b65072df8acda9578
test/fixedbugs/issue17449.go	errorcheck	1070	824b6565f36df614e83710b2e454eba5aa38d8fd82d179d0069424f5454ed790
test/fixedbugs/issue17551.go	compile	416	9b0fdfd8d6826b377aa38f7ac4071dfe44f2628830724c928a0229b0976bb2fd
test/fixedbugs/issue17588.go	errorcheck	569	94c5ed1ff594a01e134648824a975c275aea0fa3f823e363c3d09bc2d1186faf
test/fixedbugs/issue17596.go	compile	314	0a110978e3921e53ffcf91929cf2e2cf41d9f0d17ee2abeca3318b5fe71629f7
test/fixedbugs/issue17631.go	errorcheck	540	29833428451657dad20b39df2c920c648f1cbb85f9435e97b23f6cdb6936021d
test/fixedbugs/issue17640.go	run	612	e89c76af992f2b8414b21a956bf6788dbc52b72b66b8166e2003e64c16b82728
test/fixedbugs/issue17645.go	errorcheck	475	362e352eb10270b16190b126b587e575a7cbea56f0160aa7cffec1ab00fa041b
test/fixedbugs/issue17710.go	compile	252	055a7c86f8b7a83cedbb6767fa9cf5a601ab4ca4534f307e32f38c1c97274cf2
test/fixedbugs/issue17752.go	run	377	5dc05f52666322bac30099e5cfd60d628eb224fbe67f8d20eb3b4c5cf7370dfd
test/fixedbugs/issue17758.go	errorcheck	330	122365746e5c06ccf0ae448c5ae91189e2a4f05cae0ba95ca52bbdfa5a3ad7c4
test/fixedbugs/issue17918.go	compile	619	8421d634668cedda9d0c1f92cafb7ab4490e4d7b5070d6673929e463bba032f4
test/fixedbugs/issue18089.go	compile	269	4e5c646caa3a09c2ed486b9711afeee0dbd2403f13827e926ace6c112fab4612
test/fixedbugs/issue18092.go	errorcheck	320	41a00de9e41f29e9b57456ce3a366fd9cb03d6900e5f724367fe38fb784b8534
test/fixedbugs/issue18149.go	run	1346	ca718dc0a813ae4d2c4de618629c01354fc4c93dd5c4beca890c594f30715c90
test/fixedbugs/issue18231.go	errorcheck	443	ab37ddb606533cc0797a0e1432bd5bd8b4d9bf4336c6c4f78cbfef795cd94e57
test/fixedbugs/issue18331.go	errorcheck	685	e432c3abf5abc08c578fae35c03220bf476f73eab65da122507c27d36c291c95
test/fixedbugs/issue18392.go	errorcheck	251	7faf64f8e5a54128c94e69fa67b6dbfd3ca8102777390fac6f1e8aabb60d9216
test/fixedbugs/issue18393.go	errorcheck	565	dd0e51e4e36d33b0a6e963b9526ac92127e7dfbf8b884dad401a035c5cacf0a2
test/fixedbugs/issue18410.go	run	686	aa16984c0266e85da32898a442fb7ea650e601fb53554e485411686849d2cd56
test/fixedbugs/issue18419.dir/other.go	none	258	ac2030f12c07e01f7eedf21c8aeb63f0162fa7b6a8d4f4ea114fdfbebeda4a19
test/fixedbugs/issue18419.dir/test.go	errorcheck	414	d59c50d5a454b63eb8b37d655529bfb4419e77b432edd9b643b02612b492f265
test/fixedbugs/issue18419.go	errorcheckdir	194	9ac99e2faac7140049ba2a8f3ff55e988f4a01a2aff1d3bb56a781fec84db38a
test/fixedbugs/issue18459.go	errorcheck	334	58fd1d562c53d288de4ca7e0dfdb15735de300015cf3202ea2aa48cda87e7e32
test/fixedbugs/issue18595.go	run	867	fc1b9973d5ae30edc2fdeb0c87994415061cab0b069175212e333a5f0f0962b0
test/fixedbugs/issue18636.go	run	411	bb0743a5e90d24398bc55671c6477806014c8d6bd9dfbdc355401a2a525428fd
test/fixedbugs/issue18640.go	compile	505	57f8f71993bd3d48a2de2d1c6268104e87b939950b996b3e8708ed2129afa8c8
test/fixedbugs/issue18655.go	errorcheck	701	4ea0570b9b7b0fa1acc176e69f0814bd963e70847d6481481253f1125dc2491c
test/fixedbugs/issue18661.go	run	536	81cf95c6e3fb537163e6483d43a1a011f1fc577bb91eb0949b548c24eaeea818
test/fixedbugs/issue18725.go	run	415	89e69644101d0bc651dc8be904b6b34e41a1f4ba0153615e6d588c9f4a233d51
test/fixedbugs/issue18747.go	errorcheck	575	f4bb76f0feb894c4b8792546ac3465900cb40e5bdc9fa1c06680bef6f964ec12
test/fixedbugs/issue18808.go	run	847	d82b95c62e4431320f47d30b47104edeeb82864c9cea8f056360034df4cae851
test/fixedbugs/issue18882.go	errorcheck	309	699eaf9a57b9165138994512654d0e05e847a88370808158955a6a1329555441
test/fixedbugs/issue18895.dir/p.go	none	298	ebd64e865cc53f92ba3c7e135c8b052ea445c23ae73786556c96f760f53dd2e8
test/fixedbugs/issue18895.dir/q.go	none	288	0ba90b3a66f4df67a6741ac8034142e70613180bb6617b848d823ac01b71a3d9
test/fixedbugs/issue18895.go	errorcheckdir	200	589598d60a6ffbbbab6b42aadfdb5f10f013f8a0f62848e2957f018b87acfb39
test/fixedbugs/issue18906.go	run	526	0a14489b4b90cc7e341b013866ff6edc1e2de0bac8a64ef12b0cae340a3b5a3a
test/fixedbugs/issue18911.dir/a.go	none	209	a77060c84c61816772ed420584cd1c04aabc8e8e8406b0b3491be633f2165758
test/fixedbugs/issue18911.dir/b.go	none	463	0afdd11b91e58cde16842deed669fb8d369e8aa570b3993d59bfe0655d603185
test/fixedbugs/issue18911.go	rundir	186	6a3989074e1520dcdf4242d934b27278a18f6699ba9e29b36ecfcc77700d6690
test/fixedbugs/issue18915.go	errorcheck	581	b6d71485b9f7b6bc0348102e8f06f2e87fc544595bec25aae79bba584de6562f
test/fixedbugs/issue18994.go	run	399	abb329fe7c604cac52a90229595046bd96891d3f65aebc9cb63c5150347cf361
test/fixedbugs/issue19012.go	errorcheck	872	277f3fc7cf72b1cfc6fa6f38c3de3112fb62c9b3536ba67c66f75e594b800a6e
test/fixedbugs/issue19028.dir/a.go	none	218	4a332aef288565d21847ecff0fa2c78ba0d53654dd5f67e95449b63f9a329846
test/fixedbugs/issue19028.dir/main.go	none	569	4666b520e66c5db1d23fb2402f473b578626cfc658be7a425c95b6fccfdeb32e
test/fixedbugs/issue19028.go	rundir	454	5991a8a1b289df226578f01fc28b3caea74549f1f6ee3a32c1b91ea3f0e46500
test/fixedbugs/issue19040.go	run	628	2eb10e639d877d4de9e5cd73897cffc91e1aff054e8678860c3399a932522de2
test/fixedbugs/issue19056.go	errorcheck	256	3a809f299bc74eefb18258783156c7c939a22f17b1ae0db5fcbf46be1afd236f
test/fixedbugs/issue19078.go	run	1248	5b3c93d8f7fe05971aeefdaa3ea2b692a89144e07491053cbb9e1dad26aa734b
test/fixedbugs/issue19084.go	compile	330	ddbd6836ae4d61bbcac3b194d1e2c541133a1451c20d50a0488d724c439b5556
test/fixedbugs/issue19113.go	run	1848	4a1c76c202985b580c457b9ad25e84f4d83beb2f426019dcf7ef589c7beb8268
test/fixedbugs/issue19137.go	compile	1117	ed8dd85d1ab581c57e4cee980b65a26d3458853f84139a7d480775a79ce8b5e8
test/fixedbugs/issue19168.go	errorcheck	1370	e7e942f5b4f9018b3f3e382d02037caabac751511d6a683114b9135538beccf6
test/fixedbugs/issue19182.go	run	737	ba12c2c8f87e2ba055044fb26bc1ff0f3e6f19730e2aa2d573b6eeb7c7602302
test/fixedbugs/issue19201.go	run	765	98e6a13258379502f54c8463e07fa53a8bb3daa76c6c613ccaf706c499c10680
test/fixedbugs/issue19217.go	compile	588	f79bfcd931bd56cc93d04794f72fc40f4fecc95a576847661bbf304673fd4d6a
test/fixedbugs/issue19246.go	run	499	375cbac8050eb861356aa7fe5db3d4c01c05bc242fa03ef6390e54be8680a9c9
test/fixedbugs/issue19261.dir/p.go	none	713	cc006d7ed0fc2f20a25fe99847fa1843c8ac9814aa9cb07c76d70781c7b5c903
test/fixedbugs/issue19261.dir/q.go	none	465	85b6e9494a45584fd9098976134569af6f237cbbb37806f6a608824786ed112d
test/fixedbugs/issue19261.go	errorcheckdir	237	a8e4c962b427d89f95012f0c75427c6cde68e20fd2fcc95f2369767149c02408
test/fixedbugs/issue19275.go	run	1206	dad16edebe0d8675172cd14c8369ad6b2eacff1c1d993d5025f932676e5b4bc1
test/fixedbugs/issue19323.go	errorcheck	460	0ada8f0b2b522d58bbf80884aa82de45a5c1e480a41c7b20c5c6ddbe04b5396c
test/fixedbugs/issue19359.go	run	1965	e2be10a3f434d50d6ffc33c44bf64973566ba9d90dd841c80fd97226d7eb770c
test/fixedbugs/issue19467.dir/mysync.go	none	421	f18b6d24c1a092fdb69bc8131859434ef25be98e0a1e44db5d70d514240e1110
test/fixedbugs/issue19467.dir/z.go	none	696	40d3fe6f693d707b3e4f68a72a52708524e62da0aa026cefc58e822be31d8a11
test/fixedbugs/issue19467.go	rundir	192	7e1aaae9aa576667a4cb17736abf88516d3c6f9d44a33b16bf2e7ac5edd5871d
test/fixedbugs/issue19482.go	errorcheck	1077	287ce3d0db65ee6141b903405a4036c9c189234ecf5d09b36310b933ff44a6fc
test/fixedbugs/issue19507.dir/main.go	none	349	59157cb8c708efc52277803ad1215e123feeb879c390c6657d8fa07eb181b94f
test/fixedbugs/issue19507.go	builddir	205	260a71bd9ed6d8589e7908235215ec49b8e53a477a8004f159d34c57eaa360ad
test/fixedbugs/issue19515.go	compile	931	76340d855b36c23348c4b4eb26b36d82d7bd3eec6402a374bf2a25e821e012ef
test/fixedbugs/issue19548.dir/a.go	none	516	b2c3b46486f8b65589d71e3f7d097379e908396846637f5cadfab6472e490e4a
test/fixedbugs/issue19548.dir/b.go	none	353	0e64aff95a52f5c6cbba766b68282caf1e54a0fc31e325388852381d19b65d21
test/fixedbugs/issue19548.go	rundir	281	829a826c07b0b77039f9642ae2a065934baa4fde9253147953997bf3ee6b665a
test/fixedbugs/issue19555.go	compile	836	5ba3f72089ec1adc6ebc3676878ff6f006ab35f264256b07d417de535f517976
test/fixedbugs/issue19610.go	errorcheck	286	ce2fd57849b77d2d1c7ed529427a6596774e6bd2875921f9c412bb46f4cab8ec
test/fixedbugs/issue19632.go	compile	539	aae4f0ad2670581c6a556ffa2a9c37db2a4c5c5a091ccc96e377aba21ef2dabb
test/fixedbugs/issue19658.go	run	2351	9a1e74857419d4d9d22dc6dd5fba4150b114a7e7123c3ef6edf12272059a471c
test/fixedbugs/issue19667.go	errorcheck	420	1ca001d7dd8822aedfec8968e1cba716cbdc9674dc4fef091f5355254cd3e507
test/fixedbugs/issue19671.go	compile	331	adbc644d78da46b0366deea76ddb990ac7e72f342f15d02a431dd39e10ad492d
test/fixedbugs/issue19678.go	compile	337	c254878c525c4a981977952ab89beb15afadac82dc3a1554ad0cc5705809488d
test/fixedbugs/issue19679.go	compile	536	a8e6a87c4f7d44c09e57bbca4077d8658de5b997137b1c38d08758c18b43a1b3
test/fixedbugs/issue19696.go	compile	361	8d5408b49e2d1fa0bc53a13cd27e66b3d5d5b08b015c4b0f4fb87839ea9c1cea
test/fixedbugs/issue19699.dir/a.go	none	213	a718561d212d6322e3fe19f67fc6cf8cef898dcf64ec25db857f709efcfd48ba
test/fixedbugs/issue19699.dir/b.go	none	211	fc81bb52a15190e72e8c4dbfd82a3bb264f371a62beffb7c0d82f1921d896e0c
test/fixedbugs/issue19699.go	compiledir	191	203eda52dbe7b68609b182c269ecec29db52ce75093644037a5567f4239d8f96
test/fixedbugs/issue19699b.go	errorcheck	291	cc3456a5a8b0b289fcf1fecd7b339263db377c7b62eda68a70c9ccd00cfd2bc4
test/fixedbugs/issue19705.go	compile	249	59d2c99c46c0b6426924b5d50f82a06054d540ca116f103039aef784dfb06c1a
test/fixedbugs/issue19710.go	run	455	27553d6a258a3a1c9113eb2717a8ad907092e82b036c285041da112f01eeff91
test/fixedbugs/issue19743.go	errorcheck	669	d7a8c57f3179a9731d575a010f31b4badb64bf21b9fcb7c28b886417b6c57d6e
test/fixedbugs/issue19764.dir/a.go	none	305	f4a3efde40dc79d58a710f0b2aa3781694373d0a9f53f40ca7c76dcde6000cd9
test/fixedbugs/issue19764.dir/b.go	none	339	e5f88f89ba5a8a547496d84c2f5db72c680bf83c0103dd82a0a519e994abd71a
test/fixedbugs/issue19764.go	rundir	348	90dd411669d2b97ecd7844493b2184b4929a367d5ec99efbd332435b791708fd
test/fixedbugs/issue19783.go	compile	260	65836f8b0701e49e5be8e36738f3edd4f90aa23ddac7cd019727f25d1df6cca8
test/fixedbugs/issue19799.go	run	1169	3f44d48fc7eb361966d22cb949ef1d36992813720f40e047775dc30bfcd1da6d
test/fixedbugs/issue19880.go	errorcheck	362	420023137cf0bbe047b18fbaf0ac5ec0a75c9deb5d2ec70072ef249704fcad88
test/fixedbugs/issue19911.go	run	832	4ab43372cee7ff106b320dbe3f0f02a205afdbf65f53aa763f9af7096e096275
test/fixedbugs/issue19947.go	errorcheck	677	880b2e233a5954a819dffcf42a20ede0ac91bc3c29ecc101da4547284eb73c57
test/fixedbugs/issue19977.go	errorcheck	381	4ff94f65b1005507c33d4cc835ef97ae5dbb24a44a2ebae2d5f31e41112d22c1
test/fixedbugs/issue20014.dir/a/a.go	none	367	e2dca71f11dcafe7d4c2dd0473472addea7cb6756458d5547bf238c67149ecde
test/fixedbugs/issue20014.dir/main.go	none	1045	4bfe394f3f5c929d7bca63aa0967c7319a8c0cf04977cc4c49d91a76d922a24d
test/fixedbugs/issue20014.go	runindir	246	1ceb3b58b5477cd538a3d6a1869d30afc7de0ecc38345e948070f65aa8352bc4
test/fixedbugs/issue20027.go	errorcheck	489	a03a519f123a89b554941e36174ce2cbc883d4d66b339de52edace0c4d877901
test/fixedbugs/issue20029.go	run	583	07282f1464771ced72e3e01617375595916d904e4ff70b3452692fe73f4ed8ef
test/fixedbugs/issue20097.go	compile	366	b0b7f6ec727df893deb4997d7ed2d38da05a4e386777f78fa5f4d727db4334eb
test/fixedbugs/issue20145.go	compile	321	252549fb05efb79e1f7506bd9937a8f83d779bdb63d26791c98f63055a9b4d5f
test/fixedbugs/issue20162.go	compile	370	7669ffbd0064260c5dd4d7fcec8d05d4d7af2c25f5b249da2be1d31ec2b0f0f3
test/fixedbugs/issue20174.go	compile	434	92e984660b54f2f3744a08d7889a9b1f342ed097a60f5cab7043aa0efce16865
test/fixedbugs/issue20185.go	errorcheck	581	5369f53f9200b85198f38527507f7a4b9dd8e9345c7b43c5c106a4ac6ef667d2
test/fixedbugs/issue20227.go	errorcheck	565	396520039a16e5b171482510a6d37c618b4e00c5d514ef5c6038eac8d7ef4e5d
test/fixedbugs/issue20232.go	errorcheck	375	e07793ba69b291927c4282f952d420b58a8c5e270ccfb35292ef7ae9856aa8ae
test/fixedbugs/issue20233.go	errorcheck	286	9f192ea552a6302f7b8b12f4e4542ec01029153e3075bdc19ddddc8d16bf31a2
test/fixedbugs/issue20245.go	errorcheck	301	fb697782b0df9aac9fe276a0dea624308ee374eda233937d27133a2e32d6670f
test/fixedbugs/issue20250.go	errorcheck	727	9c8c68aac10a8335af938489efe8664a7a338814cb9070665714bf6aa2c4bfa3
test/fixedbugs/issue20298.go	errorcheck	984	9487335b946ca156690df086024f5f7d72853c85257c40f67da753fab287bc9f
test/fixedbugs/issue20333.go	compile	341	5ef3b1286c29b9ac0d1604661744573e40b9044d2392db971f7c6c846a859e40
test/fixedbugs/issue20335.go	compile	467	6db22eab07a36d49ab96ed62733c9d322edf08b8c8f7fc74709b85e2c36d0285
test/fixedbugs/issue20415.go	errorcheck	638	7b4873dff38cd7d7171102bc3aadf6a672a3af04efbee98fd73209db0f6c7760
test/fixedbugs/issue20529.go	errorcheck	519	8cbb1d4f5a457164a72f159c222d20c8f1744d4b7865e29ab100df28bf4c71e1
test/fixedbugs/issue20530.go	run	614	de0d9f5ed5d527657dee3c3f08d9dc1b7b606db6ca648c0ae660e5b26fe12595
test/fixedbugs/issue20602.go	errorcheck	478	6736d097be4f4a138e271067500e91888eadf29d9eab971450618da52e4e8b05
test/fixedbugs/issue20682.dir/p.go	none	250	c2649fcda1c6cc6c3d30ace01efd3a1ba6854503e3990ffca667dec802535ef3
test/fixedbugs/issue20682.dir/q.go	none	246	76cde6f0125ed9a8e30d460c9a84112840d2329b50b5dc1642e00c4eab8ea71c
test/fixedbugs/issue20682.dir/r.go	none	208	2eb442d8826859403c093fb1afa16a93dd6e79931c72883856f157d3ff0f063c
test/fixedbugs/issue20682.go	compiledir	191	203eda52dbe7b68609b182c269ecec29db52ce75093644037a5567f4239d8f96
test/fixedbugs/issue20739.go	compile	273	8dfd90581bccd829a863fb439ff36935bfd69ebe676e5f72389c8a84f561be2e
test/fixedbugs/issue20749.go	errorcheck	476	82eb07bb07d616c76b9e7ad203613f48a8b3b9a9e275f4045a0ddb7943aa8efc
test/fixedbugs/issue20780.go	errorcheck	755	576a609a94552003675668e42f5fdd6c73969ced852e3f623e4420104abbc0b9
test/fixedbugs/issue20780b.go	run	860	491c07bed1a94a3dc908c0512ba769a3eba4d4f33b0fdc1efb36dc60f8b3b937
test/fixedbugs/issue20789.go	errorcheck	449	1ad06faf85df2fc393931fd265c2b8e09d1576a4952664e83ba2951879bd94c5
test/fixedbugs/issue20811.go	run	391	4ec089629bc59845db62d8ef55d536a90cda211ddc18677ad64d7b9677c8e175
test/fixedbugs/issue20812.go	errorcheck	544	7a5a70cd89809f25f520461db2631be6c3064e1dc03a4f28f5e88d24c9f6b0ac
test/fixedbugs/issue20813.go	errorcheck	259	979d5d36b004a2753b20e460f65c2c1c67f9e139dc5c5eb97e34e7f23b533b9a
test/fixedbugs/issue20923.go	compile	379	3f06668ad14be82c2bb623c9f25691f5a7da05b77a1b1214d043be5f465d4cfa
test/fixedbugs/issue21048.go	run	1109	e1e22cc004b5d32e82364f598f86c0018c30c766df9931d17096aa1e0c60e23f
test/fixedbugs/issue21120.dir/a.go	none	235	ae2db3348d8a0c062582fd8dffa4f14653d8d534fdb323888bd90b2aa7592e5b
test/fixedbugs/issue21120.dir/b.go	none	424	06c2e97c8be18ac808032d2521d8c3fccedc3d1457cee91945e2c3616448af33
test/fixedbugs/issue21120.dir/main.go	none	432	883a7f596e5c19ebe8c4780df639215d6687c187041f5bd44ab47e40faa18529
test/fixedbugs/issue21120.go	rundir	354	9646a7d6dd60dcc3acfb2e81696ab889b7899f557c81746c9fa6d140872ae27d
test/fixedbugs/issue21221.go	run	365	004cedcc2ca2616698b0e832c3007d690589fedfc1e8e5679ce4a427abee8ef1
test/fixedbugs/issue21253.go	compile	393	4c4f5dbeac454ddb6278eb52045d66fe87a7ec1fab03d4e784cdbbec6b858083
test/fixedbugs/issue21256.go	errorcheck	247	d5d86c8a9e6bea8cd5e11fb5448e5cb47f9255f29b20359ff3bb3d772de240b7
test/fixedbugs/issue21273.go	errorcheck	629	3bfa1292e40c06fb48a8203525012df7980f13d74be9e8a07a4374278bd3d413
test/fixedbugs/issue21317.go	run	1155	92317fc9ac14a8fb9be25495af7795b29eff2b349482fbff8b07ab24d89cce2a
test/fixedbugs/issue21576.go	run	1346	9606006a6e31dc56320f8bfa05aa6b35f5aa2d4b16529ceb804ec35099b48f11
test/fixedbugs/issue21655.go	compile	1520	9f6685a9e50f9520b8eb62218ffd0bb010b384b029e50399860d21b1467889b1
test/fixedbugs/issue21687.go	run	940	1093599a3b4e7cfb686d5bcd4e2a09fb3282c06909efebda888725f7875f23f3
test/fixedbugs/issue21709.go	errorcheck	709	932fb63266cb664302907c07b82ab82b8151dcdfc1b263ec606c99891dc3a5c1
test/fixedbugs/issue21770.go	errorcheck	422	e51c39c6305d308d446e6b341ff1699614253fb576a35f79b698dd497ff5e138
test/fixedbugs/issue21808.go	run	304	68744619df851f7e18920eef051f9c3e16ff398c4a0d4c07f78d639613a3351d
test/fixedbugs/issue21879.go	run	658	420dac0e85170bd590fa4a1cce049b4230fdf8e281c25abfabdd406aa2905aee
test/fixedbugs/issue21882.go	errorcheck	232	c403878e0dc21e433c4d82a6a9265615533ce819dd28edec711409e34a63c312
test/fixedbugs/issue21887.go	run	435	14af7140b632ca748c9968be2957620d52cb996cdcf512393ad363a3231a226c
test/fixedbugs/issue21934.go	errorcheck	541	286453ba47f7371abc62de07c0cc2cd60a6e7ca7e9430423bcc97eac1ccb1311
test/fixedbugs/issue21963.go	run	483	277fe28ea6e7737c33fa4a912c16072536a050ed90e42cb31cf08b2c732c0829
test/fixedbugs/issue21979.go	errorcheck	2601	b5ceeb355057d6b758903685b8e9d2bfb77814e2367ec4c00a0fe4de586c059d
test/fixedbugs/issue21988.go	errorcheck	351	06934e2f447bbbc1db3b10eeff8b8b0f532aab305ac6541f51bac493040b903c
test/fixedbugs/issue22063.go	errorcheck	388	361088290daff8bfd36cb52b0f86fcd6591bf7f2c2965dd37cc375185a579347
test/fixedbugs/issue22076.go	compile	429	a222db0d4b65d4ba976aa4bca809469be76106394c41589ac4aee66151c147a2
test/fixedbugs/issue22083.go	run	791	0fc2e13fb72da5187292e489b881f942b0eb1a81bcb1814e6ff4e2a3957bf214
test/fixedbugs/issue22164.go	errorcheck	458	50142bc3bdfecf6c64f24c986e4d62953709dbb3195fba79e265bc98887c471d
test/fixedbugs/issue22198.go	compile	288	0f49bb304d6845d3f8fcd5e008b333b6c69a42ee9a4957fc1c0ebd4a87108072
test/fixedbugs/issue22200.go	errorcheck	432	84256440179ef5abcedea9d9674a5a00f16523e149a1ec096898b6a4995e88dc
test/fixedbugs/issue22200b.go	errorcheck	655	747862681cb81fefdc70b26da3e00b064413e5dbf75136bb30382446629a6082
test/fixedbugs/issue22305.go	compile	302	10dd1d16418e017dac7a23294006704dfa79b1491d1a5ab4e3b0274e81335b22
test/fixedbugs/issue22326.go	run	350	69a3a796b82936c04a990f9343389ef42d554e5e59a607db06966f0f3ca07ab5
test/fixedbugs/issue22327.go	compile	448	78f9abd0490be31309d6253b6002e6ddaae960001130ca6e6d8a9a932357dbf9
test/fixedbugs/issue22344.go	compile	2241	b243beb8e296d0f797c516421a775f53b43743b90ebc33e75b1b279d5ea285a7
test/fixedbugs/issue22351.go	errorcheck	268	f2e4825fc3cb83e8c566d3f77cb536bd3adb1ea31fefce8b3ed3b7065662b45c
test/fixedbugs/issue22389.go	errorcheck	338	a1b11045e5559870d2eeb905d91f1c8c7688a55675001564d780bdb0dbfdc362
test/fixedbugs/issue22429.go	compile	369	06fe42f7e919da46c1dc0daa93479b658e6287abf72c2fdbb043d8e372ff6cab
test/fixedbugs/issue22458.go	compile	456	b42459eb90be94c7b68c931db10918e00221d10a8e8191c2e832cb314d6aad98
test/fixedbugs/issue22581.go	errorcheck	487	cb5894e18d8dab8acb2e54a1bce22cab5cccd164dc7b27f762cb6ca38c197a20
test/fixedbugs/issue22605.go	run	504	de9fb5d88b4a8e9db5dd312fb8124a7fed86fe449d347e52a843aaec247daa98
test/fixedbugs/issue22660.go	run	1443	30c129b872eabc6b75605d9b406488759eb1c42c5d39a93459cbc14a5374bb4e
test/fixedbugs/issue22662.go	run	1769	47c9fd86ac687f6f90a6bd84fe1aef45b70f479f651412afa241f1c55da6a6b4
test/fixedbugs/issue22662b.go	run	2119	a346565978258bb3a7ba8b393ad25a564eeca17903b656d51759dd2ae17b86bd
test/fixedbugs/issue22683.go	run	431	1d72ea281e5e4456eea52a1b420a110fb91d2026f919af731e69142c5c18f1a1
test/fixedbugs/issue22781.go	run	680	8bdfb734acc2675d063277f808aa15618d419cdb38f6b40a923cc04d46ce87cb
test/fixedbugs/issue22794.go	errorcheck	615	d77fcd34c30d288e52c5108e7e71fa5863ba51ae3141bd2f7c1234e537f88496
test/fixedbugs/issue22822.go	errorcheck	613	bcebc1c20e4817411270532a2d04659ecf432cff50e8ca7038905be00f2cca75
test/fixedbugs/issue22877.dir/p.go	none	245	daf972a3a37373eed2b3fd12fd86039493a248ee51693ad15d374b658ebff064
test/fixedbugs/issue22877.go	builddir	189	9fbbca75ff102588cd788911355502758bb17da7f582f9f9afdff5e6468a49b0
test/fixedbugs/issue22881.go	run	2064	27378d3995620e3bbca9719bc1f3f50fd78e74dc1fa939196ea70d1cd9b8c566
test/fixedbugs/issue22904.go	errorcheck	464	33ca41d80d92a26e0d6216ef3d65e67a95df2077f8f72dc746358f23854fc1a0
test/fixedbugs/issue22921.go	errorcheck	467	1c941f622be238ed72f00d1d6c0e6462ac02f604529dba991565a510ffdc8446
test/fixedbugs/issue22941.dir/a.go	none	182	6ca2c3e83083f284471cf8eefa04e8843156f78f08f2186844f7ac8eb93290fb
test/fixedbugs/issue22941.dir/b.go	none	431	2a715712a8b63e1e8a37e92cc3d6e192e08a5a37f0cab9208711742ddc2d4c48
test/fixedbugs/issue22941.dir/main.go	none	251	beb48964f7d6b68efda3ca392e65cc77cd654e6aab315a6da17f59a0d7d95a8e
test/fixedbugs/issue22941.go	rundir	187	36a80df613d05ec5e5bb1c63d4a471c59097877860b28425f4ca303ed405b79b
test/fixedbugs/issue22962.dir/a.go	none	215	e9cb13d0876ca25149d3e73e02f26de584697acf98d5a1b8fc09c0d8aaebfe88
test/fixedbugs/issue22962.dir/b.go	none	210	d225b7a13378259c71dea6ba99ce7e71995e18b6796ca186fa25094c39eb22e0
test/fixedbugs/issue22962.go	compiledir	191	203eda52dbe7b68609b182c269ecec29db52ce75093644037a5567f4239d8f96
test/fixedbugs/issue23017.go	run	1524	ae28737e883eaca4069362676d3a5b3a39508bd11fe8ef147e4ba05469b1c35d
test/fixedbugs/issue23093.go	errorcheck	297	4102e75081de5900bb468b431c5db434961aadc5cd8532cd7b2ac1b4f7ea15f5
test/fixedbugs/issue23094.go	errorcheck	311	7d879f4348ad129ea2e4d8f7f331829fca19ebcedb4b957b586cc167eabd3205
test/fixedbugs/issue23116.go	errorcheck	295	00fed122290f6d9bd151563880627fcc088aef635950cdd29ba83bfbd98c9941
test/fixedbugs/issue23179.dir/a.go	none	262	2e8ed57ec3072aafebb0821f194cc13ed6c45fd71eb89b7d7c6f9d106254bbe6
test/fixedbugs/issue23179.dir/b.go	none	243	a71762a75a208f09d506f2665588172e271400fe5a58b7c64d7ecce2923b165d
test/fixedbugs/issue23179.go	compiledir	191	203eda52dbe7b68609b182c269ecec29db52ce75093644037a5567f4239d8f96
test/fixedbugs/issue23188.go	run	943	ad5013047c72c186d4c168ec523923b578bb10726d2eab782d350628d436ac7c
test/fixedbugs/issue23298.go	compile	233	3751bad0849dbd1aa01355644ab7ecfbd9eaf4ee0e504f98a13db111add74791
test/fixedbugs/issue23305.go	run	575	63104e19511ed011b1fd3ea324592380f0f0a444da33d76ffb5e7292147b1b7a
test/fixedbugs/issue23311.dir/main.go	none	267	85be76fe3a7f7ccaeadbaec83e91b1329b2be1d5beab6aa10824e25b22191022
test/fixedbugs/issue23311.go	compiledir	191	0f6e0edaeb139b869651ae6769f81dcaf6ec9d4c2b220e3e42b1bd3121bf3943
test/fixedbugs/issue23414.go	compile	242	1b97490f87c0816fc2effd4befbce61a1723d410bd0da39ef204ac12db6fe680
test/fixedbugs/issue23489.go	run	322	49b3e96f5cf56c752d594b06ba1e414a382da5f32a841cb3c16dc15f16fe72ca
test/fixedbugs/issue23504.go	compile	284	7f3dfbd67ca90123a3ddab0bf1064da13aa3a929e91a54f0077ef80ae0e4e32a
test/fixedbugs/issue23521.go	errorcheck	773	1064d2b290f4f679bc386094b027cbe8cf279dff4c33a995ac17d635b194a523
test/fixedbugs/issue23522.go	run	724	85c6ec033d0c67d7bab87eb968aad8e61cddf21ebca63fd15191722f924cdc72
test/fixedbugs/issue23536.go	run	428	7127e3922299fa721e2c0200efbe1200d6b9066e69c81a071f5a47b19ff31c61
test/fixedbugs/issue23545.go	run	557	4cb51772bbfc5dd6282eb0d876f3b3df8606c362cf60302db961627f08801dd1
test/fixedbugs/issue23546.go	run	389	5d038353a6cf5d53f743f79170b2b2e60caafd6e16b08f4937eb631e58606dcf
test/fixedbugs/issue23586.go	errorcheck	629	6dce17d26c737330ee6fd38108a87c4b2bea14a3959a6b4b6f7bc1aa7ce477e7
test/fixedbugs/issue23587.go	errorcheck	345	d2fd3a56294eda98afadc054536b1d06474b0fa92b10806de67c93af9396c3df
test/fixedbugs/issue23609.go	errorcheck	638	dfd7c95f8ce863cf087adb7ef8621e03348db11fce2f9a620078b9c2c1d6b4f9
test/fixedbugs/issue23664.go	errorcheck	387	8c406c2453da11dcb6322ac272e585ec7783772c7aff46eecd2e63993535c03a
test/fixedbugs/issue23719.go	run	826	a48accd843ee3479fdf75a941dffb7d35fe8194279d861433e34cf9e762f36e3
test/fixedbugs/issue23732.go	errorcheck	749	781837964e1e8f75b7d1b8f34d68d48a38fd70d6a8f537b2ce5530e8433f34e7
test/fixedbugs/issue23734.go	run	471	22df4fc22953b58b6ab613cc3f345c4011a3cf9584d9697dc3d961b096dbd6ef
test/fixedbugs/issue23780.go	compile	278	d9ff8e3b6988d77d87f4041b7a312d1721090cb93aeec55d62f4ba01cb081f4f
test/fixedbugs/issue23781.go	compile	260	b69afb9b5cdd15ecf7515dfcf9f76278af318a37f856d7c26d49b91b2cadcb26
test/fixedbugs/issue23812.go	run	585	c268c1c54b8c1c24d75b2b4deb75e2a4c182d3b918965336cc100ba300d5714b
test/fixedbugs/issue23814.go	run	1975	b579572ac2e4dd6922526baac7ef60138c268ac7a6933f79844c952f5acdf0f2
test/fixedbugs/issue23823.go	errorcheck	397	12b2136d90c47a3a6094fc6f293976ef08f351a8bc203c99fa35c37b5f660a86
test/fixedbugs/issue23837.go	run	1098	c57a4fba624a45ea02fb6380abee0c058252f0cf6a4a9320b0ac5595d8b4a4c1
test/fixedbugs/issue23868.go	compile	274	316d95d270510875d236d684a918db4c9025994c3754edbbae1b2d5a46fb70b2
test/fixedbugs/issue23870.go	compile	265	8b705fc53575d85212f197c54689bacb918fda7055bd3db02eddc5f7b94922b0
test/fixedbugs/issue23912.go	compile	516	78e077d5cc1e7a797364262a65cd125e601ff6d8c83a61d25de25a3f04f8b776
test/fixedbugs/issue24120.go	compile	258	70249eab80a09459a7fadd24c8f5ef6aeb2dd4fa498c547235618aec2a9dcf38
test/fixedbugs/issue24159.go	errorcheck	423	68f65c5fcb90f6c797b50c0d1b0f3cef3592453573a1656aa74847d776ebff81
test/fixedbugs/issue24173.go	compile	381	ca0096a86f82d8639b1e09793631bffa5d2baa35461c1365c57d242e45322ff3
test/fixedbugs/issue24187.go	run	604	2db7ddd1fce71626b455b385379fc6d2af93dbcc78c28f4d20377ef74a9b21ef
test/fixedbugs/issue24339.go	errorcheck	416	06ce57ee8c9bb8d81b5946c4af13dc579a33f8cd652ef7ec092c920d833c7eb3
test/fixedbugs/issue24419.go	run	813	161181ae47197370b42a122fed7142d6cec47ee683e54aad4b2c5791c008fe70
test/fixedbugs/issue24449.go	run	1251	b92e23c873f6c50df6c97e5a7443092c68fd59025d6901eef6fe5de40319aeff
test/fixedbugs/issue24470.go	errorcheck	434	80eada57ba346294fe0a440f40fb75b73c5a49fe658d49d05d1fac8ff02d78c2
test/fixedbugs/issue24488.go	run	563	eeed811f8ee57da94f77293eb4eb674db884925a4a6e3c41067d98b5f248b1a4
test/fixedbugs/issue24491a.go	run	1920	026de711e487ef8b00f1b705f78fc63bc0a4b9203b541f67bde68cbc05a7da18
test/fixedbugs/issue24491b.go	run	738	db14fd2cf1f9a74423f681fcbb6922dd96a9863c3751fd0b29db8f636d57e839
test/fixedbugs/issue24503.go	run	517	9cefaa180e386b276fd8fef49adeb8cb8cdac9e5e7bdb60715fd9b3b001c247e
test/fixedbugs/issue24547.go	run	757	e9f027bf963bd6b3e34e2508d3ab2007427a956bc23e52a895443b5728f95322
test/fixedbugs/issue24651a.go	errorcheck	881	f16b9b970b89d1ddf4feebe6cbca7da393a60cb9fb16c8d361a399797cb9626f
test/fixedbugs/issue24651b.go	errorcheck	800	ed77910b68e2c079ca986e745f4229c17a104a576a94fda73a13cf006a7e5bc2
test/fixedbugs/issue24693.dir/a.go	none	246	9c332054db7ad7264cb5079996b0f8c2a4750639ffda807ef8c971c73c168a57
test/fixedbugs/issue24693.dir/b.go	none	1261	a412c17f8c8d7df642572d947a21c673bf0ba88f3661ebfb611c78b67cadf7f1
test/fixedbugs/issue24693.dir/c.go	none	230	993df05f3d0750d5e59ba0a47a6ec9657a30185f4dd69b408450b71620ddd404
test/fixedbugs/issue24693.go	rundir	187	ecb2be2a933c8096becbcd4e88a5ed9050f37fec2e783ffa4a7a8a66e485f7db
test/fixedbugs/issue24755.go	errorcheck	301	82054f64769eaecaeb93a09d6eb0531632ac24a14d4e4e5934f3206cc8386012
test/fixedbugs/issue24760.go	compile	282	06b4157048d437a7a81d8d3b98ee05f103233065f2eef331fa6fe11540674a20
test/fixedbugs/issue24761.dir/a.go	none	294	7d9fd424407f9531a353ed6fe0181cce0d9aac2aa4c4cc19f2ff721d96e0144e
test/fixedbugs/issue24761.dir/b.go	none	211	13af8a3a867e1cfbf67035a1ba5db34d2a189b06c3ca3520ec905d175b8f4392
test/fixedbugs/issue24761.go	compiledir	196	c7333ece5738fadafb61d8870129db3955ec5871517424e543aca610e026e4c2
test/fixedbugs/issue24763.go	run	446	fb88f9462fd56bc074acf2068d8b6e22cadeb94849401cdc031cdec39d9fdda9
test/fixedbugs/issue24799.go	run	1439	8435a222cef7ecaf1db90e07770fdf7a2d1a60c06ad8eb7d5e4ebee02003d53c
test/fixedbugs/issue24801.dir/a.go	none	197	845340ef65602452600cc1a9f01323de1ac7e2304a87c57d8a376ec91a22b0fe
test/fixedbugs/issue24801.dir/main.go	none	213	c857af09b795da67c5c1312ea668a663f1a707e5adb1b9c535e735d7b071582c
test/fixedbugs/issue24801.go	compiledir	174	ce411dd1919c814acef13d5181f92d6acebab43bb0b562b6ab9f3f796c185fbb
test/fixedbugs/issue24817.go	run	1260	27f25a24306093ea8ad5f23593dd3bc57ef5eda723e61092431d65d8c05fdd42
test/fixedbugs/issue24937.go	run	305	180a807334714950dfb39cb7d7eb83ec4fbcae4cf263f6f71c9450809610ee08
test/fixedbugs/issue24939.go	compile	374	6c8835b6e8a2e9426a7058cdbf2ace0ac3bfb06baf94986b57981273d2808c7c
test/fixedbugs/issue25006.go	compile	400	12e8b54bfd81cefad28b91eea7181511723dc16f48a099ab9580caac6dbf08a7
test/fixedbugs/issue25055.dir/a.go	none	195	a5e01393c36c1ade1bb2645d570338d8f0d0690ff7069a15389b4f16f992f7cf
test/fixedbugs/issue25055.dir/b.go	none	199	29c209836f00ce46aa70ecf02385895e23939b0f1064ffc23e7d0683cf70a2b7
test/fixedbugs/issue25055.go	compiledir	196	d5334424271c8ca1ed16af259235c78108bb840e512b3529323f4a06941afeca
test/fixedbugs/issue25101.go	compile	312	c4779087669ff6f6c493cba1a121de1e4400cd5f3be2fa53da6647787545bace
test/fixedbugs/issue25322.go	run	378	34f891d901fe3e6e358c31b7c26d0fa0b1bdd24c0e705c6f558dac752dfc46e9
test/fixedbugs/issue25507.go	errorcheck	754	02dcb79702e4451335031dc5b4d86285fe4fa0dd8b02f53ec19ecc64bf50ff1a
test/fixedbugs/issue25516.go	compile	558	30ee4ef6753d9da200a796387b30a306c1bbb2ab01fc24ffc97658c218e90998
test/fixedbugs/issue25727.go	errorcheck	1031	1d748141a376a7969d4c77720928cfed6543021b42f360080d76451ad9eb8a52
test/fixedbugs/issue25741.go	compile	234	4c8a58004f495600a65bc5e232ef1e7c86364a42ebb3dab1023c7e91fa8559e9
test/fixedbugs/issue25776.go	run	2121	5f25dabaac9616079f749e20b9d338c0886f0ba6dfa278633ac21854358b643e
test/fixedbugs/issue25897a.go	run	1177	aca7264bcd884cb428aaac4eee4d8b9b2911721a58bda809092965178a2b2dce
test/fixedbugs/issue25897b.go	run	651	43e7dac9d14271a6782bb5770f8f06b0d98f36ed9d5dc40b5420e8c43212cb50
test/fixedbugs/issue25958.go	errorcheck	570	119c0979e3a9e31a2c6e9e775f65d9c34b8248e8c4898c2a1f07377b7da1f596
test/fixedbugs/issue25966.go	compile	405	19f0e41a373a3411240516eccb4cfb838b9a06d590bc3e158766824e86775b22
test/fixedbugs/issue25984.dir/p.go	none	256	076090316a91ae3735edfa3412aad8ae3b81059316648723dbd8824afd6c7ad1
test/fixedbugs/issue25984.dir/q.go	none	208	5fccb735cf2492a4a2027e82bfff2681e9e3f12bd2df7edcd8fd69262fc2d8fd
test/fixedbugs/issue25984.go	compiledir	191	0f6e0edaeb139b869651ae6769f81dcaf6ec9d4c2b220e3e42b1bd3121bf3943
test/fixedbugs/issue25993.go	compile	373	06a5aef0de40ada8535e4b59eb4699c13ae7ae08951280597e1631dfdb0987a4
test/fixedbugs/issue26024.go	compile	614	552cc25870ddd36c8fd18a8779f4346a5c3f44d46a10a59b6c820dff9fdede3c
test/fixedbugs/issue26043.go	compile	543	b8dc1385279d2c8bc61bebcbbf7d0190bcb51732c9f5b803b4062591a5fd93d4
test/fixedbugs/issue26094.go	run	711	7b88888b405f014f87ea8bc7e0fad8561221485fc36188e5cb606716390ac3b3
test/fixedbugs/issue26097.go	run	829	7ea8132f930ea4998ee0c66f531e455899a71a8c86a6096e5f4fadecbc614469
test/fixedbugs/issue26105.go	compile	543	8a08aeefe7d9f363f079fa571d38229995c12deb84ca9afa60b70d2a82e170e6
test/fixedbugs/issue26116.go	run	305	da2a451f52b038d96c3ea976f83d5b98568c80146de6e33c020236ff06facd3f
test/fixedbugs/issue26120.go	compile	397	3d1492cad370a64fcfde7de2e146f3279b6e0e7232b63a8c0f3b9d4c0c9b9c35
test/fixedbugs/issue2615.go	run	11823	a68896f4af132ab2dbd724b43d3bb5e639a7244d65dce9949ab9ec1aca8ab655
test/fixedbugs/issue26153.go	run	504	17d9f8aead7a2f8fea0f6f66f4e11dd82530d2b6cd01bde3bce4cdff72d6494d
test/fixedbugs/issue26163.go	compile	400	39e2cc05d553f9b7cfe955369e1d270ed1c9ea3af5de296fb1dea0e1c74e415c
test/fixedbugs/issue26248.go	run	567	5107802cc662642dc98fbd0d614d82fef5e2cacdc7ca4c2b6b19542b197c79e9
test/fixedbugs/issue26335.go	run	563	7ce1afff4258f3fb3cf90583316735c528755572237b5a8dde6cdb1c1028c694
test/fixedbugs/issue26340.go	compile	426	762e3dd717b28a764ffd8d7c1b3be7a4b9cfe5b9fd5a02cb5f6722c4b3d49d29
test/fixedbugs/issue26341.dir/a.go	none	217	af70e8ad14c04bfaa8b4898cbc60216e140a9442fe08b6c0f6f3e9c99dec5cbc
test/fixedbugs/issue26341.dir/b.go	none	235	7b1abc6d17f47ce2bb784d1082cc66eb2648af800122671cf5c56741eeeb91e7
test/fixedbugs/issue26341.go	compiledir	191	0f6e0edaeb139b869651ae6769f81dcaf6ec9d4c2b220e3e42b1bd3121bf3943
test/fixedbugs/issue26407.go	run	964	54af23a75678722d8104431b687877ee4b3952d3396f89d1346a8984049a876f
test/fixedbugs/issue26411.go	run	1993	303e6605b7a53c97c19df4900dc6a9abdae05ea234a88d719f58add625c9d75e
test/fixedbugs/issue26416.go	errorcheck	640	ac98cc68078d2fe4c7e4349624e11438182960291f6dd8aac36fec8e01bb097d
test/fixedbugs/issue26426.go	run	499	2f917eef5a074ca7c45b68ed0a8cb57fa94b051e111c06f45e5f113e81211a07
test/fixedbugs/issue26438.go	run	507	7083d2852a917f8edfdf408b9e4b688a85b6cc5849327f56a43892a033c37ef5
test/fixedbugs/issue26495.go	run	1174	5463f048f449ac0bbfe7fcc67da1179a9fb7e1f75424492cd21419d9d47aaa99
test/fixedbugs/issue26616.go	errorcheck	1080	bfb5e35353bd730237efe9e9377c3938161f09bf98329e391837f0296804c549
test/fixedbugs/issue26855.go	errorcheck	479	5f6107054cc1a970cce221c2c836c5c86d07d765f9f8832fec5461e7c6045271
test/fixedbugs/issue27143.go	compile	553	979e96e41f3a75ffcdcabef915f14f997e75c6f2b4d478bf570029d2074495f9
test/fixedbugs/issue27201.go	run	681	279bb15867a59eff001179b13a41d651c7908c14371baa326bca77acecc1ceb2
test/fixedbugs/issue27232.go	compile	279	f33c1b7a2308a77caa0b472b72de847ca30355bfbd60654e54fefd255aee051a
test/fixedbugs/issue27267.go	compile	392	0b65c498a94a47679e5eba81bb1177f10ce97280024aca3fa02234499e48083a
test/fixedbugs/issue27278.go	run	865	6f2c615f477a67809f0a3c67a008abab5bfca54d927f6c23f8b92660fcf89b1f
test/fixedbugs/issue27289.go	run	437	2ff579d8a482844b79de3ccfc6eeed4bce7a7c83ff8a6e26eb80bc3d4f685643
test/fixedbugs/issue27356.go	errorcheck	443	175d6ba784e1b5a30f51c361838c3d42bcea610fd7d93514d84736dd12f60b97
test/fixedbugs/issue27518a.go	run	1134	f72efaac59755ed363305d84c906a7f40f2718070fd7ef1ffc86f7a14f1f7544
test/fixedbugs/issue27518b.go	run	1252	403039677c0b4d6ae7cb0b3e006770386b2f0e45aeeeac6e1d2546caf222d27c
test/fixedbugs/issue27557.go	errorcheck	949	4ed46dd240bc95b4a57756a3186cb5531e2cbf750e8d041ec196081d72b1d4f6
test/fixedbugs/issue27595.go	errorcheck	670	35be2fc8c0e88ff8b2b05cebcb919a84252aacd737ca6b9470080ec7539a6146
test/fixedbugs/issue27695.go	run	1236	d316dabc3f3362882502ab1884d769d90df987ccd7372216e7a4c938acc00bcb
test/fixedbugs/issue27695b.go	run	1312	d50e263f6f75952601af4a8beff29333e3d327c523e3a4cb4f5a9ab0e5b224e0
test/fixedbugs/issue27695c.go	run	1340	957f55cf6e41abff71cdcfcb3e099fa58adb7a23d737f4c2742e0618efb74e41
test/fixedbugs/issue27718.go	run	1604	cfcd5c752e5b57ae14e5b87dadfaea7967641bc3edf4e3216eaf5eba568cd84a
test/fixedbugs/issue27732a.go	errorcheck	472	e9b08e741119d9c15879f88140c4f57168c1fb2442910520ddadefa07bce176f
test/fixedbugs/issue27829.go	run	492	80e446f74741663e107b238252162f6e31df238cc44b8e166965ddd5cb09c784
test/fixedbugs/issue27836.dir/Þfoo.go	none	352	6db55d80372442eda1552f179e0c9a97284f116b38196eaffb25db6100ce6af5
test/fixedbugs/issue27836.dir/Þmain.go	none	363	4ff84a83a4fac8653e58bff78f73cd859728d43a47f45ff9c2a80f2a1d9cc06c
test/fixedbugs/issue27836.go	compiledir	191	0f6e0edaeb139b869651ae6769f81dcaf6ec9d4c2b220e3e42b1bd3121bf3943
test/fixedbugs/issue27938.go	errorcheck	696	9554b27abf278f4ba25afa56d22e7e09cb310d665bf52f8a6b4c6a4199127a4f
test/fixedbugs/issue27961.go	run	596	c841dee5152c7a51f0fa67980f6e4de59350871db24a88aa919dc9d14d48aa46
test/fixedbugs/issue28053.dir/a.go	none	220	cb508d33c45147583084792a5410c1644674468cd0ca0bf53304681c3eb20b3c
test/fixedbugs/issue28053.dir/main.go	none	261	10c1f48a426bf6584e8e61141e15b3f799a54ab21120a045471f7cfd1a9e0f8f
test/fixedbugs/issue28053.go	errorcheckdir	194	4d8ab69f0bf9a193d4852e444c9ea612ec39d98dd2a8d7c2d48f648f0d3ef684
test/fixedbugs/issue28055.go	compile	330	99a504af8539221e16b60cace6f95dcccb023e75e02a262f5794031d53b37a61
test/fixedbugs/issue28058.go	errorcheck	402	f3aa91b29f169cff9ef3764e671749a4d1041bcc3459bb463cba593aa6f32cbd
test/fixedbugs/issue28078.go	compile	572	9a815b62fbabaf10d162b33ad664738fba65584ef6b4453c656d5e085bdfd2c9
test/fixedbugs/issue28079a.go	compile	396	1e2dfc050f13e774e0cd1e992a4ad1e461eb4d8038395bb4052a9575e3fa9766
test/fixedbugs/issue28079b.go	errorcheck	547	b26410c7d3dab0aab32d743f85956be4f17ee77121339f1e46018e2352279618
test/fixedbugs/issue28079c.go	errorcheck	451	398ca7ce9c7f0bcca5c6e5bac14db791805a027140bfa947a3d6db84dd6dd204
test/fixedbugs/issue28085.go	errorcheck	490	8d46877930967cbc6fdb089fc0d4f4776dbe193b0f185ae77c109d8718f74644
test/fixedbugs/issue28268.go	errorcheck	764	4719ca71322e1ced58266b741378f18ad2e3f0d421514c8135b6896eec264c39
test/fixedbugs/issue28390.go	run	648	6566ffdd09e569603b047d3dcdc74198e9b50ad427501c7a000392a6b2c7b43d
test/fixedbugs/issue28430.go	compile	366	0af5c85a0930177313c7b4f30526d957788009433facc7cd1aab3c8aed3e69fb
test/fixedbugs/issue28445.go	compile	272	303a4cfd20862bbf965c6d1ad6faa3055daf7d2212dcb4dae20e4f9aa2749b11
test/fixedbugs/issue28450.go	errorcheck	993	77738951e65adaf5d71ee7b58eca0614b1fa125b8f7af55465d2d32af4c0be77
test/fixedbugs/issue28601.go	compile	285	b6a14964d18326409868fbb0c8bb9783562a7d775bac9765f94bae7452cdd8d2
test/fixedbugs/issue28616.go	compile	325	520b9d5bed841c1615ae4657933215da9e7b1bd33032c7e5723d7db3345ad87a
test/fixedbugs/issue28688.go	run	622	50a8591a1ba5f8d01cf9646a8230bca420bd3fbdfee356fa565b208a9b0678bf
test/fixedbugs/issue28748.go	run	712	cb1fb60972ad2fdb19de56a298c388e609a8f236c6ea38f67a7dda33338f2aae
test/fixedbugs/issue28797.go	run	900	04b0f4e9a575e8d93020c1b2fc48d301849e24135fec62d255df0703ca36bd3e
test/fixedbugs/issue28926.go	errorcheck	721	8b5eee2f6cb55ee4e69e37b75948680511a662b3a1eee929ac1cc2f55d534591
test/fixedbugs/issue29013a.go	run	381	ba35274d08ae3d2f9e476a70bf67bae9b6c216bd85ccfab32c500d2c78a05e6c
test/fixedbugs/issue29013b.go	run	616	bf961b1dc1ac28c842e7e0caea3923e34b2d1e9168c5bea674366dfb7f5682c4
test/fixedbugs/issue29190.go	run	707	17f867eeabe592fac6859921fd97fee5761a6e8c5919a8bc7d2c3faa4d3b1942
test/fixedbugs/issue29215.go	compile	596	090d591b13c815ca76a2e4c257a96d1f11e77f41de2c9808497fd85fada3eac8
test/fixedbugs/issue29218.go	compile	308	bf198ca893ee682c4eff2faf942eb0cfff3cf6384168df3269e083fc0ed3ae46
test/fixedbugs/issue29220.go	compile	556	3588c547d5d8ae1d4b68ad3661e0ca0c5dd0aa1ca11a45902445f7ce939f429c
test/fixedbugs/issue29264.go	run	882	c12d914f9598746c3385428c0cac279b47263add2b45df786c247a4fa7996c06
test/fixedbugs/issue29304.go	run	404	b5bb1fa4cf01cb4062d425c037b3e25e19c0f81f30336a1b353a4b9e70df5fc0
test/fixedbugs/issue29312.go	run	4175	f9c5383b91accdfdb05b9097a8b5682f3ff2b0512690add38bc6489540a4fcc1
test/fixedbugs/issue29329.go	run	1915	3bc6b7298df0e75074e751d3d33544c8e524314008ae76d74911f8c869455744
test/fixedbugs/issue29350.go	compile	207	279593a1126ca0ade80398369036a84294d70117dd24d94436a717191c97b7a4
test/fixedbugs/issue29362.go	run	879	0bd1db4a1b08df4a8a19ff999055035341eb849b45caea16e7a7ea67238c4ef8
test/fixedbugs/issue29362b.go	run	1411	e44e06d255b4e8e03cca59bd429b030d17529a13d630134224bc4838f02906db
test/fixedbugs/issue29389.go	compile	347	a5ba68f589e14f51676a49da6b1dfb11fb1c039eaab3354c70d23d698045b550
test/fixedbugs/issue29402.go	run	417	12f530bad08394b6fbefb9416c0b9509655f7f360b0e2edf90096e1c9d55714f
test/fixedbugs/issue29504.go	run	2988	7f3533bd69c02b7a464f0c9030fb8c96cbe6f337bd4406d49a153cfa36fe1763
test/fixedbugs/issue29562.go	compile	449	a8312329c9df63d476150d73aa2867d7b7061124e6ad9f8c3c1901c924373320
test/fixedbugs/issue29610.dir/a.go	none	241	43a3bd70239cc31ba1f4db3470532bd077e9c576529a90345b9e91e80a21944c
test/fixedbugs/issue29610.dir/b.go	none	245	21942afe8384080803ecd23eef3381c45dcf29432623923e593e066fe12f373c
test/fixedbugs/issue29610.dir/main.go	none	214	9728b7b3793254b3631e5c45626cdb66573af5cfd308f2195aa254017b1efeae
test/fixedbugs/issue29610.go	rundir	429	b54510daf4932bec36ca01e394f9ccf4822582f62ae434bd2d64488d3e523c0a
test/fixedbugs/issue29612.dir/main.go	run	845	4c885241a3201a8764763b401e5571322cb120d0704e5a755e2808ead37434a3
test/fixedbugs/issue29612.dir/p1/ssa/ssa.go	none	320	1bca7f6a6d730ff97c93ea29838dce64f0366341b66cf1dbf735e6b2040ab9b9
test/fixedbugs/issue29612.dir/p2/ssa/ssa.go	none	453	c5e46d85bbc41601577c1580e2fbfc27d8db44baae9711f7dd2ca9b80caf9e90
test/fixedbugs/issue29612.go	runindir	189	2ca2fe7dcf0b4be890186f7ba1450b72967b6c1c5a65552585e0c5f19e656bc8
test/fixedbugs/issue29735.go	run	686	de1422f2fea29e9ed3dc07ef1771730de3d3b632d18994b74f62e60735fe1b40
test/fixedbugs/issue29855.go	errorcheck	391	c6b982b9da116c619bbf934e6e2b53c3f557b2e45d5619e6dd1f05b21e30c6f9
test/fixedbugs/issue29870.go	compile	294	e4dc7ccd42210bf0366639f9084342089fbcbb8a7c2cd2983cf8d70ae536ad1c
test/fixedbugs/issue29870b.go	errorcheck	357	e159a7d11486935005247edea3a5ac1198c774c217704bbe3b1e75e1dea44d79
test/fixedbugs/issue29919.dir/a.go	none	1634	a907832dee649c7b2a47d4afe4bba327b8c556c9fc22b4287a6a676fdef08aa9
test/fixedbugs/issue29919.dir/main.go	none	206	4c13c7438e2dbc27bb17b678a3ad35c575f801acf03f0ac4e41a0597b71b0882
test/fixedbugs/issue29919.go	rundir	261	4d7467b8f4b8d5084b60bf42d3c3049dd3e6cae1a255969cad12ba8afab0ec96
test/fixedbugs/issue29943.go	run	558	1476136091814669900d4301f1c4f4319d098dc01f716154e96cb10b0b8501a3
test/fixedbugs/issue30041.go	run	1169	5653f53f2544253fb9b482750ff9153bc217a54c0b6eb9286919851ae4b43cc0
test/fixedbugs/issue30061.go	compile	465	f6b49eb7cd832569f5295df26d78da29f7bd38f02b216aae3709a1a3f1f6336f
test/fixedbugs/issue30085.go	errorcheck	488	93b73ffcaa9dd841c370ef3eb1a3c38b3d3716e487ad048f0e3708ee3f7364bf
test/fixedbugs/issue30087.go	errorcheck	734	4612f30b6ddc92eb0a2ef0e26b5100af288b06d3624b18d4a1601484d00af088
test/fixedbugs/issue30116.go	run	2243	362608c2b20d64bee477b55a3b1ca273204301203bdc05f02d969f6ca866b3b7
test/fixedbugs/issue30116u.go	run	2231	b13c2cc3013edd364fe5462103f176be7cdb67deb5ef2eff76f8da12de0c4378
test/fixedbugs/issue30243.go	run	578	d3fb94474ebbf27f6f43f32133d5daa968a1d7eadb4ffcee96deeae939b719ed
test/fixedbugs/issue30430.go	compile	341	ac9fb97ed6acae09840cc173bb3d4f7b5757517275f31bfe27a2fffb7785258d
test/fixedbugs/issue30476.go	run	525	b691eeea1a1f1cb5a6706bb8a3dbc31f110453f802253b976e322eb7c139df25
test/fixedbugs/issue30566a.go	run	535	cb93de4d22a90b7595273498acbbf0d4e82a5a4da02c5b4817137aff40d68417
test/fixedbugs/issue30566b.go	run	426	a7d9cf7f6d438b4469c91dd2cbda12cc2cc9701dc68a77041a36a6925a730576
test/fixedbugs/issue30606.go	run	502	134a994308f52c74c74023471459d740136119ce178cfb416a8292d7c83a8934
test/fixedbugs/issue30606b.go	run	1568	9a5475cfbb0a5a2998ddc2c640202ab2261642a1fe8f0a7b7b6160e33f93f6e4
test/fixedbugs/issue30659.dir/a.go	none	288	eb122f986663fa423d33a057e19290951a31009fd9d20f679ba9371202976817
test/fixedbugs/issue30659.dir/b.go	none	233	df5ef815008bb517724760198f6232a272d5a9f9ff7fcdba0c8aa2eca19db036
test/fixedbugs/issue30659.go	compiledir	191	75cf7a8b3a6cf425c9bac38fbc84995eb4a5d0128b2953dd4996ab36d10ef690
test/fixedbugs/issue30679.go	compile	277	be8ed05de29034f9bdd9ac119327ae991480080b06cc0232ca2f130cc50a7518
test/fixedbugs/issue30709.go	run	550	e8d7fb2f859b1141a62ddf196a238c329990cf27afc292f3ce8ced117672d9e5
test/fixedbugs/issue30722.go	errorcheck	623	ce88409b395652c43c54f6ff31b502c47640a6b1b77e6cdae6aae4be3de23f4b
test/fixedbugs/issue30862.dir/a/a.go	none	288	8453e98b7ac1ff738332480d08601992b1c857e0b27b3d8d3d2d5b1429bcc6fb
test/fixedbugs/issue30862.dir/b/b.go	none	562	a79e0c15acb0a140fa75dbc7bebb659f719b0ae9997431db86bbf73ce9b28473
test/fixedbugs/issue30862.dir/main.go	none	549	f47acfb2082a95d445c19765048a6ffd26a1978f1dc99beab6fddd77debb2664
test/fixedbugs/issue30862.go	runindir	450	b8ecd80e3299c46f64be9ea5a290992b3c37cb11f03548d214db72ded5d7f5d0
test/fixedbugs/issue30898.go	errorcheck	673	d1536e067e40e1f28f14d4b8f2e825a15068880a9cc839aa007462e391e93c1f
test/fixedbugs/issue30907.dir/a.go	none	342	eccb3ea404b8695a4b185069ced21441ba5a3e794ed2c54c6ab378352660ce64
test/fixedbugs/issue30907.dir/b.go	none	207	d73dab77321ba559da88074df609535d961cf0c601b7e4948197790ed20bb4d4
test/fixedbugs/issue30907.go	compiledir	191	75cf7a8b3a6cf425c9bac38fbc84995eb4a5d0128b2953dd4996ab36d10ef690
test/fixedbugs/issue30908.dir/a.go	none	593	6eafa5ca242f2cf3d7effb5d71850b819ae07d9587a1f2bb17c7348150fb158a
test/fixedbugs/issue30908.dir/b.go	none	876	c9da1e1edb629a6a9df9bafa9da17006b29028110d95c204a9b7fdd930af3b01
test/fixedbugs/issue30908.dir/m.go	none	393	a42922ac9ddd471de7949903a71a1362c0c89ac2df2a7853e959687b6b017529
test/fixedbugs/issue30908.go	rundir	251	d2611c8ea78191706774e23ed615b7c4d7e48c5992e4651864077e2d4b07fea8
test/fixedbugs/issue30956.go	run	423	b838e9ffa6f4b51c7c4abc1239e898f31e2e435794a9fb55f7818b4ba6789fdd
test/fixedbugs/issue30977.go	run	865	54a941042ec3ce587ae3eb847aad7d347fb6dbe94e780f3b5d299648c958621b
test/fixedbugs/issue31010.go	compile	364	ac5ebadd19b4fdf19313fa8c7391992a65c05548a8b1724a45840f3da8f7fcda
test/fixedbugs/issue31053.dir/f1.go	none	322	77a5b274f6b12aec7c24e6ba4dc4cbf21ac5a38fe332b52d66d76ec3c29bae09
test/fixedbugs/issue31053.dir/main.go	errorcheck	2771	7ba2f7754e777d6e426779708de7404de4dcf9ae32fb1bd5073419205a3a8346
test/fixedbugs/issue31053.go	errorcheckdir	194	c9d6730ce270d694d36b596baaf5810f182ab91446084df82ae10f3d84cb0fa4
test/fixedbugs/issue31060.go	errorcheck	901	cfe28fcea1e89304ff73719214deadd7938e3e0f3d352e7c66cfafff5914b679
test/fixedbugs/issue31252.dir/a.go	none	282	72175ab233aa20efd8b33204993e791edc15cf82b149e6b3f9303c05b58b583c
test/fixedbugs/issue31252.dir/b.go	none	282	9e7b1fcaeaeaf167c589f451a6c630079c3fa168680444cc641d530fd7fc067a
test/fixedbugs/issue31252.dir/c.go	none	503	3eb8fd1584e71cad830fe03a81cfb83484f89ad388e852940f14ad8e098183c5
test/fixedbugs/issue31252.dir/main.go	none	220	6451263051b434ef676337fcdf0adf5f6cf354ac17a19ae796a6d93214520544
test/fixedbugs/issue31252.go	compiledir	191	75cf7a8b3a6cf425c9bac38fbc84995eb4a5d0128b2953dd4996ab36d10ef690
test/fixedbugs/issue31412a.go	compile	531	7321168bfd95f5c6a37d1105aacd602597c73c152aa1942f0f262129cad7072e
test/fixedbugs/issue31412b.go	errorcheck	387	e298380519af51b8daf7a39015f6da5d3237fe8c214423b73ab9d73eca9c7395
test/fixedbugs/issue31419.go	run	948	94b5ab644882ab7bd5f2c6878a44e408cf45366e9f2419dc4a7e4df3a31e84d4
test/fixedbugs/issue31546.go	run	364	829c7fbcbd687ca89d2dd7f1a4174195321241185a8abdde7a29d85f78640308
test/fixedbugs/issue31573.go	errorcheck	2353	107d44f0b27ffe0c77c9667ab331504d7e6cb1f2d621365ef0d8031252e25124
test/fixedbugs/issue31636.dir/a.go	none	201	77a099a8307a81584e13f52a6c90650c8356ecfd003074e0be32bf65421917a9
test/fixedbugs/issue31636.dir/b.go	none	201	347572cb0d67215bccbbccaf6a718f50f0f7fa02a1e2daa277db5f624bc8b792
test/fixedbugs/issue31636.dir/c.go	none	201	5781560cc3f39b81486143f4959f296d65f2b2d90358fb1d9a192435a4c0d3c0
test/fixedbugs/issue31636.dir/main.go	none	504	d6fe1bca930258aef86108842137a3fb8aa518ec45721becb977af5cca958243
test/fixedbugs/issue31636.go	rundir	187	981d96ffeca48c0c85e4b8356b06256841f4ec0419c25c3c28226dd3f95742af
test/fixedbugs/issue31637.dir/a.go	none	253	ac540433833c608554735eb970742c2248ae3b5642436095eab2a632a166496b
test/fixedbugs/issue31637.dir/b.go	none	266	a934ca88976fe531e74a71f0de1e96db40698c3a5e79bf81450348642ed12e4b
test/fixedbugs/issue31637.go	compiledir	381	e3e4f282a512fbc433bbd9cc29ec78d6556d8b5e3bca04c457c2669fd9ff814f
test/fixedbugs/issue31747.go	errorcheck	1122	44abf201aba42f811469e9c017b9171601923a477e3fa7835c87d27251ffe7f7
test/fixedbugs/issue31777.go	compile	341	c2e988b2bb8fd161bd60be88daa8f0b5f2f28c251b051b87d37c2ba6b7cc278b
test/fixedbugs/issue31782.go	run	399	969d171454c8821e6fd518a84537882ca8155175a664381eba018759b9ff2706
test/fixedbugs/issue31915.go	compile	358	0dea3e3c9cd8d440f988ec7c4b94d855e5d133839036836639fe0f91ddbcd7f3
test/fixedbugs/issue31959.dir/a.go	none	230	08fd81a48318ebd73edbc87f04594e11652875698caede9a6e0beafd40718ee2
test/fixedbugs/issue31959.dir/main.go	run	361	87a5e8fbdfa2af88aec70138868411c6590579304229ee748908cbf49dc5b067
test/fixedbugs/issue31959.go	rundir	187	981d96ffeca48c0c85e4b8356b06256841f4ec0419c25c3c28226dd3f95742af
test/fixedbugs/issue31987.go	run	414	2c28df054a7767b65ad7687add91825b7f2e89e9600e8b41b4090173deb9c236
test/fixedbugs/issue32133.go	errorcheck	718	03e4bd3e9be2cea8ffe03c2366308db09fbca35e5ef0cf69707ed0e58e811085
test/fixedbugs/issue32175.go	run	373	750b2006c1f2a30510ddfb12935c03ed66cd30420ed310aaf3c39bf61febcb6e
test/fixedbugs/issue32187.go	run	1492	6ce6950c6ac17f610b1a07f8034d4f46c958434997c401812302cf083f912ad1
test/fixedbugs/issue32288.go	run	809	b0884837ef73c82a2388df8c9bfeab366e7e9811c14a59a2e957df6a40a061cb
test/fixedbugs/issue32347.go	compile	390	f0591d4ed73759f0436069b6b7a6e4a8fe9b1ca8cd1ddbc6dc51e3a915c0f02c
test/fixedbugs/issue32454.go	compile	312	9a95234243d780d8f3c7c24a7875c3a1e2bd80e2d4da9a59ef7cfce26a67b8a5
test/fixedbugs/issue32477.go	run	1258	e17cddd5c60ba523d277f2a7fe968e676eca3344ca836707b46687542c092614
test/fixedbugs/issue32560.go	run	690	f96fbd311a130c7ec76ea1df0f52400fcdeca19d218066f7ec596164d730ebdd
test/fixedbugs/issue32595.dir/a.go	none	203	904dcf93fa8a6de8a36839e7a514a1418ea45588bd0ab0b570941e1650373756
test/fixedbugs/issue32595.dir/b.go	none	334	6a557ee6b392448242af96f768d31a6eae87aeec588842eda6011c179f84afa4
test/fixedbugs/issue32595.dir/main.go	none	230	0f5d8b3cfbcb8331a3096fce110c848168975850091d01d7019f7f37e87531d7
test/fixedbugs/issue32595.go	rundir	187	981d96ffeca48c0c85e4b8356b06256841f4ec0419c25c3c28226dd3f95742af
test/fixedbugs/issue32680.go	run	687	0f0d841a5fee74b6b41287c9fc6076a07bc4d5b14ed46a53b13ef36b77d82e42
test/fixedbugs/issue32680b.go	compile	412	a3fcc159a9ccaa6a9a20ac27ecb2cb125d81574e4fc8ad9a3ed6e0bb951d341a
test/fixedbugs/issue32723.go	errorcheck	816	93eca5c3bff65e6549c20bd3b4ed30c2bb79e982582800268ffc56d4c87a9198
test/fixedbugs/issue32778.dir/a.go	none	362	09483d8ca8d5a061a75a581ac6f78a4701b4ebb2c93a269cab962bf59f7fe9da
test/fixedbugs/issue32778.dir/b.go	none	239	9259bc442ae2488951075ec95e1fbe2a41d5420872c2fd627f0e33d40ef485eb
test/fixedbugs/issue32778.go	compiledir	386	3a05178f1a9d20e44ce4f2432c39e7bb195ad307e38929da791932b755b1eaa0
test/fixedbugs/issue32901.dir/a.go	none	278	78a8128a73797c3eb82280c055b10efa915607d00142cf3f237dd849eee83931
test/fixedbugs/issue32901.dir/b.go	none	264	dab555807082882f0aaa4715c9826ddbc6a4f7a13ea54ca0e15fc89118cb02b7
test/fixedbugs/issue32901.dir/c.go	none	346	28ce70fcd7409dc67ef362eafb7e165af0305fd6d1d72acce498e663799f2595
test/fixedbugs/issue32901.dir/main.go	none	346	edf94dab64d4f80746dff48afc67809a55b4d5fb3e2a825fd01bb1df19c9b776
test/fixedbugs/issue32901.go	rundir	243	41eaf70d80fb07545cebf40e065672b95f0b791b958954c3fc9ff7b098e758af
test/fixedbugs/issue32922.dir/a.go	none	332	2f2ba437a423281047a86aaf497b08c99fb8dffbbdd17e8ad71ef944531aaf7e
test/fixedbugs/issue32922.dir/b.go	none	221	d3c94f053e9906f93ea5841c2e9ed11fb85c5e7a1e4c84b4f1de4c429fa97083
test/fixedbugs/issue32922.go	compiledir	377	a53db078de535ee10ede73438c0e18f7fb21dbd0c8742208adcbb295210e724e
test/fixedbugs/issue32959.go	compile	355	de114f1f76ef09f1da2f6fd0b9be8e2604828a4cbae8d24b70bf2d358d0084e9
test/fixedbugs/issue33013.dir/a.go	none	222	f212a14bbc70ead7e015ab3eae4220558cad8718267ce8d21d7d08db7619d860
test/fixedbugs/issue33013.dir/b.go	none	403	06b4035e2d151e18ce6924d5cb35a288684175b8d7a47920f76f057de0021539
test/fixedbugs/issue33013.dir/c.go	none	361	d5cb8d76816c5df4a49497da93bba9ef9d0bfa93d03326feafd9df95ab75e3db
test/fixedbugs/issue33013.dir/d.go	none	249	353f13257504770f93c58df88e48a899c9095a42fa784c6a31407b518cd8067d
test/fixedbugs/issue33013.go	compiledir	253	0911faa885b00ce5b43c94db722809bef8b5bf66fd22a8b820b2949b1dd180f7
test/fixedbugs/issue33020.dir/a.go	none	282	98390ba8318b53744b4f9d4cd443af2f0548aaa32e2b85471fdb18add8192a92
test/fixedbugs/issue33020.dir/b.go	none	582	50ebd014b5facef6a53f9a6c70cdb73df815de34b25d8bf2945feaf3dbde9b0d
test/fixedbugs/issue33020.go	compiledir	257	20579555702f335a0e2e04f503c36a744de27365f20aaf1b106e718923a4c0ba
test/fixedbugs/issue33020a.dir/a.go	none	288	0ae5cd9920c4026d3ea43bd05e9c687c4ca2810f40bfa2bdb02705e8c5f3b267
test/fixedbugs/issue33020a.dir/b.go	none	244	ad020efa0b49505b1178c273bd9ab2e6aafcad30682a6311c5376ef1a443e216
test/fixedbugs/issue33020a.go	compiledir	260	e927c664ff035cbae2649ded5c1068c242f47734456a89da0a3221e3ec175408
test/fixedbugs/issue33062.go	run	568	cb366d622ed32b2d749f4710dab580ec17513135283a6a199cc71328f61e4805
test/fixedbugs/issue33158.dir/a.go	none	478	9290bbc3a5860e5a93f83b00bdce44e3ade6bfa72e4aa5f26490457b67a0f31d
test/fixedbugs/issue33158.dir/b.go	none	219	65aa3340b9692a7d78df1f12db18d31f924c03254456f2b47fc3a3f5900cb532
test/fixedbugs/issue33158.go	compiledir	268	15b9f783ea05af2f99db1f3148cdcfb9b8ca358bb3de39bcdefec188884601ad
test/fixedbugs/issue33219.dir/a.go	none	325	11d57e2b9e35590c94276ae6b6f2c09faa68db9f9e3b0c29f6052e2b2235f880
test/fixedbugs/issue33219.dir/b.go	none	402	215232ecf44d5c6143adf18260204df18a714e2100a5b08d018a2f080b4bd139
test/fixedbugs/issue33219.dir/c.go	none	339	14afd926d491cdf9c2b6cdf3d5f141eb72046d7a5b517bea3684cb2c873e095b
test/fixedbugs/issue33219.go	compiledir	249	abc7138e0a94b8c1c38ca178f1cd02279512fcfedec749da78f2664e258b6ab1
test/fixedbugs/issue33275.go	none	542	e05046ea2cc2f0c482389cd5018d2a13142e1e2ce46f7058a0f8ca07b8f0e1f5
test/fixedbugs/issue33275_run.go	run	717	1909ff28b7e436156d6b1ee392eba12fb964cfc6def5fd6a86aff769bf637e29
test/fixedbugs/issue33308.go	errorcheck	389	18f54f05395cb9ec83757e6c5e788c7a81817c5868ef6c6b8bea702aa91407b2
test/fixedbugs/issue33355.go	compile	2595	d22f42cd80e1a238784683acbd193b49ae4de615f02b31c825a1530d58c514c2
test/fixedbugs/issue33386.go	errorcheck	953	83053cd583005d01331642f01692b8f4b2e90900aaca5748e03ac4648cf6b469
test/fixedbugs/issue33438.go	compile	544	671e0edfad63d7248bd513a568b71271b75be1ec7fdd35738af4410d8f6084d2
test/fixedbugs/issue33460.go	errorcheck	825	1abb73685da108e06afbf6b36db3e13fe5c76c72f40ec135a514f46aade80d78
test/fixedbugs/issue33555.go	run	1317	0996bbe6f4067cd9f9bebe94ede1690a0c7f897a4a39a6ff56349ec5d5108718
test/fixedbugs/issue33724.go	run	873	2f9094fe81d50a9187af555fd8735709b56faec66ca01e0fd46d33bbc791060d
test/fixedbugs/issue33739.dir/a.go	none	214	c3f8b24a357794654afdc4f5760d42bf1e6d5b6e2a017e1164e4de9770281332
test/fixedbugs/issue33739.dir/b.go	none	213	8e2dadc4d52c1f509bb90b1a7f67194e3a198e91e6938524d495257a7574624b
test/fixedbugs/issue33739.go	rundir	255	a45e762dd6cc187f02246f5d1a56f6dec69ae28a6b1cb9abc08c5337101dcc6c
test/fixedbugs/issue33866.dir/a.go	none	314	0b5b5d96501984eb643fe43c7cfb7af243c00a089099cc5d50501253f364b20c
test/fixedbugs/issue33866.dir/b.go	none	262	2c47deb0c4b535ffdc25ad58eb7f9cf7e5a17849d24f0814505d480666296d2a
test/fixedbugs/issue33866.go	compiledir	243	cbe9368944e4ad9bdb48022cbab0a026411c36eb4320ecc4f50df004d3769017
test/fixedbugs/issue33903.go	compile	305	6a18affde1e73a451987b8f2cf3310edbdb98e5d1c60155987e7bc4a8c4795ef
test/fixedbugs/issue34123.go	run	735	b7e5309a61e17b06c09dd2bee05e33a69187e3f12ee5775453d7c4712fd05afa
test/fixedbugs/issue34329.go	errorcheck	281	4f16dbfcac80cb4326c33b6cc1284831125900d2a7fd0a7fac4a4cdcbc23fa3b
test/fixedbugs/issue34395.go	run	357	8cc571d3af6ec8a698b1399356cdcebc75af12ee4f7c9d2d4a0de1e64ad97675
test/fixedbugs/issue34503.dir/a.go	none	294	31962da0cb3984fbdd1da63af2a4563c0a39347c0bffd7cbf5c86f4cacb5795e
test/fixedbugs/issue34503.dir/b.go	none	215	7ef50de5aeae4d2cddfa121197562904d63a0f6a4ce9c52aabefd2e57a71dfc4
test/fixedbugs/issue34503.go	compiledir	258	59e50f8adfa59d3545b28147b0b26e04e005d0f66520924e9a679b5871fd46e2
test/fixedbugs/issue34520.go	compile	211	597a6ae7933387a4bb11c37c42b6c737dd1c5222be1b4d1fe86d5d99c70dbeeb
test/fixedbugs/issue34577.dir/a.go	none	353	e84199104f959899d14af9ed7d78230069b9c77a9160766aedf25d5ddcab9bce
test/fixedbugs/issue34577.dir/b.go	none	338	ed06006b570423d0f569bd7cfd0532ebd1a02ecec2ef8d1cd3d8253f321d27fa
test/fixedbugs/issue34577.go	compiledir	250	3a3505d077296086d0b36e7ecccea3d2597fbc721432940648eebe0cb523b091
test/fixedbugs/issue34723.go	errorcheck	1039	88da4a0fb14d74c61b685cb08b499a3cc9c29145edf77137e5e56dbb6425fb73
test/fixedbugs/issue34966.go	compile	327	f3ae12d3e75e36177418885845b477fea76c66de1beecf0b6f14129ba0a597c6
test/fixedbugs/issue34968.go	run	289	063157696234fb239eb25e904344ca743884e04fb967ddcd6538fbaba1671b61
test/fixedbugs/issue35027.go	run	395	c1f30f290f79c57b3f700baf89bd48f88a6ba42cf59b0a0914811438695d335c
test/fixedbugs/issue35073a.go	run	497	7401b4fb10c64e7853d3bdfa3edb4ee7a01086793195d0e74763ab2948db6de7
test/fixedbugs/issue35073b.go	errorcheck	706	1e18cce8220234171e8944460c6cc63302232012046c0d15eaf249e27fd2e762
test/fixedbugs/issue35157.go	compile	325	444a8b78c5994b024db3409bdc10da1c06b225603d5f4cf7aebd4529d729eb4a
test/fixedbugs/issue35291.go	errorcheck	383	078922d6919c17b38fd4969b06cdfe3429919fc09a59043dbac4213d32053e93
test/fixedbugs/issue35518.go	errorcheck	847	ab90d1dd1dd3098b3da935d2b0d4a0107cfe5852c64b3ac6d98d7d7fbd21e253
test/fixedbugs/issue3552.dir/one.go	none	468	c335dcf77a906b15f5ef00651bf43fea888de521b77731d477ce4d68dd006723
test/fixedbugs/issue3552.dir/two.go	none	380	936f4e21f4d57101e0a6eeeaed5d14852405ef30843a07daee1994c924067969
test/fixedbugs/issue3552.go	compiledir	280	ff3a5df57feee722b0d0062f9f2cc8d5d5f3137be86a6e715e7f41f3562854ef
test/fixedbugs/issue35576.go	run	351	323053590c8d95dd9e0e567210da85760ee96f283aafcd262aba238c5c179ea5
test/fixedbugs/issue35586.dir/a.go	none	235	97c8898c471c9387453c6b999acacae2bc317195193bb9a2b6c92307a826fd1c
test/fixedbugs/issue35586.dir/b.go	none	248	ce39c81ef0b05ab67e69065709255b0c198f8166c84c9ceb2fa0552fceabb9fa
test/fixedbugs/issue35586.go	compiledir	341	3395c137c0ebc45d5cccc9ec1922832d05116ae6e363f199136f3e9172c4ee80
test/fixedbugs/issue35652.go	compile	326	a2d42875ded9b5c1c6a49d425ace64131ee44b3a0a9edff47a7ae4bd00509c33
test/fixedbugs/issue35739.dir/a.go	none	350	9af331e477e6c804766337b699b75a04ba5070073227659d473f7508047bcc61
test/fixedbugs/issue35739.dir/b.go	none	237	754beaef135e233090e91d9771c455180e6c129c0adeb65fc7c7d0ec79955757
test/fixedbugs/issue35739.go	compiledir	256	71f1ea3926d398750dccc8c2927a2ce1f3af8d40a261a3d7f4ecc0aa8809edc1
test/fixedbugs/issue36085.dir/a.go	none	42	ac384e50b5338f23ac4a3cdc4d7d90367b837efc223bbce632efcb993cb0e94a
test/fixedbugs/issue36085.dir/b.go	none	77	db50b24161ea2fcbf06bec3775d347e852140ed21fb3feab0854623a77e92cb1
test/fixedbugs/issue36085.go	compiledir	339	d880c3892712d1c67281a83b011a3f5c7a5ab749311090d44ce1d33140702861
test/fixedbugs/issue36259.go	compile	483	95a1b2fce2f8ef250c836cd023068ccb58bea0f1f37ef777f0d2d719c2e04c9e
test/fixedbugs/issue36437.go	run	1148	7b942b2ea8c6e348927b7822f7e8ab83e8b7e749973db24dec0f4a8f4ae5e1ba
test/fixedbugs/issue36516.go	run	540	019f27794549362121d6fbeb9ba856c2aed80aae784db0c96e51239fd2eebe12
test/fixedbugs/issue36705.go	run	649	d7c4ecb93ff547c9cbfd8c72a1bdd91c42267e73db4ab5ecd88bc8a0de8a9b15
test/fixedbugs/issue36723.go	compile	630	854a4a78601ed41ad487583c6127678f6c28dea6f2c4ab5fdd0ac970d9f5ee4a
test/fixedbugs/issue3705.go	errorcheck	256	ba718ddebd1f2e0a03d4f81dcb7e4498dc28792ae4b95c8c18caa9940b246550
test/fixedbugs/issue37246.go	compile	433	6f775cb01ec954f8fbe7376600f8cce8d236f9c94faed7f9ca40a9cd80c60d91
test/fixedbugs/issue37513.dir/main.go	none	593	8c2ab51a03cd023d1967cdf614f57996704186e6d21d69d421845d7d2fe61153
test/fixedbugs/issue37513.go	buildrundir	260	e854be5368e5c103f275b01abf272ad3365bbec8c947c1996ddf63f249a425e8
test/fixedbugs/issue37716.go	run	872	a4c82bdcdb3371013e79065e46e3bb4761aa931c28378111ec91562f3d480515
test/fixedbugs/issue37753.go	run	301	91786ed282e1c72260bc70f90c17276babb35331e648204d26302225a2fb8241
test/fixedbugs/issue3783.go	errorcheck	252	8b33f39db4795cdbf2252880524085651173439a67552fba436abe4fc555ce21
test/fixedbugs/issue37837.dir/a.go	none	736	a985239dcd4bea8f02d2fd7a9c2e1cff92d695b40736120dac49e0558f8a1bfb
test/fixedbugs/issue37837.dir/b.go	none	1342	ec5f51dde311af576048ea21006dccdfa97b47b09d73f190f399554100685cc4
test/fixedbugs/issue37837.go	errorcheckandrundir	206	26aa56074bddc44bfa3bc54ab8149c2d1be8229960d1194d261b77a94e993ad2
test/fixedbugs/issue37975.go	run	979	c8f3c6a9d63925f9975f9f3a34693bbc6dd9051ca7ea4cfda7f2f57375acb3b8
test/fixedbugs/issue38093.go	run	861	196aaacc4a01768c95df38736a3294b9b4b9428fdbebda92537b6b44c6a9ee02
test/fixedbugs/issue38117.go	errorcheck	433	a3cef995527f1616e3d4e1e0fcf553710594816e373e8e39250bc910678ce0d2
test/fixedbugs/issue38125.go	compile	333	2954b1b7eb48ef1c2b4d41ca3142377b16727485642ddca2e0673304f5c1aaab
test/fixedbugs/issue38356.go	compile	1175	d902112beaaeda278501d5af3ad0cbfaa6e6d9f2382e39e83770f17bd696a980
test/fixedbugs/issue38359.go	compile	318	2cc7f2310c228bcd9f5742ea8281f214f2627243812aaf93d6522c4cac713901
test/fixedbugs/issue38496.go	run	440	73831493bb1404f584ca83843faee63353ff714b928aba8146b94187507fe2f2
test/fixedbugs/issue38690.go	compile	1094	da45daeddf7cd2aa36be7014126c69182c0acf847ad6104797b95305bdc14973
test/fixedbugs/issue38698.go	compile	393	04ae7ef14f72d249a88b9b93b3aa6f6f5d9d13a6603bd944b57eef02c79678ea
test/fixedbugs/issue38745.go	errorcheck	617	360a3077f6446df4fa1aa9b12b2834bc799e06505e474c292277ac5ddd616257
test/fixedbugs/issue38746.go	compile	287	a22b44d57e1fbfd20d4eeab7f4653a4b0881df149376c1c981f3f51ff8f0878c
test/fixedbugs/issue38905.go	compile	509	c19590cd935bf367d23f5db90d6d46b467813acb4057bf58f32f05cd783fe72c
test/fixedbugs/issue38916.go	compile	343	f7f14ba04f55392cfa4f21f23df63a84b15520bdb749ccff46043e372c4d1ae0
test/fixedbugs/issue3925.go	errorcheck	535	f3e3c5f178467728d0066d486eea67444911a430acc0cf09ce062c5c70f55132
test/fixedbugs/issue39292.go	errorcheck	768	40c979b7ba2350ec8293ea9667291e36fb7fdbe5ed9c2ae3e7e2c88e48de7998
test/fixedbugs/issue39459.go	compile	583	69e4c4ebd50bd141d14925c8c09d229245ddbca9c6522c23c0074eda16460292
test/fixedbugs/issue39472.go	compile	250	8bfbb876a8397a6aed3124f3054307ca9fecf7d0da941b98dcb5211892ab15a6
test/fixedbugs/issue39505.go	compile	613	558b3a2b142a5e3d4e24890d6bd910e6a81bf1f8ec2a228e78b600eeecda459d
test/fixedbugs/issue39505b.go	run	2545	2222b77730691dd5a35c0ec70756376ef999414b42dcf741b6ca0c3f1576ac0b
test/fixedbugs/issue39541.go	run	631	d1fd62fb21ccc735118e7d094a5a78d218275c68a2e7f59c5fc359ee02adbf57
test/fixedbugs/issue39651.go	run	514	0ca45b36f46d1ee062cac51e69a8afac08fa2111137ab4ed12d23a7e2c35cc51
test/fixedbugs/issue40152.go	run	412	6ef6407ca6c87b5bac605122841509e47eecdbf93c5b587a8cb1cec97a4a5fe9
test/fixedbugs/issue40252.dir/a.go	none	238	324c57bb5a02f60bb587dcc545d69a5233b947f2f231754e6f4469b7837ad8e7
test/fixedbugs/issue40252.dir/main.go	none	308	d4cf5dd65740519999e78a963e18686c5e4ee0fee60181a225afe2e189d7454f
test/fixedbugs/issue40252.go	rundir	265	fb9ecf9ffbc66306fd0740177c94670afd1625553966b0d7fae3bec3cab7347a
test/fixedbugs/issue40367.go	run	526	f531d4c1ec9285ab959a706a2f4cf6af4398591523acee02366a47c035fa9fb5
test/fixedbugs/issue40629.go	run	1237	6d19835c4bebb198539f8cc1960a89ed7adfdd00a6d43e8da4bc90500657cf2a
test/fixedbugs/issue4066.go	run	543	8a8c8296a1895408590a4bdd75994150881f1241cd684b3bbb36c6e7c2c0e7b2
test/fixedbugs/issue40746.go	compile	284	efff631cfaa8cb73d0dac1c4e6f45c4f7fef90d77d386c1e9c011a472be591c9
test/fixedbugs/issue4085a.go	errorcheck	604	6d198045769eae37f920237a219ab38965c25cbe306700af8aac4bcf37517446
test/fixedbugs/issue4085b.go	run	2952	3cfee96509da55fa880b98883b4a590d5c05861cf627d23bcf972eeca985ab42
test/fixedbugs/issue40917.go	run	453	947f12fa83e5cbe55de491c2862e6ad718ffdab1d907936194b8996b549d5484
test/fixedbugs/issue40954.go	run	889	683be512f8747e7e1960a5266dc0eaaf42ac7e98eb8085547dc98d933b396b2d
test/fixedbugs/issue4097.go	errorcheck	278	8fe0ae7290b5e39c87b3c9cd60508f8fd534255ad097325c96eb9fb41f1f4608
test/fixedbugs/issue4099.go	errorcheck	509	9de13e32480deb9c6bc1951241063871e87eeb04ac82b97407abdd442b5b7bbf
test/fixedbugs/issue41239.go	run	393	44d328a680d867f63a162220106c2bba037e93b3a4be0c0fe8ece775e4a57810
test/fixedbugs/issue41247.go	errorcheck	289	beeb96a9c86fe59692c362b057e0b29ceb0d465b5214f48062da8aa4b15caad9
test/fixedbugs/issue41440.go	errorcheck	302	2b7760e2238e30a5462ca75b273e69ce5cf95508c44c6afc92cb652469f2f7f5
test/fixedbugs/issue41500.go	errorcheck	867	c039ad18af3d5e06498735f2fcde4abe612f319fc0a04996e5cfb3c5cb1740b7
test/fixedbugs/issue41575.go	errorcheck	1099	d0bd9d176a2c24ae4b86227d00392028aa91b2a0e0961b80c26a9ff447375d24
test/fixedbugs/issue4162.go	compile	524	9f72780c3e6394e81b4191a02b1d71ceda0408e5350109ae01eb751c96344fad
test/fixedbugs/issue41635.go	errorcheck	536	3471fb9ec0c3704966c84ccc461b38a12bf9e381886119845be8a79b07233256
test/fixedbugs/issue4167.go	run	876	1c00da7b4fe63fffd06c6f691a7cb7924fd79918a145c523ea81c27fc81fd235
test/fixedbugs/issue41680.go	compile	355	81cf4e77021618ce7e3f77beb9bd56efe872f5b3274c7a3254362c2f892cc1fb
test/fixedbugs/issue41736.go	compile	1306	f8cfdba9abb078cf63a085fbcdea4baaf7bf734224b67da15a6ddde417ac5c16
test/fixedbugs/issue41780.go	run	845	a73d5ae4544331f814f5596c80fee54e0302c7141b6cd81e8482fb9b26a3e667
test/fixedbugs/issue41872.go	run	443	7b77e09d2ee486b8f60c079d6a340a41ad9bf107ff09603a3a2069bc8f2d96f1
test/fixedbugs/issue42032.go	run	432	a6eb1d5ebf96607362212ba4dd17dfeb188603c5384e5a643461cf1b8f15fe9b
test/fixedbugs/issue42058a.go	errorcheck	338	5f9af850d83435edb00bc994a2e5f576ad11ce1c77265a354c71d1a2af6e3b22
test/fixedbugs/issue42058b.go	errorcheck	279	21cffaf79eceb1ec607a58a18907c29be7e14acd5993655f8f46efb022ec87b8
test/fixedbugs/issue42075.go	errorcheck	278	676bcad2b5b4312d14b44657defb8e95e7957608b500be7127b395b000e7c020
test/fixedbugs/issue42076.go	run	379	8487532db8675b29c4bf493faf60eb1f668b2fecddba7d95eff8db8182e2a4f3
test/fixedbugs/issue4215.go	errorcheck	2039	a6af6d0b9f20861211723b62cbcd5bf2d09770427403d31279f9039062d6b286
test/fixedbugs/issue42284.dir/a.go	none	798	2957233a7b6c424f7139f767ac2b85739a0790c11c15e7e478c0b569ccc850d2
test/fixedbugs/issue42284.dir/b.go	none	565	17e3cc35e07eddd88da52154f1615e211e21942365e717c4516c6ef865eb9996
test/fixedbugs/issue42284.go	errorcheckdir	237	f22abce51734c149c8f9124c53092fce8f366645c3984843ccb463c7da58daa6
test/fixedbugs/issue4232.go	errorcheck	2486	6498fbab8dd0bd52820dde8946bae0b422345bb379b7bbf9329d8c4661b33c33
test/fixedbugs/issue42401.dir/a.go	none	241	72ead7ba2245f03715c314cdbe66abaecf6fdd9386db496f1d5fb2c070fe031e
test/fixedbugs/issue42401.dir/b.go	none	351	a608aab8bc56f907fa30b3572ab4abe54de5b9297027d01a82d1d47bd7e42160
test/fixedbugs/issue42401.go	rundir	323	74296b4732cfcb84d6a06a480b3c7d9597a862b4aeaf3a27d97e193ed8626e18
test/fixedbugs/issue4251.go	errorcheck	602	5f810122f0435138a4e1f8474d3bbce364ed8cb6fd58843dea0f4d83afeba9c4
test/fixedbugs/issue4252.dir/a.go	none	807	c11e44dbc9daebca308d545cf74b5429c81ad4cf6853131d069daeef37d19ac6
test/fixedbugs/issue4252.dir/main.go	none	435	9e9b7476b9857c52bdc7c78864c907a900c2d97663c0e68f3a56bc5c40292c74
test/fixedbugs/issue4252.go	rundir	313	9a19c13b7d7318e27abf3f81538ccdc3d247283d91f72b3cf56d30dfa567d1cb
test/fixedbugs/issue42568.go	compile	415	1bd9e704800a913063335915347e9209d719c4f531519180ce90158b91b3b90b
test/fixedbugs/issue42587.go	compile	263	515a4949041eeece47aca4767661ec01f3d79e33ceb761160e0d2d93dbf01c87
test/fixedbugs/issue4264.go	errorcheck	366	af342f11ecb66f2f68cb857c464b98e16e79acf28b313dbc7d37b33f3c76581f
test/fixedbugs/issue42686.go	compile	281	febe458371b65daf88b14906a74a42323637833acd7da06d53b4bc6fd9ef99e9
test/fixedbugs/issue42703.go	run	340	5d6ae5cbe27db82d0028e1328116d40b99f8df4821bf7db7e16eec4bbca7998e
test/fixedbugs/issue42727.go	compile	400	8d5a390448e35acdb89c10317eab97bf751db5f1da8f68b4cb036dadab53b9e5
test/fixedbugs/issue42753.go	compile	285	9b93c39790c73e21f45235831de1a293bb4ba4e6b632dbb53fdf6b80db303aab
test/fixedbugs/issue42784.go	compile	426	e3bfe6a702ba607deee481af46f129c38fa700a014a7360883e6ccc913c01b02
test/fixedbugs/issue42790.go	compile	235	abefbbcb5132c6c09de1aec0b68f1789a6f5c8867e8c660e51f163dc86fb13a5
test/fixedbugs/issue4283.go	errorcheck	366	8f3a84b3dc405c9f7def9603db7a2f86b745562aadaddf4e6eb6e08d2448b9bd
test/fixedbugs/issue42876.go	run	341	371606470d4a973412fd527aac6c16d06edf9187c7af00ebf490383a926d682a
test/fixedbugs/issue42944.go	errorcheck	513	34283207909f2cb5f49aad741443d69b1e669b07af9d182884c6f6d422396496
test/fixedbugs/issue43099.go	compile	858	c8808f936f9b2c342441738f521ec3beededcd9397c9fa48aed4477730df05a2
test/fixedbugs/issue43111.go	run	896	de2d920c334cefdb5d859f7f8ad6dd0a49628ec6adcd41f30fd94824531a4f26
test/fixedbugs/issue43112.go	compile	723	2c0533d69e39b528de265487708389ec8e23cd6a7bbfa1f00039a87c28d8e91e
test/fixedbugs/issue4313.go	run	546	7ba9f86b6a033b87a727a5233a28a6ebb3cff418ccd654f531194ad17d35204b
test/fixedbugs/issue4316.go	run	972	1e4b5f6eec04da5ab1e13fd419e3e0686cfbd5e786fd8edc69cddeae2320230a
test/fixedbugs/issue43164.dir/a.go	none	269	6739bba580c7791b6cbd9d1a6634bee737ee31a157ee50493662f43e544e6648
test/fixedbugs/issue43164.dir/b.go	none	237	66f9bddcc6f1d37aeace7ffdaebeb459821b7d476438aaf881df24b503c3dc5e
test/fixedbugs/issue43164.go	compiledir	191	8a9a1a6fda122df0c307e1ab582beccdd1a36ebc8ff134392260d6d4503a6c9a
test/fixedbugs/issue43167.go	errorcheck	368	af35b81661a7a8c811ad64ee68ac84f53faea0b2b905f4cfcc3b2cea884467a9
test/fixedbugs/issue4323.go	compile	610	a5c5d358a6ad5c299cbcd23935969819d4cef5cf6853018929dc3b093ca4ba62
test/fixedbugs/issue4326.dir/p1.go	none	214	5ffc07e4055bede3ef98244b33b0c942668799936dd9ce62283c646a6d78fe9b
test/fixedbugs/issue4326.dir/p2.go	none	59	9ec5e26c4232823979481515ebb91a0093fd35ac3e68b71769ac93bc5741bd63
test/fixedbugs/issue4326.dir/q1.go	none	142	0666d79aa0f9a6cf282edce5099cb3f10a1db5036678f2bbef6f626c95b86ab7
test/fixedbugs/issue4326.dir/q2.go	none	136	e62023c236e9e521fcf5f4c06ac19bb370d658c3a72354ec1e7a15f06f9258bd
test/fixedbugs/issue4326.dir/z.go	none	84	6c57be9665a9a96ce96fd8412009a94466615f7b4c1aeecaf7361c147439ba51
test/fixedbugs/issue4326.go	compiledir	253	35ff6ac950864b8c692cd229a8244f410d98e4a1d856c381d2d264bff94798d1
test/fixedbugs/issue43292.go	run	632	77b153a9ac1ffda913457fc39c828e72cc2b4b9fad9f25cf93b34ca06f3d4f24
test/fixedbugs/issue43384.go	errorcheck	1973	84488d3bf37e040373b7625fd7438ebe7cdcb560b4f65956832000707bde67f5
test/fixedbugs/issue43428.go	errorcheck	722	eb32d473e75c6923bc94120a87d362d6263378953d2361753be86d7471a2b842
test/fixedbugs/issue43444.go	run	343	1ef7a5d0e2dceb1e3e9e04eac73cae5a09c831e0324603b087b23ec63f3c582c
test/fixedbugs/issue43479.dir/a.go	none	466	49f642879ac43e311e8bc300797c985bb137d239e60de386267ded40bad8a6d0
test/fixedbugs/issue43479.dir/b.go	none	611	0e35606b14086d29d0d66a6a6b0e9a1638f2c216acbba12124d6b674d8f84642
test/fixedbugs/issue43479.go	compiledir	191	8a9a1a6fda122df0c307e1ab582beccdd1a36ebc8ff134392260d6d4503a6c9a
test/fixedbugs/issue4348.go	none	584	99a76310bb08e00b33cb64a51925bfe05cc3adaede127b8e8a21858320ee5bb0
test/fixedbugs/issue43480.go	run	626	2d90f6b40c99450a353faa0f626412c61dc6f986f043f11457242554ee29f0ca
test/fixedbugs/issue4353.go	run	418	a18b1e25efef8ec1aaacfc570b533f6aafd24c8dd4dbbefe1492e5f3ecf7f2ee
test/fixedbugs/issue43551.dir/a.go	none	104	3b2a455a4ec9dcd1562d92a427461f698a8e346ffdec247f18c076d97545caf4
test/fixedbugs/issue43551.dir/b.go	none	259	6a1343145db3560a43ec7e69023184374b45462791cc50ac013901c58f6e899e
test/fixedbugs/issue43551.go	compiledir	191	47539505b1fa7ea4cfd08d3f136b171789b21b05948e41bb74f8184ce84a6219
test/fixedbugs/issue43570.go	run	661	81b674a5b32debdb9788c351f61a36fc53b34c69a6a1c52c3a652e76ae8c55e6
test/fixedbugs/issue4359.go	errorcheck	377	6a6ee628a95e4fd4e766b55b9d43c67ee9b05c171ace3967cceafafb752ab71e
test/fixedbugs/issue43619.go	run	2218	6132e2fba9efaa4613729d7947d2591707f66c8eaf0a55968b349018e9931486
test/fixedbugs/issue43633.dir/a.go	none	378	772721ffac6c1c321356556732768e3a402e10e5412903127b1e60b2b782de1c
test/fixedbugs/issue43633.dir/main.go	none	281	a34cc67aeea2bd0655981c3b3ab2f1974827d337a5463e9f60eec9fb3fce222f
test/fixedbugs/issue43633.go	rundir	187	a9479d7c22dbe82085d58f275f1d94aa1b9caab62b8d5507762a10a3696a4e4b
test/fixedbugs/issue4365.go	errorcheck	469	d3739c4d51fc477022914e80c499a926da14d8290c725518665b359c5fb0c64d
test/fixedbugs/issue43677.go	compile	387	7867b9da68fb2cc733a855e33996ab4f672fe471e7d95abf7598a23df31b0e4c
test/fixedbugs/issue4370.dir/p1.go	none	310	8223d1ebe67423f781c663a2db81197b683189adbc3ca573b314bc129ee2b3a6
test/fixedbugs/issue4370.dir/p2.go	none	246	3bb76a7919c9b189f5ff7de98898c71ca0a91b943c66ffd2099eecd32b86293d
test/fixedbugs/issue4370.dir/p3.go	none	238	7dbe103de1ec02822cab9b4e27ae7e103797e1b189b3abbf45fb35cb802beb07
test/fixedbugs/issue4370.go	compiledir	266	8cbf1ea8965d17ee3b1f3f1be5b6dcb98c34733ae089deab802597b63f1c7606
test/fixedbugs/issue43701.go	compile	290	f1b6aaa5eb95c30e9500fd0639eee12a57ce074c88c11aef61486ecafbd0969b
test/fixedbugs/issue43762.go	errorcheck	607	2042fd45ecaccd20667d902f0447b9c07090624da2048f80e88d7c1b83c9daa2
test/fixedbugs/issue43835.go	run	593	68e2d4fef20b4b23496d700f8040b0c998100fab91507224c7e27182037e6a7e
test/fixedbugs/issue43908.go	run	473	65b93695a083f9a68cfc9f9982d73e44b3d0472d759bd8738c5c55c6fba3baa7
test/fixedbugs/issue43942.go	run	726	5d2294f95d9a2fdf2d9f73d163e63ebb4890bea0a196568362945b34be127f68
test/fixedbugs/issue43962.dir/a.go	none	173	975bf685f87c7d7e7c0faf811100f227b21210492c7e5e4fe8656ef37cde6595
test/fixedbugs/issue43962.dir/b.go	none	225	930ff8a6df7f51cdffa6943fe2584694e39877d6ae8c9345e4ecfb5dd35748a5
test/fixedbugs/issue43962.go	errorcheckdir	258	f93082f01b1b3ef087be8dfc2cdcf1b0c918feb6199158c19c825110497ad3fe
test/fixedbugs/issue4396a.go	run	627	b97291480afeff053587e2008f511781564bb67d84945eb47a96d636e764e58d
test/fixedbugs/issue4396b.go	run	496	02a7d4003b7343c72009680046faad565f221a1fb1591b2dcfd1875abda10747
test/fixedbugs/issue4399.go	compile	301	6ec2ba3ae3051f5bcbc5fdfa6c01dbdd82abda45cbcafa95854828002db133dd
test/fixedbugs/issue4405.go	errorcheck	413	80ec069b8b4c3c68c8842f60bf0ec3db28afcc637ea1ea01767cd146aa3984b6
test/fixedbugs/issue44266.go	errorcheck	364	620e1be85acb5634ffd999ec9445855bf1abb46f6b62fca02e52fb8f1ba9ee6c
test/fixedbugs/issue4429.go	errorcheck	317	931520ea685fee051080659fe8728cfd7c1900d85fd0c7131222366da514c78b
test/fixedbugs/issue44325.dir/a.go	none	248	97b6765d338e373c4008c419d9e5951cecf0a0a2d903129cc0b88c2258226fa4
test/fixedbugs/issue44325.dir/b.go	none	212	d74d3ef37d52b89005ed7a6d088032842589a6a7959acdf43ac27e7100f9e855
test/fixedbugs/issue44325.go	compiledir	192	aab5c5f506958598f1c2e71e8b6d33d4b15c66d43e25403d1b03ea8396b82bc2
test/fixedbugs/issue44330.dir/a.go	none	468	f62c14ad484b8c9bdb031f41972bdbf3af3ad713a31ba36c2599361b4820b11f
test/fixedbugs/issue44330.dir/b.go	none	346	fc49ce0628b6e9ad9bf97a61b6c577e3d34960291726a827e7d7661dc948e771
test/fixedbugs/issue44330.go	rundir	188	72a3f1f11eca288fbc03ca1efd917570d889dba3afa816434a5ab33b3ecf485d
test/fixedbugs/issue44335.dir/a.go	none	314	04eaad41291d8471e811f4c1b583aa315b51bd7ff220e26212b3bf67f680e90d
test/fixedbugs/issue44335.dir/b.go	none	209	4a043956b34f807e53dc2bb5bc98dcba664b65f6c0100871dcea59bb40dcdb2f
test/fixedbugs/issue44335.go	compiledir	192	aab5c5f506958598f1c2e71e8b6d33d4b15c66d43e25403d1b03ea8396b82bc2
test/fixedbugs/issue44344.go	compile	575	8b727a34d9c08a026a3067072debc8e60bb9f8d1f9eaa89c0f33aee7fd2485d7
test/fixedbugs/issue44355.dir/a.go	none	205	99a9dddf70464c115a253f46c73248f8e78804b9e6f35ec56889deb839983c9b
test/fixedbugs/issue44355.dir/b.go	none	200	4c0d50644207a4fcb7e6864f1ab19702665eda05ea38d630586c565c7a0a8845
test/fixedbugs/issue44355.go	compiledir	192	aab5c5f506958598f1c2e71e8b6d33d4b15c66d43e25403d1b03ea8396b82bc2
test/fixedbugs/issue44370.dir/a.go	none	682	9a343ee6e91e5715cd4cd5d4566fed1e310261a4c0aad2d391c63a4967dc9337
test/fixedbugs/issue44370.dir/b.go	none	248	0233743f87be7f7ba3012605da01e39a582f64aec917da50fcb0a0eaced5be04
test/fixedbugs/issue44370.go	compiledir	192	aab5c5f506958598f1c2e71e8b6d33d4b15c66d43e25403d1b03ea8396b82bc2
test/fixedbugs/issue44378.go	compile	1319	9ef348236abddaadab3e0ccb23de3675cefc95ebc191ac4fc7d992225ae7565e
test/fixedbugs/issue44383.go	compile	337	01f985e22532ad53b910f1d8327879d846ff02467ae2fddfc7db39df5c923f3d
test/fixedbugs/issue44432.go	errorcheck	336	95ec7bd733ae1c557878eaccc64f62a5dc214efb5a26f22fca9696a51567d977
test/fixedbugs/issue44465.go	compile	375	998730187960172103296a39c502e742eebe7ed4d212eb3a874dc8e2758e1136
test/fixedbugs/issue4448.go	run	718	5c22e0695bdfc0c700dc36f3f637c8d6d7189b12729cdfbb95472191fdfd5777
test/fixedbugs/issue4452.go	errorcheck	359	3c44c4711f270e106a42f8586fed560ddbda320c79f1964ef4771c743106000a
test/fixedbugs/issue4458.go	errorcheck	434	28705d69fbedc4365b73cca88244fef6264d54dc280cedf56d57430548f88174
test/fixedbugs/issue4463.go	errorcheck	2426	422473aca6d28ddbde3641165f6d06a43b2d2435939c0efac91a78e93f65fbe7
test/fixedbugs/issue4468.go	errorcheck	759	52fff30a72267ccb18960b7bb6cdabfef5170c158bb87567ecd456d3f09b3d20
test/fixedbugs/issue4470.go	errorcheck	364	003e35471ec1d82165f3ceda218449e998f01853e1e2b5eee0d9083bdb0e8088
test/fixedbugs/issue44732.dir/bar/bar.go	none	236	912d9cf9de88752a4031afda76c64496f4a18a7fe9fa7c42baca94a3bf9758c4
test/fixedbugs/issue44732.dir/foo/foo.go	none	262	360f0c677bbbc2bb89d702ba7cc5bdcd7835ffe32a6b6ea7026dfa39ea87f40c
test/fixedbugs/issue44732.dir/main.go	none	279	4c2ac9ea06ec7de34226aed84b57620aa1c16f54f06b53a0c54d12864899ba94
test/fixedbugs/issue44732.go	runindir	189	a80171c639b0c4e0b24e7b9538e5c99a3848aec7926f8edbbf175be9b9131718
test/fixedbugs/issue44739.go	compile	1160	2508383f60e737f9c8b8a762cb3906a486b0dd29b173e2a3b9a21a02820e77c8
test/fixedbugs/issue44823.go	run	492	1c2039acfca3869a043c0d51ab6fdb04f1a73a27794a818813d3f2d8ab835964
test/fixedbugs/issue44830.go	run	372	a35eaefcf06db3bb6a284981886cd6730c9defad4c0339fc8910ce78138d0559
test/fixedbugs/issue4495.go	run	369	462f0c32b82d6de05370237b329b20ba46676363962fd4d256ecd575cd6b6d12
test/fixedbugs/issue45045.go	run	997	a3689d4ed095e0f624f6b579825a23085b982fbd7bba4170aa7ed5f976191e28
test/fixedbugs/issue4510.dir/f1.go	none	245	888321bec3623d757e8f38e1dc864e3f3dde916db6a7cf71cdd0ac62f1b2e699
test/fixedbugs/issue4510.dir/f2.go	none	246	2499a6ab14c63dcff228dc1ee8ff6e3dc4748c55b373a1bb9d10d31df814191a
test/fixedbugs/issue4510.go	errorcheckdir	194	0750aa734f6d4dcbe094dbf63a85d0d1fbd5d2353f99150dd322b2ce5d82c360
test/fixedbugs/issue45175.go	run	386	4ab5cbf76d64521f82e3e9e3d0adf522cc7c6cdd8f44a2ca6bec3d8609c21e7f
test/fixedbugs/issue4517a.go	errorcheck	245	1762ee2d03b4dff161d1603157319c3e1f97c4718a2234d8a94010d6ac9a6f71
test/fixedbugs/issue4517b.go	errorcheck	247	6368de21ed1940209fc8c6e965ac59e5f96999bfae04d22c9865e988de3bb17c
test/fixedbugs/issue4517c.go	errorcheck	247	87d48c4cd9d26e3b8958c323aaf5af4045a99194b8e74a8afd9e32bf7b92ae29
test/fixedbugs/issue4517d.go	errorcheck	265	5155b36b3173b4f5809bdc12225078dc3957e7867f7e68ef7b54e009b35e7216
test/fixedbugs/issue4518.go	run	942	16aaa1ffc3c2a3141da33a36f2f99ce6e3acc7289c274e3160d710f02717828c
test/fixedbugs/issue45242.go	run	586	c23b34f5fcc328416d2bac4e402cb77ceae3318152c83b9331ce57d3cc58d9fe
test/fixedbugs/issue45258.go	compile	397	041ddee4308c95829ccfafd858beac959a9b89099b7060489801b7bf134aa623
test/fixedbugs/issue4529.go	compile	572	26a2b4d45ce4a7ad6c920fcbb1b293fd02e89388f6e73b1c80d036159a198c85
test/fixedbugs/issue45323.go	compile	346	8e93ed14fe603c2381b805b2a5616f5a29c1602e1b1c4acb304c98b035e00a2f
test/fixedbugs/issue45344.go	compile	350	b505d7fa34f01150b261c66591213a974bd41a4d2b7a1256655d19914f8e3906
test/fixedbugs/issue45359.go	compile	320	a87148daf4a8fc995fa697930b41d74fc35793215873a2888b44a0248b210246
test/fixedbugs/issue4545.go	errorcheck	511	0a9377a50a6ca41a44429a18bd6234f82572122fc79f9c0286a8e33b157da377
test/fixedbugs/issue45503.dir/a.go	none	269	4a35aae55e0c587aa70cb21d8998127f6af5041322e6cd0b311303c587a21441
test/fixedbugs/issue45503.dir/b.go	none	217	e58882144ad862ed51865df142bb0d2ee9dd81e00ca9a7f33bcdaccd727c6f8f
test/fixedbugs/issue45503.go	compiledir	282	5ae7991ca2e1486e4dcd2900c2a29b6ce81d8b48eb224b4bc1fec7e2fc83534d
test/fixedbugs/issue45606.go	compile	283	1fa9c0240c8b5559ef7c422adc1ca7cac814aa1ad644076a0f4201ee6652931b
test/fixedbugs/issue4562.go	run	881	e9f7aa6fc3710492e025db1d4d821b262f0ebc9343ae96142a251c0d94db3fe9
test/fixedbugs/issue45665.go	compile	290	954a0944ba7ac261d3848c23a0346daf0760e11bffb5a6d751ddcd7f3ea9a7d3
test/fixedbugs/issue45693.go	compile	291	54c0edd8f55b5afaec8372978e9c831bfd0d70fcae1d1f7ac9e149cca7a2c260
test/fixedbugs/issue45706.go	compile	405	2c217cfe0080374ae93683a0142ad471e2533b77cbd2fe9a947cd17082541dcc
test/fixedbugs/issue45743.go	compile	326	c96e9ac0e45c9611018bd177ce0011440839603618bc8008575e02719f17c8c0
test/fixedbugs/issue45804.go	errorcheck	325	233abd1623873ba7e439566aa9a3c6277b10ad342b21359594cc63f800cb7929
test/fixedbugs/issue4585.go	run	2516	850fa455b75c7b4c925d149ac5dfd41a072b40f09e15dd1eb73b89e559773e34
test/fixedbugs/issue45851.go	run	1366	0514a3b0bbe8d843bf4db73a0addc7739c376ee5e9c8186a0dcb20dd6c3a8892
test/fixedbugs/issue4590.dir/pkg1.go	none	438	8107040e535257a8bff6267cb1369aae56616d11d4989442e43009f666039080
test/fixedbugs/issue4590.dir/pkg2.go	none	340	472e331051fdef08694b28dde05d67b8ea957da79af374bcc6e0707a8d502ebf
test/fixedbugs/issue4590.dir/prog.go	none	438	deb5299bfa28ec095441261c3b4c76f1e31d4baf3c31551314c85ca388f09de6
test/fixedbugs/issue4590.go	rundir	276	0013564174865f753bf26dd2592be4eb5af0b40f1dfc8d70aede00f4014c79e2
test/fixedbugs/issue45913.go	errorcheck	389	99abf10be7e94ed76a14ad5ac2029957bbb6c7ea997ef33d2849e16164611292
test/fixedbugs/issue45947.go	compile	259	0bc2d9c073f669d585fbbca15500548847436d0bdab37e17a2e808ffa6f711e0
test/fixedbugs/issue45948.go	compile	307	aafb350661912402c7751345ad20afe0f2057d21406f5ba956449e3eb024ae5a
test/fixedbugs/issue4610.go	errorcheck	334	c7224b70989f73578129b76e8dc10d513f51f2b5b3c71cf9c6406180f411ea8b
test/fixedbugs/issue4614.go	compile	419	6c4801d821c3f000f7409ff119b751378c71301bed6126d45824398a0cda290c
test/fixedbugs/issue4618.go	run	652	6ffecc3438b3aff00a5168105963891ca0d07bb101cb7d126646e518798cef4e
test/fixedbugs/issue4620.go	run	398	65e3416617247ac18af45183a526caa478c68d177c58c27147974fa6777345c0
test/fixedbugs/issue46234.go	buildrun	1713	329bef5730da8243d2e4846f3d62e305a419ce03374c39e570e9fa4cadd0ba90
test/fixedbugs/issue46304.go	run	1169	9d12f357490bd28928bc615b8fc2d537ff170c0067c79ea6af962bddfa8cb9c0
test/fixedbugs/issue46386.go	compile	461	461d423814ece196198b3b5fc1c7f5490fce7603a5b9ee4fd2f6d664a308c1a9
test/fixedbugs/issue46525.go	errorcheck	409	4efaf329c936eb412665e5d48e0993306c2d9ca54c72f23cfba2604cbba65e40
test/fixedbugs/issue4654.go	errorcheck	2813	31a39eac696f2e12cd7993591f9343c860a551b5943c7d6421de5c9b046bdfb0
test/fixedbugs/issue46556.go	compile	321	47467b77cafaaca61c02efdff21fd1a6f24b711ac4201680a0d3002edc72bd67
test/fixedbugs/issue4663.go	errorcheck	317	0f4efcda5a7f27502fb559234cd79bbb179d1df922a4feeaf74fa2081dd918a0
test/fixedbugs/issue46653.dir/bad/bad.go	none	953	e9cdb8e70880fcfc6af5cae53ba543cb4cf6bf9bfa8a40987d0c57629a2470d5
test/fixedbugs/issue46653.dir/main.go	none	378	835995eba740f9c6b6700ff4ca3407f2b4114da359ebf4dbb8319d2e88b2b26d
test/fixedbugs/issue46653.go	runindir	291	fc6c33bdc33ee8b1ba0684fd25b1daef99a794d78b2f92ca2178f0d4d458d3cc
test/fixedbugs/issue4667.go	run	558	cd1dddb2a417343a6796e8cde6d491b54fb843f8bc5bd458a60c57f1cc3f0c3e
test/fixedbugs/issue46720.go	compile	282	314c32b8fb8bd38ee20e10abbb592e9f8e2a7ee41de865644775f9e7629c0e0f
test/fixedbugs/issue46725.go	run	818	b5df03f0a6dfb3dfac56e0a00a77e7974ccc21f913ab679db5916c36cff39ab5
test/fixedbugs/issue46749.go	errorcheck	1466	c0763c87080ede71ebcd79a8399afd1671e6c53918b1c85b2729dd481d91ef21
test/fixedbugs/issue46903.go	run	473	30c7866685385b6148923d9503713af596d8f88d8425a9385b068847989501db
test/fixedbugs/issue46907.go	compile	242	cd5bdffa086c514fffab1e2c217aa013fb4e17bc256abc3433e400503ca6361b
test/fixedbugs/issue46938.go	run	584	d9bd9000f7fc05b2c5b37d2388d78de0520bf062900bdfb4d8ae36317b44c073
test/fixedbugs/issue46957.go	errorcheck	351	f6848b153bd6765e95f07f656344a3d6887aa8c610d96de235a9d5aa3f59708c
test/fixedbugs/issue47068.dir/a.go	none	479	2606cea4b310e5023441e790b0e7557b63ae1a858a7872462551d1b2e1ea1307
test/fixedbugs/issue47068.dir/b.go	none	334	9bad783b22b73e1fd494381107ee020d3ef55cc4af0a0e65e3f5e13108d6593a
test/fixedbugs/issue47068.dir/main.go	none	230	ac0f398781805904d802f8bf9f54efee57d8ab146baa58fbd6a2413fecd4b604
test/fixedbugs/issue47068.go	rundir	187	981d96ffeca48c0c85e4b8356b06256841f4ec0419c25c3c28226dd3f95742af
test/fixedbugs/issue47087.dir/a.go	none	236	61161dc5b2c51464db5e1b11e65399d98900b2fee72b1fb7dec1c8092b91da89
test/fixedbugs/issue47087.dir/b.go	none	236	5bed4f75cd0df29b552915a70e5f81fe07125bbf6b4a3023142dcf1f0a3ddc40
test/fixedbugs/issue47087.dir/main.go	none	292	f0a3bd8ccbe65dec5c2a9afe20cf356965986a64db9a866265e5837794d78750
test/fixedbugs/issue47087.go	rundir	187	a9479d7c22dbe82085d58f275f1d94aa1b9caab62b8d5507762a10a3696a4e4b
test/fixedbugs/issue47131.dir/a.go	none	267	22cdad38c80ac6d943b30812147b6b8d2475e6b9e2de47e674ab1fce18dfd796
test/fixedbugs/issue47131.dir/b.go	none	243	1b6c01184ab4207e41a8c55400204d4f9f6084748b481fd66fce8866a3867adf
test/fixedbugs/issue47131.go	compiledir	191	47539505b1fa7ea4cfd08d3f136b171789b21b05948e41bb74f8184ce84a6219
test/fixedbugs/issue47185.dir/bad/bad.go	none	1147	f9022cf6fd86419f32e1a71c691ca49ba410ede9b0d4b548e8bd0d60f097415c
test/fixedbugs/issue47185.dir/main.go	none	385	3d9f93c3dfee05a4a32bb1b2d9cd9f6c1a648a8fda548636cf18f26b704e3724
test/fixedbugs/issue47185.go	runindir	315	702ba3738f1cd9f8db0356b93d6ce1b76c3d40a5a4ace67932c2e098ebe164a0
test/fixedbugs/issue47201.dir/a.go	none	227	c8404114630bee5c409057a5dc5a29ab8cefbf5aafe87d9ca03f5b6a974f728a
test/fixedbugs/issue47201.dir/b.go	none	277	f19864dc16ddf7145499330c862e1c90c4e80413392fd4f69964d6181e351524
test/fixedbugs/issue47201.go	errorcheckdir	194	8239deb76e72ecf5792382ccaa88b7793cdd3cabca818ccc2f6790f0d5a44f99
test/fixedbugs/issue47227.go	run	382	5252054ccdd299b74b4b9df4e41df0750d0f44d5a36d7624a6d37d141779245a
test/fixedbugs/issue47317.dir/x.go	none	330	55c7e02f9940042c54ee54bcfdf088f43f35d7afb71611ea616fbbf3c85361e0
test/fixedbugs/issue47317.go	builddir	189	ea6e83a66ccd54791e4be85da2b6943dc6a5dc7180f22a3efbac86233c84f385
test/fixedbugs/issue4734.go	compile	359	6c4d2f5e267290bd199f7abc72f09450e199cc751bd2d0d0f252f40414fb3573
test/fixedbugs/issue4748.go	run	374	41ac9f6998fdbb393b63d2b8c5f8d98413698241d7f0afe9154b72d7ea5f4ed6
test/fixedbugs/issue4752.go	run	513	1db39213a1e7a3956253ba8677dfde66a16683e09121a69a7f993696811c774e
test/fixedbugs/issue47712.go	compile	321	fe5878b150da264dbe50212dd04d346c84d671d462288f86fdacfdf9f723ff35
test/fixedbugs/issue4776.go	errorcheck	318	5fc1bd36a41e92227e9f05ecd1aa1d553700af334f7b98f3992a7a5442410a2b
test/fixedbugs/issue47771.go	run	433	89db56d0d4f6655d08d0f684985d0184fa10010b462139ae4d6d387f40d9088a
test/fixedbugs/issue4785.go	run	378	372a2b37fe097f500b0faaf7adc34681b0346a09880ee5730d03958f4074a083
test/fixedbugs/issue47928.go	run	386	bcf462d972701337d5455d511a6d5d7f38a635a1235a923ba815668f1051b420
test/fixedbugs/issue48026.go	compile	466	7ef7f306e85ee375a994c7544cfc224ec63a77312d0f3e0e47a7754c80d1d8b4
test/fixedbugs/issue48033.go	compile	554	daa50097115986287d17cf2e83c1afbc7adef1814d238d12a2c86d53e2bf178f
test/fixedbugs/issue48088.dir/a.go	none	285	5ecbb3aa7d52af151f68e48ad97df2d5305d845a370c2d59462f1a39cac04852
test/fixedbugs/issue48088.dir/b.go	none	205	b3f8cd9214a255faa2335f5d70df8c894728757199c00f6b7ef4c706b44e79a3
test/fixedbugs/issue48088.go	compiledir	191	47539505b1fa7ea4cfd08d3f136b171789b21b05948e41bb74f8184ce84a6219
test/fixedbugs/issue48092.go	compile	413	24a8e6eabaf9712f8e0ca14024383b90a94aec9f7595bb1002fa312ab7f6aade
test/fixedbugs/issue48097.go	errorcheck	338	9bece281b4902b4907381027f35a15ac89140293130acac5cfc2c643db4dabea
test/fixedbugs/issue4813.go	errorcheck	1092	e3e85ab824c372835850989a8af126f85332951798c2d8f956b5e6a869e718ff
test/fixedbugs/issue48230.go	errorcheck	289	0ce6e5cb6ccee56e68203b207e7828554d3edc667edf6cd7b23974226f4a5706
test/fixedbugs/issue48289.go	run	449	4d47d358dd3e71ad90d6830d9df8148587e58d77f3cb65151e4475d76fb15d0d
test/fixedbugs/issue48301.go	errorcheck	308	9125627123f4124a231fb367f28875c5e0e5a34af46b890c117c6eb2da0464e6
test/fixedbugs/issue48357.go	run	360	8bebacf95dc4896d55089a250784f5bcb88181a8c41996db65d94dcebbdbb776
test/fixedbugs/issue48459.go	compile	259	75965ea26798408a20fd75a917ae55938221ac2fe743959375831876e34f54bc
test/fixedbugs/issue4847.go	errorcheck	519	57b2d5b3768aa2b2e290bbaf78a76177800615cd11a4b7d7ddc6aed207426a58
test/fixedbugs/issue48471.go	errorcheck	2266	11ea0fce82c52a25a02440fd077f933da9a51f1f254192ebc11c0d08892b6ce4
test/fixedbugs/issue48473.go	run	586	37c25b3942fe3a2ec8044650c21334fb9e1da8bf39bab7560f8f1dc36599af34
test/fixedbugs/issue48476.go	run	402	a5c60724108bdead4beb976262793151f3ea9510ebb04cd419d5a56e2d4acd0f
test/fixedbugs/issue48536.go	run	500	28b40041fad7e99a5a49e82230c6d111e9f25a105dcbdc980078c2916f6ad9a1
test/fixedbugs/issue48558.go	errorcheck	3039	a9169c75db4337993feadda908fb91bf206226e4f41218e7240f70c56ec95e50
test/fixedbugs/issue48784.go	errorcheck	702	3f8c97dc8b1d12abe95aae81d1a9da5fd1b7fd37a4af498c72f72b5beb2eb89b
test/fixedbugs/issue4879.dir/a.go	none	466	21004aed45d8760c78664ed80ea53efd46c114a2707fe485dba838d4787fbc23
test/fixedbugs/issue4879.dir/b.go	none	136	ced090c490eee3a7ab2b76038602bdf7ab36e28faeb439172b5bf09e334ec319
test/fixedbugs/issue4879.go	compiledir	284	04082175724bcbfa84a749f27a233705b41ece3e2ea1c86f6af0e3f4af71add9
test/fixedbugs/issue48834.go	errorcheck	709	39be0437c7ada3d3f5de7829c9aad2a6b13e14d86117faecb2b230ed35b74ada
test/fixedbugs/issue48835.go	errorcheck	1049	6240262fb68ae56b822ae4966f328e906770f08a11edbdf20215c98fb16af891
test/fixedbugs/issue48898.go	run	666	6f1f53361e81353b5074bb9f39adc53ae23c5f462a50a2bcf3bd1d499df8d5fa
test/fixedbugs/issue48916.go	compile	535	80f5ef83f9e0b3619bcac951ae11af4b3635e42b4f3b19bf08cf4a31de80ad41
test/fixedbugs/issue49003.go	errorcheck	255	c47a9c4beccfd7280b4351a9d0f1d0e14428d234639a06abf1c491db1ab46a06
test/fixedbugs/issue49005a.go	errorcheck	264	965c11d48c873765d5f6a314bae609b8416bb6868260559d704618107895b2ad
test/fixedbugs/issue49005b.go	errorcheck	361	8596c8047a6805a529e8e41b9a2f83c7b24421e06b095919551b5743b54515b0
test/fixedbugs/issue49016.dir/a.go	none	543	0e02ce27e425798ae9e5943a36bd948152841b2965fc7e32aa3d91b0c381d84b
test/fixedbugs/issue49016.dir/b.go	none	358	29d79862782ff7ebafef506bbf714ae105e599ff0adfeb8e9e6601ccb994658d
test/fixedbugs/issue49016.dir/c.go	none	211	766573f78135eb3a2e0585bbfa5edbc1259960201c151c4735323cd7966e36ad
test/fixedbugs/issue49016.dir/d.go	none	211	5172c4bc90fcf5a8abe0deb291f6a2952a1330ef4a951e9140d8432d5b8c5283
test/fixedbugs/issue49016.dir/e.go	none	205	ffb9d444a2b5528500eb8b568cdd7cabbff36daf5b71536bf13715cd9d9f60d5
test/fixedbugs/issue49016.dir/f.go	none	200	f1fd886798faaaee7c3b427c4b2d9cfa34b9122845b8ee7da1dc7f9d087f598a
test/fixedbugs/issue49016.dir/g.go	none	200	15f5ea2ae5c0fa85c181976a62c0cd2000b08a4407f9dbd9a5ba32681c1219ad
test/fixedbugs/issue49016.go	compiledir	191	47539505b1fa7ea4cfd08d3f136b171789b21b05948e41bb74f8184ce84a6219
test/fixedbugs/issue49029.go	compile	387	02f033edd5d8b56b10b5d3a0529f568937f2d3cf17ed84d7b81317919cb70769
test/fixedbugs/issue49094.dir/a.go	none	226	5d66b6f9773544e2bc97f453bf27783c3fc9bd4d94844a43ea971299fa96ab18
test/fixedbugs/issue49094.dir/b.go	none	222	c703887b518d2baae35ab02af23ddc98e7413005dfc44389d7e82f94c7e6fc98
test/fixedbugs/issue49094.dir/p.go	none	234	1eb2b083cd84421b4900546a8e40207f10755c076ce4d7877a5b30fc9411cb49
test/fixedbugs/issue49094.go	compiledir	191	47539505b1fa7ea4cfd08d3f136b171789b21b05948e41bb74f8184ce84a6219
test/fixedbugs/issue4909a.go	errorcheck	839	ea37dab9c5d657c773e74b49c776a31805774e30db756c27a2ef5fa10493809c
test/fixedbugs/issue4909b.go	errorcheckoutput	1350	8dc892aedae720596051be0b2ebdac1d0eeb4ec364cd43e8761d7cafd85e6a64
test/fixedbugs/issue49100.go	run	377	c7f5ef338fa8b5d439d23b3e424af59bba7cfc612c7f2562ea7b48550720bc18
test/fixedbugs/issue49100b.go	run	387	3fd12cd72289d2091fbac5173d7ff25c15de6f9468148fb4b46d1f2628dfe736
test/fixedbugs/issue49110.go	run	389	63d4bf79e54e5affc62784171bee39e6597af48feeb6f83f466486b9a7ea997e
test/fixedbugs/issue49122.go	compile	320	2a16fd5e73ca93bb15e3cdea2a9fa9e3603751776a05a5a4d5068e04644db77b
test/fixedbugs/issue49143.dir/a.go	none	451	09991b615e1a7f79dfa4889200cfd9a7fdcd6001b054119404b455d6016546ee
test/fixedbugs/issue49143.dir/b.go	none	291	cd25d7be06530eaf1d058a24310a6e538d1c0004804c04df2adeab25b088d7d5
test/fixedbugs/issue49143.dir/c.go	none	309	f1d1da0301fac8b0b88d693f013df7026580ba0e5eda5c983b85c57518951127
test/fixedbugs/issue49143.dir/p.go	none	212	becbbab8de1805c4081e9a3fb80bada944c3438006d29a4affbce8925a37fb85
test/fixedbugs/issue49143.go	compiledir	191	47539505b1fa7ea4cfd08d3f136b171789b21b05948e41bb74f8184ce84a6219
test/fixedbugs/issue49145.go	run	357	e7991f9f741c05ad62faa95df1edecac8808fd250083769ad72f8522e06b2173
test/fixedbugs/issue49240.go	compile	227	e65acc00f7be18904f00f4858def80781585fd4052f8f72319a3f9f298ac94e5
test/fixedbugs/issue49249.go	compile	683	08f5075ddcd9736895b72ad8354ca3e8857cad6ffe018a967b961ecffbfe57a8
test/fixedbugs/issue49282.go	compile	639	afcafcb3354f50987b2e7292af869ef477c4d67a32b79da9b5eae8eb5126850b
test/fixedbugs/issue4932.dir/foo.go	none	190	e9005ac6ec8a0afb54d9fdabf1a0335d19eb4d182dbd8a99b77bbeebdcb52d0e
test/fixedbugs/issue4932.dir/state.go	none	434	35e7bb1a11f22bf7192a308d3c33f9bbf91b21f0138b0046652f127d875440f1
test/fixedbugs/issue4932.dir/state2.go	none	216	066f2a9f8f7c5442ef250324ef47a7d9f3bb5d41d4204362258901a0b8e9d07a
test/fixedbugs/issue4932.go	compiledir	251	c234952a4542ccccaa6f2c62d40b20bf9a2db390e9e14d2cbcc4daef76bc1502
test/fixedbugs/issue49368.go	errorcheck	338	de5b1377d0f42bb2262217081eebcf684be020043cce738040054ff8d1cafdce
test/fixedbugs/issue49378.go	compile	455	3f05d95e5e11e7eb1513b8f1d155a8230af164f37926577885faeac7cc0782ae
test/fixedbugs/issue49512.go	run	809	b71b0ccb3a4c51fef135973f92611305b8c7ff7702514dc82dff4c4e0b078507
test/fixedbugs/issue49592.go	compile	247	1cf34b678fb50528cf98049120d8a2cfd6750957506444410e1d833750e3c8e2
test/fixedbugs/issue49611.go	compile	204	c4d0d0f9d5e0f787a5489fd985542ff1dd8be076d2b22a6ef7d57bea68e991b8
test/fixedbugs/issue49619.go	build	324	14fbcf29fad0b226d735bd48ac27391b749eb56f8e8c23a1167002ae3871a3b6
test/fixedbugs/issue4964.dir/a.go	none	379	5241b822d68808a000c6f2258c07f61256c04c9aead34bf1741c9a51b5c2e68a
test/fixedbugs/issue4964.dir/b.go	none	484	ded4ebc1805675dac5f6eacb41a7224805f6e448790711e582205a32c9115cab
test/fixedbugs/issue4964.go	rundir	280	9e25e3cdba02fc698c1aabf4480d2dcb393f948e4ea4bbdabc83a4e5fc0b278c
test/fixedbugs/issue49665.go	run	330	7588f036797a33001a6b002257995a5aff08184f18aee7f41831a130bfab3391
test/fixedbugs/issue49767.go	errorcheck	300	479176ad91a4484386c2b2bcde6099aed1a4bac881f444c53a5533ea9a8857fa
test/fixedbugs/issue49814.go	errorcheck	418	8d76fe41e76b911eed7f139e6b207eedfe5001c7ae1d07c3d018743fb41410ae
test/fixedbugs/issue5002.go	build	310	6263214ce87c331138275d25e7ee0326eaef230f4ff09dae4fa703fc3cdcd451
test/fixedbugs/issue50169.go	compile	407	9847b26dc4d85e72f6c2b01129b562d6d34f46a01fedc7a8e1307dced40e04a6
test/fixedbugs/issue50190.go	run	446	c19d0e5614823cabeb175fdaaac74e0007f5ca3599fc906ca1c1e8e13d47bc41
test/fixedbugs/issue50372.go	errorcheck	959	8234c6c5de71fd377c91a4cf6ad12ccc2b8acd58458b9f333b420629585dc354
test/fixedbugs/issue50439.go	compile	259	417a4e77d9594cd2ec2f5014d6d9f3e1f4340ab90d86593c2f263085f25bcfe4
test/fixedbugs/issue5056.go	run	517	314b3d45cf6a2ac6d58c844be9f40d61e6d2a7a004c4f12cb9b56a693b3523cd
test/fixedbugs/issue50671.go	run	599	97c91242d56d6315534f2d1c9c9962ff43fd82260cae51dc7db70602e5cf05f8
test/fixedbugs/issue50672.go	run	1231	3ea3b63bad722446bc4d5802dbc8a5c6d539a6fdb1920fd5efff1be87fa99eda
test/fixedbugs/issue50788.dir/a.go	none	201	11bcb770ccaf0d0dc638b16aeb7c78cdded8897be4738517a28cc69ae0fa56e9
test/fixedbugs/issue50788.dir/b.go	none	440	84efa0030cb9344f8e725af36a9a323e31e4c5f7c56638a1955771e675aa133e
test/fixedbugs/issue50788.go	errorcheckdir	194	da624fb58c8f55f896d3bc26422c3015b8ff75ab1e9948452ce93e8d37b7653d
test/fixedbugs/issue50854.go	run	890	20ae94775505fe69b29b6a23c5267aa7dd1638c119382731abb3fda020fdef7f
test/fixedbugs/issue5089.go	errorcheck	362	8a5aee1eae41f92dc893bd20afedf447b47be914942030f1b8b69a83cd3ee1bb
test/fixedbugs/issue5105.dir/a.go	none	207	196a1377bd8e755089127f1e5d9ada1747b2ba8cf6cf741be14f9870da51b289
test/fixedbugs/issue5105.dir/b.go	none	286	19dd89c67e51077bd79bc24b04a7364b4a858335eabda99b9f798f0f66f76478
test/fixedbugs/issue5105.go	rundir	275	d903fa1c9524fce19e7da02fee24362c5446aa45fd333d167a9456fbca0b8b38
test/fixedbugs/issue51101.go	run	523	3ab6d7f1719aa9e2effa273f23195483d0beff27167a82a49ab2c68f65383c64
test/fixedbugs/issue5125.dir/bug.go	none	292	60d3e2b18064fdea7fddbd29ce82489f2eb7d540187fb4d96290ac1acf6c8ff9
test/fixedbugs/issue5125.dir/main.go	none	208	73e60cb827f6913a5c8c7c340f82bfedeea98ec0624464ae31597c5e35f46a7d
test/fixedbugs/issue5125.go	compiledir	288	227606e3ae6afc75fa3344ccb042dbfb8b4facc2b7c420a9f3df989dd64dcfcc
test/fixedbugs/issue51291.dir/a.go	none	213	7099f2279fe2c7e8c890490350249ade9a8c1a062a8624a4f2a8745140683006
test/fixedbugs/issue51291.dir/b.go	none	237	ce5365b661591dc4528af38544f4d31fa765e1ec51da7369752e27879b6c5bc9
test/fixedbugs/issue51291.go	compiledir	238	bb4f3d9c677a454e920dc0c43650dc73eab1595aa9f04da2debb3529386ebbd0
test/fixedbugs/issue51401.go	run	766	cb61cb28c777e72dd1fe55b3cdf931f3a711178f6e28b5a83a72bd94f28091ae
test/fixedbugs/issue51437.go	compile	314	0c0a8cba32253fe01be13d22eb204152a26dab9c2d3be5ccef3d89f6c3937c59
test/fixedbugs/issue51475.go	compile	314	205cf9309edf47d5def7ce665775ae7ce04d6d469abc5f727a62421aed253559
test/fixedbugs/issue51531.go	errorcheck	459	12bf76ad0c2fd4c291f5311051ffa37410b32b8f989430c9182a3291563261f7
test/fixedbugs/issue5162.go	runoutput	2353	d3ad17c676424c0e58b1e721695fe1da77e3b3addddabdca45c341a66b5111d2
test/fixedbugs/issue5172.go	errorcheck	506	92b6b8cfb04d6611340527181d431796d987679e9413e461377cf3228bc8460a
test/fixedbugs/issue51733.go	run	619	56f7c56d2921fd7d60ff8d3c774a8947e1bb62ffb794458715e4b11b388c5bb2
test/fixedbugs/issue51839.go	compile	317	380b029c0db70c5b78c9069c211a7a00e703647672d8d7516cbe665d54c31f32
test/fixedbugs/issue51913.go	run	296	f105d911217c812e5d9cffdc8fdfe699bed1f7ad7609e856fd98303e71cfca9e
test/fixedbugs/issue52020.go	compile	245	d1f0ef811fc08ff4b885dd8b3ad9909ac4865df15498d05db70ca0693a240ce1
test/fixedbugs/issue52072.go	run	415	83494dee382c60cc8bcd856fbb8ec42ad0fe5a2aee0036cc39f88efb9e4da638
test/fixedbugs/issue52127.go	run	1221	a25037a65a15ca89b0b521d7c169f32208ab6bec5d475c6d1f150973db2a06df
test/fixedbugs/issue52128.dir/a.go	none	322	86a12e3b2e9f29a2e29a86f1cc88134269e706cb10354f793f8588303ef59ecc
test/fixedbugs/issue52128.dir/b.go	none	278	594d48dd58fa090fe457eea699baa2ab0eea36ecfbddf507ff137980b43a594d
test/fixedbugs/issue52128.dir/p.go	none	239	e52a7f4964b5228cf47546a99a8876c42a211603cb7c44d0cfc91bfd9da50623
test/fixedbugs/issue52128.go	compiledir	191	964e1853b653b9c6cf3f9f3cc32e98fb57066d0b1fed3e934976634aff087f2b
test/fixedbugs/issue52193.go	errorcheck	708	4e4c99d97de03e62cf4ff4362c38a8a8d6e97f359e6fa94c72fdd6fed6fabb14
test/fixedbugs/issue52278.go	compile	224	483cb24bd248e49b584af39836e7f5314fe81b6d09a0dd0aa6d7bf6818970569
test/fixedbugs/issue52279.dir/lib.go	none	321	d614a0b2edf03dcffe67caf0695aa402f0ff94c0169051127768bcad2d46cf8e
test/fixedbugs/issue52279.dir/main.go	none	65	1f50909588f40cbfec61d3ed1f3f3ac439bbf1874ea2f9efd8982155b678f192
test/fixedbugs/issue52279.go	rundir	187	c367e24723070d9d4b38599e0b89ab697cd10cc4f07b3d5afacc0c182e789a89
test/fixedbugs/issue5231.go	compile	742	e2135bb763d06b8ba62b009a5d5f47f708bf77f063ddcec437bcc0a10cb3a6c9
test/fixedbugs/issue52438.go	run	489	f39ed28892d13ffbff5e3d336d6b9f15d12ca8b1b3af4db5d2ba974c64c6d73e
test/fixedbugs/issue5244.go	run	497	eeb6edf7254800bcc984643332d2075c7370728534c779b8e01b70911f55f722
test/fixedbugs/issue52535.go	compile	314	cad18a2b8ea7b554109e3a26d9f29dafb96e8e55bb89ba800c9f468f5c710301
test/fixedbugs/issue5259.dir/bug.go	none	273	ee4ca200372b42145307f2143159785142c4550f976bb9b00f2f672e92734b65
test/fixedbugs/issue5259.dir/main.go	none	264	631311a7620fefa302dd5c4837fd14a362bd70ddf9467058e2e30a368ddf8947
test/fixedbugs/issue5259.go	compiledir	263	847caec3dfcb65c6a70216c2b0ef1d543f7230ffddd3063ec819c3e3e2707c94
test/fixedbugs/issue52590.dir/a.go	none	933	f705e9a287e8e38fd3c084f03106cf4e2b0a31242c923ea900f47e86687e300c
test/fixedbugs/issue52590.dir/b.go	none	301	0c8e5444e12015815908c98eb7295df48f51544219907b8a87e734f4493fa967
test/fixedbugs/issue52590.go	compiledir	191	964e1853b653b9c6cf3f9f3cc32e98fb57066d0b1fed3e934976634aff087f2b
test/fixedbugs/issue5260.dir/a.go	none	192	bab817ae087126cbc63f523fc15aedd72145db23ca04e04771183b6fbc53f2d3
test/fixedbugs/issue5260.dir/b.go	none	215	58f2fd8b7f1bf1dc8d0190ff44c90be9922e42d57db1f277b2d0db126d2fec5d
test/fixedbugs/issue5260.go	rundir	289	fef21ea7244ca717d0cf781678e3efbe5f3828e95ab1ee2b65696be355cf43fe
test/fixedbugs/issue52612.go	run	881	3268ab33779e2f316ae013b1c78b97d3b3a9c9233afeaab570f3f968985bdd57
test/fixedbugs/issue52673.go	compile	325	fe78f78771936cb2db972f7dd23a69ebca138cab4a3344ed8612a7110a85414f
test/fixedbugs/issue52697.go	errorcheck	459	6839b8609df18a5993c7bf3130448f16130fe2a68f743aa874642bf9116e0241
test/fixedbugs/issue52701.go	compile	267	58b2eb22f6d7e464033a6e3dee79ee1ad769b572eca79336146d55eceba849b3
test/fixedbugs/issue52748.go	errorcheck	297	25af14f0b5359b115bfdd2e926f9964e9144c4b0bca169d60ffe7332483be565
test/fixedbugs/issue52788.go	run	605	3e134320fd76bdb33623f6157108def0cfc038c3e473b46e979c0167ad227bc5
test/fixedbugs/issue52788a.go	run	600	663873f4a6f0fad1a474db07151d874a59ebec79c2379d65bf525ae927e95b91
test/fixedbugs/issue52841.go	compile	493	a5a4ee50b82946d87638705b0f7d3af0ce6e0bfd79775dc6c9fce17a87eceaf1
test/fixedbugs/issue52846.go	compile	315	cbba20829a6401a394119dc325bba90f5d0254c2bf07eb6e71608bf45bf5ec7d
test/fixedbugs/issue52856.dir/a.go	none	213	e6fd99f9a238adcfe3886b84ae7bb7cf0f2b086c17403798605c90ed5cb3a168
test/fixedbugs/issue52856.dir/main.go	none	343	0daeacd0d02d4f13cfbfbb620e4dbd66fa6ec008b4b5ca67529f2ebdccd531e1
test/fixedbugs/issue52856.go	rundir	276	dd983fa0e214e4807adc59575c6d7706fe97bd18df3cc077429eb7cbf3694d5b
test/fixedbugs/issue52862.dir/a.go	none	208	da6afd68fed894a27528c27615962335a87fa33be4a19962610052789a10bd12
test/fixedbugs/issue52862.dir/b.go	none	223	43be4a559f45b25331131da7a7dac99ed97d66a52270a2daab09ea3e57a37371
test/fixedbugs/issue52862.go	compiledir	244	2742eb5c7e9285ae461b303f38561e8f63ffbd9073da1e03144cbb1620c8c0e7
test/fixedbugs/issue52870.go	compile	407	025641e9316f7a6bf41f1a661d51c308cdb611491f922d6993a1bdbcb1bdd142
test/fixedbugs/issue52871.go	compile	320	6c5c79f73d4c521bb073a82a99f9d08e22de3d4d6806d8bcd7f85a838e22f2f5
test/fixedbugs/issue52907.go	compile	396	6cbbf8c8db25db8dba0ca8e1933a4a2acf850b9902b50e64bc29c398d0fa510e
test/fixedbugs/issue5291.dir/pkg1.go	none	515	2e21abcd763a8d351cc18396e15e139403095b5f3d993fc578d40fa4c2015c02
test/fixedbugs/issue5291.dir/prog.go	none	307	1d5d29c9d71113e0dc19d0570030bbe9ac9314ed556d14d675e3e7221cde5161
test/fixedbugs/issue5291.go	rundir	212	11eea50c336c2ec9266174df82f310876ab29805303913fed73f05f69c61d62c
test/fixedbugs/issue52953.go	run	488	64bdef121bdd25548311fda43bc325accd51382ad789a68f7457ba3a50b4c27f
test/fixedbugs/issue53018.go	compile	495	5ddbd9b28233ec766a9ac804dfce5d5141d9d84e9c5ea4bf697dfed18c651964
test/fixedbugs/issue53137.go	run	466	c48cfbb17ee16511a4b9a5bf172618d9ccbcb5721e4a38c029071ef68c7d92d6
test/fixedbugs/issue53309.go	run	665	fc43fec06e9062e194dc9b96151eeb952ed47a73c79b581fc9aa847b5dfe54b3
test/fixedbugs/issue53439.go	compile	325	90c4a5da38191a8c3d4e2c20771bc8ab9281483998f3738da3f3d4a057e2fe77
test/fixedbugs/issue53454.go	compile	1002	748732ce61a4fa36aabd28a1411b2a462ea0f72440596838be345832ea3b34ee
test/fixedbugs/issue5358.go	errorcheck	385	4da5c5d86e6162921f684278203f63990d8a5d9a97063e8bf58ba6d42c39a837
test/fixedbugs/issue53600.go	run	802	5993a845880f4390ebc43d202ef6adf7eb5d4209040b9ff75da7db022ec3c32f
test/fixedbugs/issue53619.go	run	313	b79e5298b944387200410a205eb9b45644942c6cc291db0916d056f2c2de24e3
test/fixedbugs/issue53635.go	run	423	0ae96a553767b32c732a13814952f6c162ac2ffc8dc9e5b0c76eff79293feaeb
test/fixedbugs/issue53653.go	run	659	ef6b2ab1ba10a79135d0c9226ae6cea0f031f6c5a187d7dfcf88ef0139fe3608
test/fixedbugs/issue53702.go	run	551	bd4aceee1012d68cfc67cf3353429e0de5423e53404e394f6dc492b9c3f8709b
test/fixedbugs/issue5373.go	run	1421	e3cb199588ed6c830bd86c1dc2791fa7268680f926df23a6c49a0acc718f8b1b
test/fixedbugs/issue53982.go	build	359	50b5ad0f89a502addb07a959125ab6027ce103444ac86bb93ace7891fde0bbe8
test/fixedbugs/issue54159.go	errorcheck	616	c6a5eb30bf58a2e07dea5e1d35d593e812891ca755ba04205c30f534f0717734
test/fixedbugs/issue54220.go	run	420	413c977be5fe4a17d3370bd468ac4841aa7430064b8a89f03b2a08993bb8361b
test/fixedbugs/issue54280.go	errorcheck	490	c3a8b4e324d6b0c05823e405815e457bbf9778f4bb5421f5c1c400fd877ef1e8
test/fixedbugs/issue54307.go	compile	348	9e58d53b8001f52a1cbb400e0e00f1a59bc3c2abd54c832e70e0a096644a5bd3
test/fixedbugs/issue54343.go	run	695	dd9e78d4e08e282ba92f83f7481f67ec498b0d7fa23ae48707960cd48e8a053b
test/fixedbugs/issue54348.go	run	324	b91e5b09d92a0d4857d16783820b1a0b10c8c272bfe68b03ea91c1f7b2bfeb9d
test/fixedbugs/issue54467.go	run	456	3aca7658e184b6c2d628eefeb6bad312238e0298a2d6577e452a2688e0478eb0
test/fixedbugs/issue54542.go	run	1217	4c0432f60acb9c767041be060e93ad57e122c7795c1f3570b43454632f434997
test/fixedbugs/issue54632.go	run	609	41569b4e6423fcd22ba6100d1d574e569dcf01a545537b2c6b923a4b6222bbb4
test/fixedbugs/issue54638.go	compile	601	6f05b747eadc114ac221275567e35c0879db0df52b0ec444eed92c14166808a7
test/fixedbugs/issue5470.dir/a.go	none	532	f23d90d4bf54015522a8c2e15b5c3876b626b4851f4efe9ad5ec670e37c13ff5
test/fixedbugs/issue5470.dir/b.go	none	234	7817c118cd551b73fc4dde31004c02c3e2cbbf164d6634863426c2574d7c18ab
test/fixedbugs/issue5470.go	compiledir	273	d24bed3f6685824f0c065ec40da1d86e2cc1f565c3902461ddfa3fce2b0e6312
test/fixedbugs/issue54722.go	compile	257	7243bcc09b3e7ca2222ae8c2e6aec2d85fc596da87e947c152a6beffd17d2a83
test/fixedbugs/issue54722b.go	compile	523	bdfe62d7829090bea899072ae97f53cf7bb103f7e10b486041d8271f477783b4
test/fixedbugs/issue54911.go	compile	364	953fbbe2a85b4f31a1b22385bc73d9575516457e1c033b57d61faaa4d737010f
test/fixedbugs/issue54912.dir/a.go	none	423	7950f35041dc2360c9f020725a9cfa1aec747b6d51b93db9ae62aaab43b2987d
test/fixedbugs/issue54912.dir/main.go	none	227	7b6581dcbf393affb4295935587a9993c1b6ca5bc7e3daa9bbba429ce96b1aed
test/fixedbugs/issue54912.go	rundir	187	c367e24723070d9d4b38599e0b89ab697cd10cc4f07b3d5afacc0c182e789a89
test/fixedbugs/issue5493.go	run	953	067ac76cbbd324ed25a6c9554fe87949f9e9f48e0e2fb47527af849af5506163
test/fixedbugs/issue54959.go	run	313	d2166ed7efc97e5fe51eb4611fde940e23a1ab08f5181812d1dc681e8fbddc3b
test/fixedbugs/issue54991.go	compile	348	31a8052bba2e139148840c88d39fd2d899e2e39d68bc711cf2e73d4e6562afbe
test/fixedbugs/issue55122.go	run	627	554eb663c812cbd5bef2d3b3aa3290e375287ab884f96e68209aa4cf24daf55b
test/fixedbugs/issue55122b.go	run	644	286709ccf0b6fd42fc919f12d68513e07bb20e84d7d1bf85732fc4422015aa2e
test/fixedbugs/issue5515.go	run	597	c5217930277a0a0dd65944178b697f8c2216282771fee24a121d3e270e33da26
test/fixedbugs/issue55242.go	compile	346	a554ae1594a0c249ca587e8adb143bc295bddd4f109d12655be2072454453bcf
test/fixedbugs/issue5581.go	errorcheck	575	fa182aa351ce4f65d23c7304aa2e6d78bd1b7d08b08d05034a4fb3e351108601
test/fixedbugs/issue55889.go	errorcheck	562	1dc77a6b1c1d215a1bd870adc89eb35fea48d413de30ffe02a083874fadfe889
test/fixedbugs/issue5607.go	run	777	0a91f4499ed6586c7fc8a67bffa6e2997f397fd792707988fd66271c6143beb4
test/fixedbugs/issue5609.go	errorcheck	385	c11a4867ab4cee36fa87675ed80fc157eda6d8652a92f41bb9fc9314339a6055
test/fixedbugs/issue56103.go	errorcheck	1547	84fb6c6013534d44f31916a0e314d38f89fb849a703dbffe82c12e3cab0568bd
test/fixedbugs/issue56105.go	compile	245	ebe13b0f6d5a0c607fc785d912b284d72a212646034a5fbf95b4b9ce9ab70404
test/fixedbugs/issue56109.go	compile	303	92006719ab184a6910857afc19413c2ba20dc12f37433b24819ce57ee930b830
test/fixedbugs/issue5614.dir/rethinkgo.go	none	255	ab8579a07b211e225714ae6274ffc789aa4165fd8c1b8aece6176e1d034fa274
test/fixedbugs/issue5614.dir/x.go	none	60	0acde49863a20286acda521ee2c265766fbed1d78afa1d0694aa8e0b6c14437f
test/fixedbugs/issue5614.dir/y.go	none	37	4505524aa44213e408b65d2adcf5333a6c1b103e66b01fb89cf8fd3b36953d41
test/fixedbugs/issue5614.go	compiledir	320	b83b494483d2dbf3cdffc36cec6065c432ee88757742b6ead3c8546ff9f24b5f
test/fixedbugs/issue56141.go	compile	239	977a53fa6c08842e1259b9abbf5e88d001c2ba8bc0311c9fbba4a4004ac5f12c
test/fixedbugs/issue56220.go	errorcheck	539	b48688e827424cddba12be19dfd52eab3dbed8bcea98e0e56a06aab91df4eb4f
test/fixedbugs/issue56280.dir/a.go	none	382	7aeba99443f9f36b6f75f1b4b94d8534f266f7783b401f6c8bc9f3e8d2c0bf57
test/fixedbugs/issue56280.dir/main.go	none	312	249f03cf18a9764456458c17fcaa3269324d866d0c37755c1fb7a8455307011f
test/fixedbugs/issue56280.go	errorcheckdir	200	2c02be2a58e12c4a9cc0be3274dc8cf249a227a68606d6c8e0d6861f615ca1cd
test/fixedbugs/issue56727.go	compile	491	e66a0b322e74a833e859dde142855c175ced8818df53ae9c80dda44f4d810cfd
test/fixedbugs/issue56768.go	compile	441	0673ab932447620e6b0642910558ec1241504be4c184600658e9d986d4cd93ca
test/fixedbugs/issue56777.go	compile	928	10db83cb47eaf00f40f5c71d5dc1ccc9ce12f83712c12b17b2d98bd96e07162f
test/fixedbugs/issue56778.dir/a.go	none	293	04d31c9503e137cd575f673c3473bee81da8dfabfe3849c8f660f671294fc9e5
test/fixedbugs/issue56778.dir/b.go	none	203	62ca1dd0f609da89d3a7fffb92ba3f2f0591dfa7f3dedc3a1355ddb75cef46f0
test/fixedbugs/issue56778.go	compiledir	191	964e1853b653b9c6cf3f9f3cc32e98fb57066d0b1fed3e934976634aff087f2b
test/fixedbugs/issue56923.go	compile	496	8cbc02675d14c780cfc4002ec45567140532bdd3974508e62855cbc28d40d0bc
test/fixedbugs/issue5698.go	errorcheck	396	af19c93804198c8232ca8d074bf902504fe5d1e908f468a6ec188797543418d5
test/fixedbugs/issue56990.go	run	2350	b7152beae644bcdad10aeb165ae190ca7c764edbe0d76f8c4141e68ce9bf515b
test/fixedbugs/issue5704.go	run	1036	da9dd74664a5a3f89669f0dbeec776bcdbc3374edd0873743c86cac0fc37f855
test/fixedbugs/issue57184.go	run	851	a03115fac3484b9f03e1706b6da3d4fa30ce3acc0b28e60ed59fb970efdf028e
test/fixedbugs/issue57309.go	run	292	ea0e6975d6d395c247bc73474be837e45582f998321e379129fd3a002a53ffe7
test/fixedbugs/issue5753.go	run	502	fafd58ed2dd1ce46d5185233464c2dff70dd55a241d231332d700a6c7cb43023
test/fixedbugs/issue5755.dir/a.go	none	1296	74bf67766000f57d460cdc59ee3c38677fed97088117aa09fa575909aab31442
test/fixedbugs/issue5755.dir/main.go	none	385	874934aaeda1b3836393b6ca03c3a3031e62822b9a3c1ea0e2eeb093447d93e3
test/fixedbugs/issue5755.go	compiledir	291	ab47a56b3ca3eb51bee05fa643c3820409199b682c32d4a48cf2517d38cd318a
test/fixedbugs/issue57778.go	compile	412	aa84bb398f9d5722c42e2739a1803667befe72e1b599f6374d4ef3e7a35682cc
test/fixedbugs/issue57823.go	run	1114	13d98f023d38ecd6bd5428a7e849ba6e483f093de147b02d03c8b6763a13f476
test/fixedbugs/issue57846.go	compile	705	5f9703760cf0678a7c179901f001ecbfa84b2327354cdb2522feaa3986a98bab
test/fixedbugs/issue5793.go	run	793	b3f2474dadb06abb0b50c7563b747f16955740236ba87ef4cfe2b9430e2b5b6e
test/fixedbugs/issue57955.go	compile	794	8e08f977f17ef72485c3eb2306542d978e4af08038628cd612696a26f9b702f9
test/fixedbugs/issue5809.go	run	529	292b05484593aac98342a3d44a0f864836486af3601cbcb9e256859c158322d8
test/fixedbugs/issue58161.go	compile	302	d52491df81095319d1a52c7d79360d7c7f1c4707a2b18a7a6eb11b5416e00c49
test/fixedbugs/issue5820.go	run	402	07bb695212831b18715a1b33a3cfc05a6fa3fec81669dae96179416bb0290d84
test/fixedbugs/issue58293.go	compile	251	023186c9504ef1620ce5601102acf430881b88b6119fea046c56ef144bdfc0f5
test/fixedbugs/issue58300.go	run	450	20c691cc331754eea52e6c0ccec9c388eb8a4a296769b4a292d525b7bd91a755
test/fixedbugs/issue58300b.go	run	458	b673fbbca64768f3fa21b26711527a55a32a13ef07d75a23458e96b2baf2a747
test/fixedbugs/issue58325.go	compile	339	66294948057e6107c55a8dffb744fc0db9bea60e8c73755c415489283925d170
test/fixedbugs/issue58339.dir/a.go	none	285	cb4d67e236419d9370e96aac9752cffcc053f0c576a57f29c323296e086a9cc5
test/fixedbugs/issue58339.dir/b.go	none	202	1640225f1d028a2db3256762ce9f3de7aeec079e12ce8cb94fbdd01ee2868e24
test/fixedbugs/issue58339.go	compiledir	191	3711187dc71e91a4fc3b79ac82070beac652a56f674e87317d73d8a300bd69b9
test/fixedbugs/issue58341.go	compile	471	956a1ac3879c6381eece5afaf10a4e9cd88a0abd44b2c7b498c1b4ddb8af8976
test/fixedbugs/issue58345.go	compile	250	8586d193ac8b10cebc25cc446b432c3a8c54079fcb9b954dc1488a5cef3475e3
test/fixedbugs/issue5841.go	build	331	8535b331fbd1b68eb82d2b84e554a2a24663a41d98c90218ef383602ab38ad89
test/fixedbugs/issue58439.go	compile	249	be3ebb60c1ce3e097f5189e5292038a99c0ffdf74a56307fa3ae781569152a41
test/fixedbugs/issue5856.go	run	586	a165f4888636569c55c9a70c340c7a6a911a6149b7ba810c28ac944058b777e9
test/fixedbugs/issue58563.dir/a.go	none	281	8967924099dbe6f0f12eeb408e58e3023249eca9f196a08c7317fed19e13fb58
test/fixedbugs/issue58563.dir/main.go	none	286	1b453646b0f5d95346ac7ad55d31ce6208a70935b3b2026f484202bcdc41e8ba
test/fixedbugs/issue58563.go	compiledir	191	3711187dc71e91a4fc3b79ac82070beac652a56f674e87317d73d8a300bd69b9
test/fixedbugs/issue58572.go	compile	394	6ae68a061a4a67ae1adfad2b29d57b0a6d939918046fe224c0357d934d61283c
test/fixedbugs/issue58671.go	run	398	2d48f97e9483185a4df6c0094d081b3ba61d72daae4fc8c34bf49a419a538b6f
test/fixedbugs/issue58826.go	compile	478	8e2553c0f845fca3523ad4a2e963e824c7c3c06316ce28f274a71548743ad07e
test/fixedbugs/issue5910.dir/a.go	none	404	b553d5c3318516125782681361a7c243268559d1d117f43277c4e935f26a6d7b
test/fixedbugs/issue5910.dir/main.go	none	236	f5c82cc028c349617032bda250c7b8e7dd259ba8e167282107e5acea8adafc9a
test/fixedbugs/issue5910.go	compiledir	272	ac2f41b276d2db7f0e1a0809edededf952383a289e65b1a655f4b8515ddb3243
test/fixedbugs/issue59169.go	compile	288	b06798aaca6775227ff63f766eab4083c7531808ca4d98b012dd7093118096eb
test/fixedbugs/issue59174.go	compile	284	770844d285982feb88e02839c81ca347f194fa5188bfe1bac85ab5093ff249b1
test/fixedbugs/issue59190.go	errorcheck	688	a31a9bbe4ed70eba3fec85444a7fff3493aac7a3488ab75c0f09b339b116f4c5
test/fixedbugs/issue59293.go	run	433	ec3f65f1a208bcb1d88698a4d5b149846315a278f151dcc03253a15f95a87deb
test/fixedbugs/issue59334.go	run	448	54ad011f2861b6c31e09fcca0c2f97fd27bb29389a913c9fcc9d7dbe3579cc08
test/fixedbugs/issue59338.go	run	700	20fc6f7eedb392de347d94aca0fbb3e388f8e3c50c7204efcc531e25ca804009
test/fixedbugs/issue59367.go	run	1763	cf61e33a9c948969e7fbf09673e8a9644ca9bd2f8ecfae1bdf44f3d4923e4864
test/fixedbugs/issue59378.go	compile	468	89678395516eed255510d237db99af574d7f5025928533ae79db4bd1a5eb7bea
test/fixedbugs/issue59404.go	build	935	dea375c092e4f133fe965a4883bba63c473923746e67cf733c9e50caed328d7b
test/fixedbugs/issue59404part2.go	run	432	eab414cb23db8394c03c903b4fdeb68d0bc64b94c4bb03136651aff3a417fe7b
test/fixedbugs/issue59411.go	run	1347	45c8e423d205efbafa5528ef69692305f35111c5cd3c865ae3343fc4d698b4e9
test/fixedbugs/issue5957.dir/a.go	none	28	65109aa1eb5174d8886b34f5cd573f1667aff239cbabf3bca0621c5f72a3914d
test/fixedbugs/issue5957.dir/b.go	none	19	61ceca18070f6127f3ce3058879836af8841870f15adfa7bf5020e0283e096da
test/fixedbugs/issue5957.dir/c.go	none	762	a7c8f9d442995ff1c46a5b0566c513a59752b59d2eda70817587c5edba37afe6
test/fixedbugs/issue5957.go	errorcheckdir	194	37cd1e6d22c5300141459268f753d77d0f1c67d1d23421d47552ad678883079c
test/fixedbugs/issue59572.go	run	388	28b912e8c1d502db43bf2d2b0b64f1368fedcadd07a025e14f1fcd397ea0c28c
test/fixedbugs/issue5963.go	run	929	e1bc628a54daac21f3a56603adf36a8a4b67413e9eef17f05eb8a74c4858fcec
test/fixedbugs/issue59638.go	build	1004	3fe8c6f3c67c429484c727ecc702eb31326c49138af5e7c9253908fc4a86ab67
test/fixedbugs/issue59680.go	run	1285	c6a575cad5ccdf675515db92aa615c9ddf731be8a0567de2a768525793c26591
test/fixedbugs/issue59709.dir/aconfig.go	none	223	149ebae40944f7f486ef68953601e867296d805775b17d1985958c79567b0add
test/fixedbugs/issue59709.dir/bresource.go	none	643	352fcc29e58f0950881e3075ef6fe7af2398c9a43c54e45655cae0e532012327
test/fixedbugs/issue59709.dir/cmem.go	none	714	521e130e974882649fd52c2c39facbd1514599551861a0ef4a9b301bd212164e
test/fixedbugs/issue59709.dir/dcache.go	none	626	a2dce729428702a522b32a008369760a7279b6d425826b3d0e9aa3fc8b221873
test/fixedbugs/issue59709.dir/main.go	none	301	67a403d0dd4e4558ba64b344b2e1a5c2832f667a2af0d1f5ad7e8262fe9caa5c
test/fixedbugs/issue59709.go	rundir	187	66b43cb4bcd213be6cecb1e6fa8bf4cb31d9557994073d00a14d6dab5f2cef50
test/fixedbugs/issue6004.go	errorcheck	426	a8497dd4846ec1c7117ea4168162987b6b7556e405db2190f7c9d38beaf26060
test/fixedbugs/issue6036.go	compile	652	a4ee227e58ac6470d0221ef8a3dc6d14205d4f6e8c567d21539b37fe33c2d2db
test/fixedbugs/issue6055.go	run	563	474789d05f20d629d344717593dddfa2ffb76c17129e1171580b79cf1187bb8a
test/fixedbugs/issue60582.go	build	276	5560002195cb3d895aec27b0dd1f559ae2019af00bbdf1863d40f8ebdc181ce7
test/fixedbugs/issue60601.go	run	862	ca47cdf8e85c90bee1dff79b37a547a2daef2676048364b2b934124b14fe1ddf
test/fixedbugs/issue60945.dir/a.go	none	388	aa395afadd21204ab6f50cf655bfe4b89246c2cac92dc93319f96bcd3048ee89
test/fixedbugs/issue60945.dir/b.go	none	204	8b0e969604ccedd854da3d17e49e0ca882a3b647c814ee48a77eab64917e1da2
test/fixedbugs/issue60945.go	compiledir	191	3711187dc71e91a4fc3b79ac82070beac652a56f674e87317d73d8a300bd69b9
test/fixedbugs/issue60982.go	compile	24250	22a188a0c0073b40488865869f4f34d3bc49406ca81fe0366c94648975dc4426
test/fixedbugs/issue60990.go	compile	510	60e1f1aa3f7431967dd8768eaf34c45324c2ec99c9786c59e2a2506993de917e
test/fixedbugs/issue60991.go	build	242	dd494b59eddad5336c54f6aef33b13ca5931619eeba593090090a56f71a0776c
test/fixedbugs/issue61127.go	compile	234	b4b47a55d1ca83536239b10b75391770af3336ecaa539294ee4eff9f6a060935
test/fixedbugs/issue61187.go	compile	458	26f69e18ebc2af2ad200d6524a64ebfc7ff1a038a3ea7b0511ec38aa966b2f13
test/fixedbugs/issue6131.go	compile	371	f53022a9458b6910e86179b6bc861be39277229ff99f8ab54e6fa0554abc367f
test/fixedbugs/issue6140.go	compile	466	85299733217e0f42daa75348a3eb9855901e305400e9947f16f623977d87c6a9
test/fixedbugs/issue61778.go	compile	250	ee08adbd9ee11573c255fc3749d45c476ae7928bbb85e622bd856c9393426ca2
test/fixedbugs/issue61895.go	compile	251	3e84487e0c1332ff457951a93e8aca967dbf5583f59799ac17dab5a2eb58e0ad
test/fixedbugs/issue61908.go	compile	280	f716f6986ed757805d184ea6697ec6be768e4d0751c51031323ad939b2a89d10
test/fixedbugs/issue61992.go	compile	439	4190fc0b8214b35983dc8fd995aa603bb6788def6b2acaaf20fc659d17c685af
test/fixedbugs/issue62203.go	run	688	04c8240793e91084972596779b2967b62ddf5fca46a88870785cb8dbfd8e0522
test/fixedbugs/issue62313.go	compile	259	fc86e96a391fe5bc8c10054c88f9a6510547bbce2ea1c10d4817d51278a14f4e
test/fixedbugs/issue62360.go	run	414	fa0f1987e5d02ad94a6cfbeda6cc41cf1042ee0ebc07268c397e1bac8a4d906f
test/fixedbugs/issue62469.go	compile	313	b9685441b7fb2be769ab4aa132c54fea16e88723f2355b74064c00ef942ecbbd
test/fixedbugs/issue6247.go	compile	381	a454f3245f2b316cc90ca30f5db8c0a7a1ef1e27c791425cfbb1a7817d435c12
test/fixedbugs/issue62498.dir/a.go	none	235	8fe67f1f3a16e7c2424ea08352a4f2a89a057b8eddcce4fd7762ac363d7b840b
test/fixedbugs/issue62498.dir/main.go	none	277	456cbb9f24c2201fc1bcbb669e25c799b17494f3b2f4eddd294cf15528954f42
test/fixedbugs/issue62498.go	rundir	187	66b43cb4bcd213be6cecb1e6fa8bf4cb31d9557994073d00a14d6dab5f2cef50
test/fixedbugs/issue62515.go	compile	592	6f645b677f4f943831c22efb815b6ee88902ab1d2879a39e1b776faad538fb10
test/fixedbugs/issue6269.go	run	627	b6175204895b4debadbb9ac7c35d866365dfeaff5df4995bae961ee432192408
test/fixedbugs/issue6295.dir/p0.go	none	237	f666a3edfa8d3d1ec4191d242a0c07aea52d3ac2c84ff07ef7a43eccf4bbbff5
test/fixedbugs/issue6295.dir/p1.go	none	339	c87c59d40af6607008b282966d92561f5f6c9c72b37a151a1e65c2fdf62cf27d
test/fixedbugs/issue6295.dir/p2.go	none	327	86abde39f5a29ce1bcee08a4c8e51386fe616f1b2a597c6bb085270af78d90d2
test/fixedbugs/issue6295.go	compiledir	275	24d43b000239ab3234d8a5596d0efafa0228ee2308f63091c86f876fa46b76e2
test/fixedbugs/issue6298.go	compile	328	3d7e41a82849c5cfd840570f7c0fecadd9d24dca1e651a8f0391187d63bc2e63
test/fixedbugs/issue63333.go	errorcheck	374	0931d9ee427c263ff07fb169f54705a0a87f5cac10633b7d1c5197a788b6aff1
test/fixedbugs/issue63436.go	compile	202	8de18f6d5dc1ed931071383b83da24eb16dee0c713159f55baef6c1474fcb8db
test/fixedbugs/issue63462.go	compile	331	155fa2fdd42a777f07a4eeea7b19ed1d2f6d57fc005cf240a5e67b40d66fc39d
test/fixedbugs/issue63489a.go	errorcheck	598	f58e4595fea378193a40a57f407b29ef54ad78c13c40d0ea30b81b7d647d30bb
test/fixedbugs/issue63489b.go	errorcheck	596	031e2ad43a6576b1a8b1a1dc31c0763aa0d6dd8f86868465b1f03b320e299ea0
test/fixedbugs/issue63490.go	compile	683	6cbeefc5f3f40bd01427b1eaeaf4d3e53250a74385238d58ce50bca6b28d4003
test/fixedbugs/issue63505.go	compile	736	f0bdc69198960cf9168f413184ba1203297d4422713f8ff3aa528914309e6980
test/fixedbugs/issue63657.go	run	677	e5fc9c844558f4d9e7304d752a9cd102ae94b14a3d20473ef38d781e36b68f7b
test/fixedbugs/issue63955.go	compile	578	38ba8974cbcaffc9d5683d1aa600fa2ed7cb83578a8d6b389a86ded44bf56a6b
test/fixedbugs/issue6399.go	compile	290	69163826fc85021aa062d515fb5199fa8c12b2424063c84cf1bb16ebc749a741
test/fixedbugs/issue6402.go	errorcheck	365	b961d0b39272485a3bc9bb320d39b8f85efd20eacd95b764d3e1ddefe41296f6
test/fixedbugs/issue6403.go	errorcheck	445	e156a4aa3dc626f7d52fff04ec782fad149fe7bc940495c1214d794e3d864935
test/fixedbugs/issue6405.go	errorcheck	329	395a2e37a64fee0aad27f7ba7d15000c9e36a108d269e9f86481c7cb4323d6fe
test/fixedbugs/issue6406.go	errorcheck	271	2f62c84f044c59ad1bbeed6c5365d9a851435826c34a1e9f7766906d586ed3e1
test/fixedbugs/issue6428.go	errorcheck	281	2c20271ae476606aaa19c080278c9670f835e694f99ab6b26e265b7d8889f9c5
test/fixedbugs/issue64565.go	run	275	a6d8ddf7e84b1559ddd1c46e8b508196e542b49a5b2401935539a04057134178
test/fixedbugs/issue64606.go	build	463	34423f8f3644e09fbcb44b09ab60f3a0a12b2d761c812b5a5b810c321f94ac46
test/fixedbugs/issue64715.go	run	401	b67dbcdf39fc487830bf1eff921d95d6cc2734d9e10360d38314b18fefda4a99
test/fixedbugs/issue64826.go	build	494	f184a127a9e414acecfa0e6d7e4440287ca98aaa01a169c19768ef3f4c959e45
test/fixedbugs/issue6500.go	errorcheck	451	c1a6a549fbf502c3cb0ebe63a270b5509a8b06a23b60e5bb75caca656bdd0b1c
test/fixedbugs/issue6513.dir/a.go	none	192	740f8c4fd755ff735974092a40164d80e1bc565916ce858d8aa07267c413a2aa
test/fixedbugs/issue6513.dir/b.go	none	206	6ffe73dea0ff4e402204b74312636864721e29c7cb11ccf2b00650428142b6a6
test/fixedbugs/issue6513.dir/main.go	none	251	003056daa9968ac27cde023bc19137a9a1ed137678ccfb1a5accd9952b17ff84
test/fixedbugs/issue6513.go	compiledir	282	a6e568004d5a192d82465ee92ec904ea988f67c14692873a59ec7d4664628d2e
test/fixedbugs/issue65362.go	compile	546	94649979448683998da844c1a5f32ba607a003cb99d15daf81fc31fbac36bd4f
test/fixedbugs/issue65417.go	run	752	4c813e2fc4cb94e5c949885bacd2e2d5201ecf8a2943e439ed3626e2bc439a0e
test/fixedbugs/issue65593.go	compile	319	5843046b52a46dfcc9fe4830613e2d4df5850486eb9fafc3d9efbfadb9c483a0
test/fixedbugs/issue6572.go	errorcheck	452	06e8690739b570be27b0cdd6a8c3cddc534aff8019e989683b2a9cb13b64646a
test/fixedbugs/issue65778.go	compile	252	9e8c2ca554196611011b33f84bc2f1ed29e98a3d99c589a36842773a71044aa9
test/fixedbugs/issue65808.go	compile	562	03f242ac9b588c2a2c09603006fdc94f3bb9de677a55f524593de87f005c8a9a
test/fixedbugs/issue65893.go	compile	269	66abd3b67fa7f31d09d6d976236cb46edcc66e280279a4cf050ba9bff2e1ffce
test/fixedbugs/issue65957.dir/a.go	none	228	54f35f0da1bf6d16ae69d2dc507254887de0efde9b6fc9119ca83ef1894c74ec
test/fixedbugs/issue65957.dir/main.go	none	368	e4213163a3eaa4cf175895f3a3f7e74838382574d77114fe6f88ba109e81a6f6
test/fixedbugs/issue65957.go	rundir	187	8270787ce0db0479f0e383a2bb56d83c46781c653f3fc094eb5990cb7fd81012
test/fixedbugs/issue65962.go	run	625	e7e7820e4a14382ddf6b2e58c88154ef296daab7b56173e3b351228c5d8cc548
test/fixedbugs/issue66066.go	run	677	d89d0e7e5d3ca0ff013945836833ca72a9c32713844aabc44c5aea6bc1b0ab21
test/fixedbugs/issue66066b.go	run	1572	cec6b93bb8f233f3c251aceb8f91bb0a4362acc6006d885373d7ad5fbde40e9d
test/fixedbugs/issue66096.go	compile	352	45e73ae512e5a1e46f1b718baa3b3c86d443fc27f79d85b018e42b9c40ac98d8
test/fixedbugs/issue66261.go	run	464	0a3db8d3c20a796e9c8d0ecb62ca7fb016adc72dc5391ca982901aa3e47672ca
test/fixedbugs/issue66575.go	run	434	60dbb7ce429a60c6365681d824a50092cd9f2f4f0e29ecdaebbce7b949d0b967
test/fixedbugs/issue66585.go	run	360	93af0889fbad3c0030f96b0f820455e91e5e6144d480128b999d09b905945c00
test/fixedbugs/issue66663.go	compile	601	8f296be7c36af01451c87aa6568ad8986bc7283aa3eb454130cfdb9e21124da0
test/fixedbugs/issue6671.go	errorcheck	1030	fc4ac07ece68fc2469623c9b663461be4664d81140376e05d9651281bb88218f
test/fixedbugs/issue66873.go	compile	237	97873be6e93152a0081be4150f8f78ff8a2d7ce41749d8a6e6448c3da4952417
test/fixedbugs/issue6703a.go	errorcheck	335	07625e41add798962084a5aaa26fde8c052671bee6a352bbd9eb5e61d923b5b9
test/fixedbugs/issue6703b.go	errorcheck	335	c3e8e3145ffaf07be88d3ab1ba9f16523561642db6abcfe0b6aab8c6f55068b2
test/fixedbugs/issue6703c.go	errorcheck	353	d84d7de357e1fbf9b70e7f77469e70e6c985122064db4fb303980e584ab8a28b
test/fixedbugs/issue6703d.go	errorcheck	365	5a41969367a9cc2ff3d861364c25ba2a8052ae6e637799888804d25c064a64c3
test/fixedbugs/issue6703e.go	errorcheck	376	1f8ecdd6ea27de5788543051181fc8e46395ab9226e67b2bb783a5e672067dbb
test/fixedbugs/issue6703f.go	errorcheck	376	fdbf2693c94bb89537aba4f2f517d3df5e7a677707bf53a8099eb8c0991e7e4a
test/fixedbugs/issue6703g.go	errorcheck	389	8d6cb9bd67387c0826b31716733edfe28063c2bb58eedc9f67603f7d2515b003
test/fixedbugs/issue6703h.go	errorcheck	409	8fb49d677ad507feb286cd3e47f4fbd963f0be1c43940ebcbb78a3cb904150f0
test/fixedbugs/issue6703i.go	errorcheck	407	7772800b8ea825e141896b371be49c795549ee3497170fbc5cc97a95a4e924f0
test/fixedbugs/issue6703j.go	errorcheck	406	d2ad1821ded8c30a54828e82137633e8c00253bfb4266844d2c408264dd69239
test/fixedbugs/issue6703k.go	errorcheck	359	8c8822d25c4967749e54ac283b416758f2e25936fc560a7e8b399581e61bf242
test/fixedbugs/issue6703l.go	errorcheck	359	bea9d2e5daa0be603bf1cc2a1d3c4d4b857bf7683f6247bb0bd3faa52c4a65d9
test/fixedbugs/issue6703m.go	errorcheck	437	1a75b9f23a3e47c573a639dd243b09a751b83b3f90d641c3a9ddab205eedfe89
test/fixedbugs/issue6703n.go	errorcheck	437	7d0364ae715dbcc620095efa96f42c4996e3d363f8cde25667537369a36920e4
test/fixedbugs/issue6703o.go	errorcheck	404	18839d23ab3a908e93890d7b790ced9df82f5e0f361664758049f19364e5277d
test/fixedbugs/issue6703p.go	errorcheck	404	6eb7510a47ad0fd5cc932af79b6d6b942ccdf2dd97a99dc685ba7a5707664c48
test/fixedbugs/issue6703q.go	errorcheck	477	bea719ec57917f328d9873768420adc2ac135241ecf056f65b6565a2b86e2e8a
test/fixedbugs/issue6703r.go	errorcheck	477	89caef52cad1a689a86fc8fe32496f1a375b6f6e305f19ee0078e88a6f86d29e
test/fixedbugs/issue6703s.go	errorcheck	370	82f226b12e00e57ff426b3005fcc58ffd7e8ce2b25eafa4199321b14ea9216d0
test/fixedbugs/issue6703t.go	errorcheck	391	5be3a0d9b3612852fac3236556a5b624241593f68d8912cc3af4d41804d027bb
test/fixedbugs/issue6703u.go	errorcheck	384	f408e58a6cc48d6c727959ad0421b301a9908109eea67ce8999579e4244a807c
test/fixedbugs/issue6703v.go	errorcheck	384	adaf5280d62df1c537a8814ef87420d5a708d5e6f69df97b7f300f2c1360b30d
test/fixedbugs/issue6703w.go	errorcheck	382	27cf42aff786af6bd13103dfa0a83b8fd6f846cdd75c77f5d8a65d4c72308fe5
test/fixedbugs/issue6703x.go	errorcheck	382	02c3003c8ae94d2faf345e53ae69a75bfda172963e205acd836c41fd4def0746
test/fixedbugs/issue6703y.go	errorcheck	447	03f356fe94f12871c2539373d3781b09437fb8973b80b2d631b37af63652c99f
test/fixedbugs/issue6703z.go	errorcheck	447	47c813d83d7407c7be4ef0482d4c062bb9f2d443f070d07ac41c8a947b0f421c
test/fixedbugs/issue67141.go	errorcheck	301	892266ec98d676fb9b6766fc9e991a155ef229c022065f360534e94c019084a0
test/fixedbugs/issue67160.go	run	767	88f0e50254b396a5cb2d785b5fbd2a5e1ee2509d589017bf7adc205fe8d283ae
test/fixedbugs/issue67190.go	run	391	cf54be59dec03c6a354dffcdd7061190f7f780842f2f10dce6fa39b29038c27e
test/fixedbugs/issue67255.go	run	922	a0b122881504ca5b24650d6d304364538ddbd451cca666759f9dcd4fddf7aabc
test/fixedbugs/issue67329.go	errorcheck	440	30623c7231d7f689c9038559d3aea2a044fda1a4881d6136caffa802983f2da0
test/fixedbugs/issue6750.go	errorcheck	528	b7440bf41efd50d322460dd680b9b4c67cd0eb8e60ef59498c0c6be1606703fb
test/fixedbugs/issue6772.go	errorcheck	454	4834aa0e0a936e0e7279cf34389049bec6121b185932b8cf67095542f8eebebd
test/fixedbugs/issue6789.dir/a.go	none	270	0a97b00e1a9869522ba51ba5b8babe91256c2b11c4a8ffbfb851ceca84098f8f
test/fixedbugs/issue6789.dir/b.go	none	221	899c2fccfe61d2f7637c66311925aa9b4ef5edd3bcddc36266d66c8d38069461
test/fixedbugs/issue6789.go	rundir	302	910e5e785447dff884ed9b3361f8c4cc4f2c0d663e8733439e630ca39404b06a
test/fixedbugs/issue68054.go	compile	357	bb37dea9b9d345b29908b6ff46496cf182d63099db9c802ab642b43b24409800
test/fixedbugs/issue68227.go	run	1110	8530a8f0a1d40e519401152f5a46d60b66b9373138c271b28af978b08b4d4c78
test/fixedbugs/issue68264.go	compile	268	63da160aab1ecb3c7760c4c82dbe9e2df869c46d3125a888aa3d825f0eb4a450
test/fixedbugs/issue68292.go	errorcheck	309	fdfbaf3f542cc75bbaba60ad5051d9298dbdf1a28b151589648a46b1233d9b11
test/fixedbugs/issue68322.go	run	351	dff169fde0c483545c944835ab80a47e4172cca0f1d1d57550370234ff21143b
test/fixedbugs/issue68415.go	run	353	8ad1cd147c3b3319567f4cbc5a4608c7bb3146b43ca89410ce54af54f108ebfb
test/fixedbugs/issue6847.go	compile	1198	743066682e66eac254484c2fa22e65a25dcb9885f8be26ce0bf302662084857b
test/fixedbugs/issue68525.go	run	273	3ba8b575fbae35b5636f07d82ff458bddd6e4aa2a7ae840820cd5e7a04d1b374
test/fixedbugs/issue68526.dir/a/a.go	none	291	cc442b0f3ef855ca8cf1334abaa9e658b4fca84ebe724a2f27552b0487fc3485
test/fixedbugs/issue68526.dir/main.go	none	844	7f6a5e9eb554151b256b7aa0ba3433be3d76f1bcc49d2b43b4ad9201bcb25ef0
test/fixedbugs/issue68526.go	runindir	210	df563a8b3582b433a53ee06d9f3dde78358e595b8c1d8b28b21a715a5c3f0742
test/fixedbugs/issue68580.go	compile	276	392e9eb8b06bd7c8b70325453184061832bfbf0cca0ac9197145b1a730d82097
test/fixedbugs/issue6866.go	run	1516	e41f35011932553cbd1aa6ca1a9273e12af4b3351c242470df7b1f8d50e20441
test/fixedbugs/issue68734.go	compile	332	07d7ff70da834af558fb394191d55d053bd0f4b5b7d2e7ef2755284b2ab431b9
test/fixedbugs/issue68809.go	run	300	803876c638029b1c9c6c35a3f3a8c4f0dcc3972411a0ea746a0f840e7d0ffb3f
test/fixedbugs/issue68816.go	run	566	c431d54486da41016b12337ffba1feb19f3e6a18c9b94f6d9b9c5e1fc49e37a2
test/fixedbugs/issue6889.go	errorcheck	1838	67145bb1a8ab321a1cfcb586ea3d9e65a8732814ba68207e821124b9b1885394
test/fixedbugs/issue6899.go	run	244	7588a46ee90adf2120b077fa635cf6f9d0eec08f62fb920a41d6915ff98cabcb
test/fixedbugs/issue6902.go	run	333	90bd27fcb9d61da766a0c6244f904ceb009afba2c9edbc83b75598ac62548b17
test/fixedbugs/issue69434.go	run	772	af96a8ad576fde76a8e2bb7b8e26cf41f2a60c4211c2068e90944862ef2ffe45
test/fixedbugs/issue69507.go	run	2220	ac00af9710b808230b19a39395ee528e40c35df16e2d85c07d5435c8347759f8
test/fixedbugs/issue6964.go	errorcheck	274	94c28030b88af6c9ed65d00a52d629a4d2d9c35cfa186550f2084c741822ab81
test/fixedbugs/issue6977.go	errorcheck	1093	00a356f086c4fc96fa3a8d9e1e6cc267b14aa659ed9f9e5764fb84d1e0d931e9
test/fixedbugs/issue69825.go	compile	287	f2a1c2578ada62ce5f2cd11b0f103c2459b373f7015de637aa31bb6573c3e27d
test/fixedbugs/issue70156.go	run	428	936fb4ec4dfd956a4a7bbec96221d116ce541c7b87baeb0dab402d5791c8f08e
test/fixedbugs/issue70175.go	compile	228	f366c0343f2512b970533a9c1613137888067f0ea9fdaa8879da3eeb090cb97d
test/fixedbugs/issue70189.go	run	641	ee2115767fc12ea2af0e85b425b8155ec6c94ce3e5a9086a6817c4dca550bb08
test/fixedbugs/issue7023.dir/a.go	none	201	4e461174e125717dcb44df3071b6dcecb304fa4aa3c5c70cefd56de594c6d5fa
test/fixedbugs/issue7023.dir/b.go	none	204	5d6c2b05089b3f214b4da156c1ce20e907167224eef8fb0e4ea13d8c885e36a8
test/fixedbugs/issue7023.go	compiledir	274	12941c5610bf9e8524570081adeca41d20437c7ed40d021f49daea499a846cf9
test/fixedbugs/issue7044.go	run	2238	d936822b5939379890e37f8717e8b7ff00bc585e9744bcc7ff685178e4f2e268
test/fixedbugs/issue70481.go	run	373	1c72dc42c96e1b6b0aa56642dc780a9e3aad867a37e7e1d255801973b47768dc
test/fixedbugs/issue7050.go	run	329	93c703cdc802808d080ec3509dcd2810b55c247f36bd9702242309a2928bf8eb
test/fixedbugs/issue7083.go	run	303	56fce6e7f092a944368288c7279abb7ef98ff77df1bc27b3f83e1b7a9166ef96
test/fixedbugs/issue71184.go	compile	277	4888111cb0029bc270d9860d7238207bd370cfb14c5d180be62cea2fb6611429
test/fixedbugs/issue71225.go	build	298	2f11e045f25c843538d176938616b98b02fdfc09c1085137a42d633dd1bce660
test/fixedbugs/issue71226.go	build	521	a31a4eb552503491030b0886405e457e031fb9700536b19961d357a706cd6deb
test/fixedbugs/issue7129.go	errorcheck	581	26ded7427568f386d6cfe45238d2d2eee15a8ebab76a7de3ded869b7776f48da
test/fixedbugs/issue7150.go	errorcheck	754	a81fd3a7ceb960b9d923177407fef4b8b58dcd38b825f34aa6fcfeaebbf0aecc
test/fixedbugs/issue7153.go	errorcheck	434	fde47495aaf2845b50b7c46f538543544882a5185858c94d53b2edbe27272dd5
test/fixedbugs/issue71675.go	run	1462	fe31e8617a29b0e96d03839e42d3f63909a45bb7b281f9835ba91a6a7d97bd8a
test/fixedbugs/issue71680.go	compile	595	bade5ccc959572e65c7e4f4723817b3233f06cce5df6c30edd3bb316e97a5815
test/fixedbugs/issue71759.go	run	367	b7846ed82dfe762011d17a6e85fb004f3870d5f40145aa7003141fb5b0bb909b
test/fixedbugs/issue71852.go	compile	302	f50e0c7f05d878e603b5dbda2b624a686fbb3d92739b121c5c6b30e4f16093ca
test/fixedbugs/issue71857.go	run	486	b574df6e8bfc764e93d280ddecf7333d6c1226ab60d778776a09d38f3b7f450c
test/fixedbugs/issue71932.go	run	876	8eea1dd8efd30636dde7763637342f1431dd338c01e3e72ede3270b4d65f20f0
test/fixedbugs/issue72063.go	run	839	016ad4f119e677bfdeae74b8e97081649c6ca0b2e46ce19d4867a5b58063523b
test/fixedbugs/issue72090.go	build	1439	1a42f58a20d20fe8f0548d3bf952cdc835f529d4bdb068f659d5eb6d083a3342
test/fixedbugs/issue7214.go	errorcheck	817	dbda4e4707c5b433fa3442dda3d67790fb6b5cdd3f84001c6b062df252652f05
test/fixedbugs/issue7223.go	errorcheck	615	13862a64482828e652eafdfdeb4a96e1e2cee0a7a4c7dd14b72ffe2c19efc8ed
test/fixedbugs/issue7272.go	compile	763	3817c7ea8a9197f5049640fc237ad1b66b81451c64f041a7f1017394bddf8d52
test/fixedbugs/issue72844.go	run	1027	f5c96b64728905815005cc77a388dc99648a8071227f623bb4d89d0f8343f466
test/fixedbugs/issue72860.go	run	411	a2c5864517d8506b18494e2bb574995cbea64ab43b89f5317f3664849b56e5f1
test/fixedbugs/issue7310.go	errorcheck	652	8a75cf22ef6196dce16457108f91678dfd8fb0dc8075df772ccd4bccd5468373
test/fixedbugs/issue7316.go	runoutput	777	0bf769075d243bfe4653a7e5222ebd44f8d0e6f68caa62f7e95b30bd101c4a7b
test/fixedbugs/issue73180.go	build	282	4b32b9d849d09122e70876be5b4c0a921f4effbcd756994f697468ac66eed668
test/fixedbugs/issue73200.go	build	604	9f6ac672fd0872353e0878d0ff931ce9e05f4176aa3865574a26e38b91aa61ce
test/fixedbugs/issue73309.go	compile	295	f43572d460322788083c73247170e6f6d3191a5e48034fb2b5a208d95cd6d206
test/fixedbugs/issue73309b.go	compile	1491	14d992ffa0066ce81c590d6e647e0ca80ef690d235d90ffa9eb4c6cef17e95e4
test/fixedbugs/issue7346.go	compile	303	27e410baff8e0f3ea4775a6bac70fbeb2aa1ba9aa0c9ce236f87c37d45062158
test/fixedbugs/issue73476.go	run	349	a375f63d73a93efd1cc0b4c90470ebfb9772f11505385afc81687acf935ecddd
test/fixedbugs/issue73483.go	run	301	fc9d1c7bf101136c986fe00ab2f4fbd4608efa5d49176fb46640c486accf8b35
test/fixedbugs/issue73491.go	build	335	c6fff99232e93cbce2e0268609009a44b30869bc6bea3e1d68a896a496b60d01
test/fixedbugs/issue7366.go	compile	363	19b7598b1430093a506b6483ba4184ab59114d32d64e0d85122db1042c8b1246
test/fixedbugs/issue73716.go	build	529	9bca08b1f65fe276977e2663265d5f102320cb206f0f3b6356a9a3f5bbd8a535
test/fixedbugs/issue73748a.go	run	427	77db3f2b0376141962408e82096701060a543a21f6a4aca9d8b7dc9725dd7ab9
test/fixedbugs/issue73748b.go	run	434	12303ebc349bf923794cd437146e02fae1e53dfb213e827dd7431a156a36abe7
test/fixedbugs/issue73823.go	compile	1048	dab18eac07bf0b52746a598f692f151b357ce187d087ec007d436f0642055de1
test/fixedbugs/issue73888.go	run	524	521ac2336ea9e15807d8f294f25a1b4dcd16886a44f1746e15eafdc52dbb0882
test/fixedbugs/issue73888b.go	run	532	c47c8453914980877d3a527ff28e8541f42052c399eb4bd394ad0a12f77b81d8
test/fixedbugs/issue73916.go	run	472	8113d95dcbd14e8136d7dfcfe95ba47572dd53625a7a3efa1117d7f96da069d8
test/fixedbugs/issue73916b.go	run	500	2378482982fa9d664830716b8eb3d6221938e0b4a132c74bf5381f7bcbecb3a2
test/fixedbugs/issue73917.go	run	633	8c6c73782dfe81c2f494c9cb2dc8cd99fafb3934282290677fe1669dc60ff404
test/fixedbugs/issue73920.go	run	640	56eabb16e9ca6e09c161c73f9782d0521467fb10c2b1d7eeceddb4852661af29
test/fixedbugs/issue7405.go	compile	638	4ea53c6822e4f7171ec4f077951b6aeb7267905f397d24d9f7b4de7b231dcec7
test/fixedbugs/issue7419.go	run	378	d8d25eca93e015967618abf9f2dc0ce3073d62f509560f7f1d08b622ca04a5bc
test/fixedbugs/issue74379.go	run	479	1b41095e9edb7fe205f0d497cd194517b06ce7b4899bbaef3a51910c36a36e7f
test/fixedbugs/issue74379b.go	run	523	c9225cee45819f4ad2272faba4b2e962885a3916d011902b21daefa3247b4f98
test/fixedbugs/issue74379c.go	run	838	6090352de5f624f2accf07ae358d87da310c7f6be3bc1cf70637003a119a9028
test/fixedbugs/issue74626.go	errorcheck	505	b7a28efb341f83669b5b0ddece009f4d5859542c6135be7db6a5a14de47d5799
test/fixedbugs/issue74648.dir/x.go	none	260	563f0076a8375ffcca47b77d8fc92f1ac32277f24bdd7a807e19748f7d3677e5
test/fixedbugs/issue74648.go	runindir	207	703db64ef8a94a3f348364b7fdd6704ad80781c2f1297c6a1e6954febb0dca98
test/fixedbugs/issue74836.go	compile	271	c374f582384e3854650cd19d55c9830cac8c0cce3425d09089b38d43e0ac0af3
test/fixedbugs/issue74888.go	compile	282	5ca5b83314b86a6a855de0c7594fc7998845b57b24e1352a8acfec6bf4758bcd
test/fixedbugs/issue74908.go	compile	332	adebf5d05995115e2b28f66d0586ab70463d649875a3824467c3395bfbd14b54
test/fixedbugs/issue74935.go	run	311	76cbfdf088e5e9ab7cc11a08357b2cc83875271a0704be67868b3dd3c15cff56
test/fixedbugs/issue75022.go	errorcheck	615	0c98e411faa82b6d5310f396ba6e2f5e3969d09ced4af8fffb1bb83d623c703b
test/fixedbugs/issue75063.go	compile	1473	23ab87a48e53170b42847cce2202ceb834cd781673c46f77ebef463960ea6b01
test/fixedbugs/issue7525.go	errorcheck	417	b13c163b58b0e385fe44a932e305f848b8edbae922dbc835f8cc724b8f1adeae
test/fixedbugs/issue7525b.go	errorcheck	385	21b38e596c72e0701f7dfa0392f8d14f65f9def46743bb43dddfa99dfb8e03df
test/fixedbugs/issue7525c.go	errorcheck	385	c6566e0c79eea6cc2f59e0d7d2cccd43f83d7bc43aacfc366a3ab8652f69ebac
test/fixedbugs/issue7525d.go	errorcheck	414	8f59719d1ee62cac330b06e9ac03e0498125cce5d7d6c824d715c0ab11036857
test/fixedbugs/issue7525e.go	errorcheck	413	85fd455f0dbf462d0203a0994110f201af07cfe3c1a332b5ba5c1624f1862892
test/fixedbugs/issue75278.go	errorcheck	553	bdcd97070e00eada06533cf846fdb049df6a79f289107f4e2fed383b4bc3759d
test/fixedbugs/issue75327.go	run	432	c5f9f44204417737151859401072b2f2b44e42f9c7b30bebaf42e9f158e3e310
test/fixedbugs/issue75365.go	run	453	a71860ec7a28a649f37b279b19b90256b6e8445334299a302ab3b2af6d04c874
test/fixedbugs/issue7538a.go	errorcheck	305	6b50446a64ffe1f33b6909d4cbc9744526baa6520e93579b13c5bda065bdcd80
test/fixedbugs/issue7538b.go	compile	252	5588a57fd2778b4eec60e1643d31734aadd59abb5699e11cff0b2d56f1e7c109
test/fixedbugs/issue7547.go	compile	305	d8814b568463c114822e705a63ea7b7ceeb578a5a602efe8044bfefd20cc806e
test/fixedbugs/issue7550.go	run	551	5f4ea2596ee7c3867dc65e4ea2feae95691595c1602f00df6408013d5cbdfc91
test/fixedbugs/issue75569.go	run	945	0518425a177e5288449a0216fc08c8af692bb0609a59448ac5f23916fef7a1c7
test/fixedbugs/issue75764.go	run	1454	24fc1a34ffabbbb0b9f56943fd7a7758f04a5cc9e407f7657a0a0cc349c0d1fe
test/fixedbugs/issue7590.go	compile	349	8f5bed6e15bec4a241daee8fc624dad7fc13cadbc49ab5dbf45660f27ea24ac7
test/fixedbugs/issue76008.go	run	609	3ae6397c61b0512b651231ff266bd127a834a28059ba9b9b37681450126c8884
test/fixedbugs/issue7648.dir/a.go	none	275	a3af8063b521c6a3a5c5cffccb5ebec4e3284aa84fbca48b5b3ad10dc54d7d03
test/fixedbugs/issue7648.dir/b.go	none	212	65e3e1c68fd45a2bd53fc6efdd86b01fccb24a019d2974ceea96510d8abd6f74
test/fixedbugs/issue7648.go	compiledir	262	353cafedef8936a406b112244c1df07f33448c24465689ce13842a356dad38a2
test/fixedbugs/issue76709.go	run	709	59be2a1f28e24ae9f83b6f991accbb91c4de02f9343fa918ae48eb6d331e6a08
test/fixedbugs/issue7675.go	errorcheck	785	1de381842326afc8b2587d4f82927f4a2be0ef272a014f12f1a1b59ef34853c4
test/fixedbugs/issue7690.go	run	1240	10ce0893f31d566640287ee6232914e2bb2f189d496375db58b690476edb0227
test/fixedbugs/issue76950.go	compile	1053	800b9df5edbd13db85b911f076385d8343a93576a624e98d51e98e452dae78a6
test/fixedbugs/issue77303.go	compile	362	e4a444042409853d21ecb7b236385bf39b940e89dedc4126d36e61b733664e4a
test/fixedbugs/issue7740.go	run	736	8d463f7c0c6d2a42f16b5767178aaacb7e41bb31a2f9775d1cf41caf657c8767
test/fixedbugs/issue7742.go	compile	362	12ab78fbb2c3647710e05044314a1d02f4a108f30b69352df8d21ea9590c059d
test/fixedbugs/issue77435.go	compile	371	15cef7f5eed99c90b1ac0feae33136fe6da7315e0f08723ebc36fdaca661644c
test/fixedbugs/issue7746.go	errorcheck	2426	f70c35d5d8903a4c4642dd109e79d81734713ef6cf7c65ad595be6edcb563028
test/fixedbugs/issue77534.go	compile	709	f20111e22dc369540f1b09e002b0702b6e94f87d5bbfbcf41b4676930aafbf19
test/fixedbugs/issue7760.go	errorcheck	1017	b35cdd98f41b74329a14280c8c5307967ab95fd1e0f4db481cf8f5bed751f825
test/fixedbugs/issue77604.go	compile	360	da17ac9b7300c2fbc053c5580931d5a6bc089738376c19ce083aaf2d16d62a5e
test/fixedbugs/issue77613.go	run	465	d2259377fa5b284a86675ecce23d7d7cc370cc60c11e9d03fbc8877210e7b2b8
test/fixedbugs/issue77635.go	compile	441	02b795bc4e4478ea691c062810b4e1824e6413735731d6bda939bedfa3d5ec0b
test/fixedbugs/issue77635b.go	compile	813	3de29c12a0fc5a0a1a205b209128fe47f5668fe134ba39c98df574572b9c2ae5
test/fixedbugs/issue77779.go	run	932	4813ec52fdb8e15aab98a40d2230cf40ea0474fea6f237b9304c9929a1012f9b
test/fixedbugs/issue77815.go	compile	387	4f779c95044f85980c1529ab854877559d1eb74b1f0de107321155829083a527
test/fixedbugs/issue77868.go	compile	416	051e0c21ef83bc2150e1c8c0f04a4515da170dba4b908860e43fdf23e6d41278
test/fixedbugs/issue77919.go	compile	271	50dd54c97c9b2b3fe5502b797521d52b95658c251296d2f5542bfe0f92559de1
test/fixedbugs/issue7794.go	compile	236	58591d81ca11c56dd215c919d16f34b6a97baf1020a3dda130d52923b94fe4d9
test/fixedbugs/issue78016.go	compile	307	dd17e704f33e6560e536a487fd55f93ab0f260846bacd56afc8d80cd59ccd397
test/fixedbugs/issue78028.go	compile	256	3b8c99c6ca4a29f1a0be2cdfb0d719cc48aa4c22bbdccd64980788eb82d9d822
test/fixedbugs/issue78081.go	run	928	dfaea01fa3cc072253e9e9c4f8dff98e96eb811440ffb6e2a8b50e515030afc2
test/fixedbugs/issue78262.go	run	379	9c04f792ed11cb850e9f1c2bbffe7cc2794e000ed3b8e199e721971a23855cf8
test/fixedbugs/issue78295.go	run	331	28180be42b6ad6b4dc6cf69f1f463c692e9bdb1980683653579afd2829cfee6f
test/fixedbugs/issue78297.go	compile	342	218d354232a1687be9586b6be6f82395bb59b10d34fff79efff7ec960e849cf5
test/fixedbugs/issue78303_1.go	run	584	8ff6104dae156a8e4d68db3c37c1a9644a4bfbd070d12e8ee1e4306479c3a381
test/fixedbugs/issue78303_2.go	run	574	37dd1805205514a24aac30cf8cbef45f7aaaa671ffc92963baa11e1eb42430e8
test/fixedbugs/issue78313.go	compile	216	ed61e09672608a0aeb732fd7307e3e5c90a23b96b01758c533bf486124fa18a3
test/fixedbugs/issue78314.go	errorcheck	303	00829980fa971a9edad1898812d352d5effb1c9dd4d180506bd816884a7959ce
test/fixedbugs/issue78355.go	errorcheck	380	530192889f69d21d60c1b59843fd96048d1f5ff300ea2980816ed04ac76552b7
test/fixedbugs/issue78404.go	run	601	2b3341b568a7a1dc52d8a0e864f5a70f95508f09b95dc89da10157c8d9ef007c
test/fixedbugs/issue78408.go	compile	283	f84381c185593b230f98777feb91349bdcb88c70a18b08733a04558651d4ffe3
test/fixedbugs/issue78410.go	compile	237	bfabd26583a74654d2316770904dbe1808d51ba0196ef3b907f1465a757f7fae
test/fixedbugs/issue78599.go	compile	613	1ee3b9d9daa72cf9b9559a85eeafb1e88ba421dca7296184bd9182ff2691ae09
test/fixedbugs/issue7863.go	run	790	f22a644e9561f2666bb9876c08752842e9a4f9361ebfe2dfbb6534618446cc28
test/fixedbugs/issue78641.go	run	378	b2f4a7823dce462465020a67e4403ed964c5e21d4e6e26452bc7a4ad973551be
test/fixedbugs/issue7867.go	runoutput	825	1c132a7149e5256f1914cc104b7fc68224d9d327044ab2d0136162c6ffebfc18
test/fixedbugs/issue7884.go	compile	291	d64f907ed8ffd648bebc6de7edc4d804308bfd3b24a4f5823a186ca784c09d99
test/fixedbugs/issue78892.go	run	394	8cc488b84120aa224229deade4b362724bbd29f0f5d277be9ac2e3af840a6ee9
test/fixedbugs/issue79182.go	run	701	d292afb517c53a9ba03dd968a2200450999504aaa02b5af3ee1386f9b5cc8323
test/fixedbugs/issue79186.go	run	1141	2d96e16f35794c591372c06be829f0e58ee99a4b87ad4ded69f419f3f22f4f4f
test/fixedbugs/issue79197.go	run	685	91a7e9dbda0e0b62f54d2b2e0a2950ecc3ce686b86b901d006b48c7210834801
test/fixedbugs/issue7921.go	errorcheck	2254	a936a9894ff0ea4f92729e0be4e8e864aaf7ee95058fa28b6f9cbf7b52fb14f9
test/fixedbugs/issue79236.go	run	660	cf43423e5aa665795e427ab3f19783867a17bbabdd79382e8785aa44ba727827
test/fixedbugs/issue79236b.go	run	521	c368eb70436525c9c6d0bae1eece26308b1e07053ae37088f10ae03008e1ce8a
test/fixedbugs/issue79258.go	errorcheck	276	a581f5f09964b2ff5194d96c51b05f303b184fb314198b5e89bee4b1b94b69bf
test/fixedbugs/issue79274.go	compile	783	0722cfa582f858e687d0f80abfda158ec3a95d6cd1f89558c0f3ebb7a93a257d
test/fixedbugs/issue79274a.dir/a.go	none	220	2a8e9fd0f6903623970c466f0bfadad6afd484af0e75b57db94a2d7b8d8009bd
test/fixedbugs/issue79274a.dir/b.go	none	182	a42deb1a5b68e4764d2cec285ac18ca698d8a019823227c876777ab5e0e5929b
test/fixedbugs/issue79274a.go	compiledir	191	c501998b7a96c19f021d39a5ba5555e7a39ef2b1d678062c9ad6cc0db08a0b96
test/fixedbugs/issue7944.go	run	558	e612d1f22678337e7e9128d27f34d39d7e72b8c5ca23431e9d06627c5563c3d9
test/fixedbugs/issue79762.go	run	1329	d3b968793fc11a2152be653e9f9c60c49511c07349a0f2ee358566a777ea834f
test/fixedbugs/issue79812.go	run	467	448d0e47e7d86973746781939ca28efa15e0b3461b9fd03f5845ecd96556df83
test/fixedbugs/issue79874.go	run	1771	32257ac1759d8a38e7947ad67221fcd39e204c8742af529605360c5bb1833b54
test/fixedbugs/issue79886.go	run	460	d59c2047901cea396f78a060c3fedc9e3f5bbe1a5478379a78edda6ef9bebdde
test/fixedbugs/issue79887.go	build	464	85a53006a389e0b2130c8cb5795caeea75d2355915ced1a53a152742a3b1257a
test/fixedbugs/issue79909.go	run	604	9dfdfdc1d5ccb314d933cfa3103d03957b7fb7dba60ed9aa8ceadc5393b04ea8
test/fixedbugs/issue7995.go	run	379	a40949d66e103c74c1f9220a63d58adfe11ac71f9f819d8fb57ef08095a99df3
test/fixedbugs/issue7995b.dir/x1.go	none	123	1137135554c78e831379e7e650e1dc9ffe6385e718f10d45908a652f1db5c6b3
test/fixedbugs/issue7995b.dir/x2.go	none	110	3ea9d0eca4965f46d309ba01760b89b29dd9c725227c45505d0eea834b2bd7aa
test/fixedbugs/issue7995b.go	rundir	239	87e701328a235671b8044e63ff41db4bea7c2c24b1898d1060c7e90433940dc5
test/fixedbugs/issue7996.go	compile	308	82bbc5467a82e07dc5dc074a037e6dfd36f0bdb7eafe7de6b29fb9f052679212
test/fixedbugs/issue79960.go	compile	263	d791fb297340766466f6efe9f85ee7c607c4fe8129d36c1f86cc2c964a1293a8
test/fixedbugs/issue7997.go	compile	732	30e27157878aa8fc4ceecaa42e010eea351a47ad3df11aa2d38b9a3a8f4d6a92
test/fixedbugs/issue7998.go	compile	380	0167edbb16bb52c7b7bb74660c44abf1f49486026659d7be01d00e6c347515fe
test/fixedbugs/issue80004.go	run	1396	27e0fc1c91a235e1224a83ed686330e793807899b01d646bc25801068139b3c5
test/fixedbugs/issue8004.go	run	1126	3e8ee751f17b0fd30f9bedfcccb66da60ea70d664e5e364f20653fc4322a811e
test/fixedbugs/issue80096.go	compile	297	b782a4a60e2e7883ac579a586e06b816bf78c2fea2d8372737dd79ff16f14c4a
test/fixedbugs/issue80097.go	compile	615	828cd9b1785e485bc15ee3af53ba9015de5055b0b52e4e2dc002c1a4d262b78f
test/fixedbugs/issue8011.go	run	330	1815dd513197d28d60aa6e369c15ee467b0f914330e53457985f603d7133e8c0
test/fixedbugs/issue80127.go	run	446	8a8af91326115b5497e174ebe4b6edbbd63cf278a38b1c96f8d64c3970a93ee3
test/fixedbugs/issue8017.go	compile	540	559c976384968cf53d830695ebd3c454f8e0ea4fe04849f83a4b5239e1aba9b7
test/fixedbugs/issue80188.go	run	3936	e688048c1e10046e703800744afb1459df19e66593099c0cd6ab59184876e1b4
test/fixedbugs/issue80196.go	run	447	c0c836ddb7fa3865e7d29e507dbeb5fd60d6b95b1c6a2a9972b8beaa9a5cf1ba
test/fixedbugs/issue8028.go	compile	426	0864dcbdf1f21ac99617dcb2f3f2a574d6b3409d8b6465eb115e39030cf8bfa3
test/fixedbugs/issue8036.go	run	633	1537b124dd302d0bfab3e3521b6664dd29eb7452ae00060f89d04cd1c754753f
test/fixedbugs/issue8039.go	run	414	e61b42e136c9d080e165605adc2a9175ba09a1312be893c263a67560797ee71d
test/fixedbugs/issue8042.go	compile	691	4cc4f867461b793dddd037883c45ccd6dfeccd733a8572e90e8c9f1a4dc0d20c
test/fixedbugs/issue8047.go	run	530	7ccf7a203991616a66059e08ac2e801c5b2489e1b56ee2233711e13f3b8b21d9
test/fixedbugs/issue8047b.go	run	575	b3c945a680e1395f3e5c9d2b81ab777b642bfd0baace53401d6e22abac1648fc
test/fixedbugs/issue8048.go	run	2051	47df2abbe0ba425716fddad0206ad5f59a720928b6553b3ce0a99a30de7e22dc
test/fixedbugs/issue80517_1.go	run	567	365d206c0a8a51cf6f1a9c9e15b3c4436e08e58edfb29f3ea9a0d470c883ffe9
test/fixedbugs/issue80517_2.go	run	943	75e13d7f112fb201971abca2b40ee3ae714f4e295576f887fff7d13cf1ac4b57
test/fixedbugs/issue80517_3.go	run	950	c66fa5c253eb61e34a75740c349e6374cbcaa583c1866f40e5db4d2453deb2a0
test/fixedbugs/issue80577.go	run	1438	14f8ab079685aacee03827ef1519c488988c8b8624d30d1325c74708820e5f0a
test/fixedbugs/issue8060.dir/a.go	none	198	ac80be44cf63d1592908c9e1991401e377216d37d18628f939b550933c60a4f2
test/fixedbugs/issue8060.dir/b.go	none	232	cdee0fa0ddd63d56de7237f265231ee0fafc83f47e83305f29bd00fc67dc07e7
test/fixedbugs/issue8060.go	compiledir	232	cf8385595b8a79a101ce05cace7bcef1d3ac955ef98e7b4e3583405dd831edb4
test/fixedbugs/issue8073.go	compile	318	573d15e91460fe0e413cb4473b92cbda4a2a0600b2e79b3aef119931a6c8da0e
test/fixedbugs/issue8074.go	compile	330	3c9ee04aace68c19f94e7eb0bd17e468f0fca65715c315ed6b622fab9684ea99
test/fixedbugs/issue8076.go	compile	342	334fbfa10d068d810ff78930ced3f71ea613ba7211c389e264fb0224dbfc6993
test/fixedbugs/issue8079.go	compile	279	97e0601f3838cc934c1b5a9a04a18ea8e0e1a77ab8d57a75ae6123b466a5a1a7
test/fixedbugs/issue8132.go	run	534	95f5bd82b375eb1582b4b6b2602dacbbe38e0fdb9b85f3887a514f19c34bc876
test/fixedbugs/issue8139.go	run	800	6b3468bb02699bbac0287887eab820afe478bf83544a538232b6c09876be7002
test/fixedbugs/issue8154.go	compile	313	1f1af1f90126e76afbb0932d237f485a8bb15587bf7e19055cea9f0463f5fdea
test/fixedbugs/issue8155.go	run	711	0bfedda9cfbb0c4b8c772651dc7550120f629371a11e7cf354a5c76fb6b0bcda
test/fixedbugs/issue8158.go	run	767	ff81d5efacfe0d51c36fddec74d0e26ca2ba58b9f3aab616e4b4beae91a20e7e
test/fixedbugs/issue8183.go	errorcheck	622	db8e60047dd5fc66b534d968a79edc6395845544029f3edf5bf2442ade59d0aa
test/fixedbugs/issue8280.dir/a.go	none	49	2de2f332487874b81e6606e06ed4ad54b816afca6739e8ea9b30ee35e154567d
test/fixedbugs/issue8280.dir/b.go	none	41	131298b7911011a84c6b740538ecc695461ebc1416c68c62a080ed8ddeb6a33e
test/fixedbugs/issue8280.go	compiledir	277	db2f551d5b5403a2259543eab481f6282e1f2245d18b744814acff430e8766ec
test/fixedbugs/issue8311.go	errorcheck	333	1e74383ba0bee88e5a7e54ea9b13c70717ea8364be03570e887d668baa5bee59
test/fixedbugs/issue8325.go	run	617	1ab6513afa5f8be8f82ad6a0a24d174dd0c709738eb46694bb693d5e6f3931b0
test/fixedbugs/issue8336.go	run	515	06ac7ebbb2e4344323802c6dc83e3698baa4c278e43dc32b7b22e6bc4119c91f
test/fixedbugs/issue8347.go	run	433	e3797a7f1d34f5919ead8bb8db72b65178eed94401a1815fb75b6eae7ae338a9
test/fixedbugs/issue8385.go	errorcheck	1222	cfeed1b917ee891689abf9c4f5b3388c4401d235805bbe588ae54bdcc47d192f
test/fixedbugs/issue8438.go	errorcheck	549	f23b3c6ba3d946c4edab20284b062b5611348f47314c1e063c057fe9e3486c62
test/fixedbugs/issue8440.go	errorcheck	281	e2b6cc58e2849c2fe06baa9581e0d983c7b845cd6e402f42f7e63b4b4a2a7a68
test/fixedbugs/issue8475.go	build	422	26906c61069e6fd0bc772d4598121ee7e8ff6e22062651e821e1f9688001033d
test/fixedbugs/issue8501.go	errorcheck	374	80c0f732e626ecc9ca66e503c1bd7b9e3b812fcfff951863d6c031c342438177
test/fixedbugs/issue8507.go	errorcheck	374	dae71e7acd5497f80bbce6b5f2d9a14e199867d569f4d7cfcb5d9a8e6fc9ca47
test/fixedbugs/issue8606.go	run	2403	eb46a15e9fe2c1dd351f148102b2c9f81286a45ca3d0ffa4ff9a150e699d5398
test/fixedbugs/issue8606b.go	run	1935	c1cf44a8a90bde1729fd7ca263aebd73a4b9b57dd97dbd59b22ec79091714aa8
test/fixedbugs/issue8612.go	compile	525	50abcd661c5324baafed3ebf3685bd3ee1b3a6fcc1d2d95ae6880ac13405d1d2
test/fixedbugs/issue8613.go	run	608	30a79779eacfe6cb55b516e24c6c506ae49fb44d671440fb4f5255341f4b2fce
test/fixedbugs/issue8620.go	run	496	c3f0d8389407ddfddc7794ef7673014b2c4ab7108e53a78fa958efb139ae9adb
test/fixedbugs/issue8745.go	errorcheck	369	fd7eb1e1cae049da5d03fa4d6b9929608e8c14792622aa2319e58465490d456b
test/fixedbugs/issue8761.go	compile	521	b94da40adb33163845248a873b7c391e94c710db8ec1ee707082363018e1f870
test/fixedbugs/issue8836.go	errorcheck	381	090167f12aa7b3b75d4ce1751bf6271e2d34c7330ab70d803d504ca6780e35f1
test/fixedbugs/issue887.go	compile	525	ef5192b6da048aa328ee7703e209683efbf68fa2fed0ce41e0cc86db7a6de805
test/fixedbugs/issue8947.go	run	751	74df3c6885990d8f05d18d5b55a0be6dc2c0423ce9c2ce44faeb959bc6906c63
test/fixedbugs/issue8961.go	run	454	e264bb2c5f03e251973a8386f5a8050cbc9860ce6c1e0d7e2eb053597dba2b66
test/fixedbugs/issue9006.go	run	520	a5c1bb041eefd4718d34656d8242c0b3a0a6d5935063c2a8d5d67345b313e454
test/fixedbugs/issue9017.go	errorcheck	779	a08f7eae007beeb6aa81a1cbb68b00a4ee1b48c82318b5d77b840d2f7c8b9e6f
test/fixedbugs/issue9036.go	errorcheck	805	0e5a72942071206e2b3c4d15e2798deea993a9afeda7b0edcd1722008fa94ee1
test/fixedbugs/issue9076.go	errorcheck	551	a0da3950c71b6a625911707b892cf08c34c77f48d3609583cbc2f18cba605869
test/fixedbugs/issue9083.go	errorcheck	846	b791ba2a44f66d7cb5e6f41368791b9bdf4451d296b0f29550e09df60f97d55d
test/fixedbugs/issue9110.go	run	1782	f9f042cef965a30cba8f28125dc2135e29ead89ba65f1b7d2b0f7925f65e4686
test/fixedbugs/issue9321.go	run	538	21caeb9f5f0a2143653b05e238a5c7bb91ced415f623741c7e2947e86981ea1d
test/fixedbugs/issue9355.dir/a.go	none	210	09b77a04eef0487b9fd7dcf69b0c1489d19c7887bee9924bb47da86f6904e17d
test/fixedbugs/issue9355.go	run	1354	da1562657e0287818cfbdd52ff58eabd70dc68dab7b72d268e120b8241dd6d4e
test/fixedbugs/issue9370.go	errorcheck	5136	0ba267886a78d0465bad2cfca4a396bf3942e3760ba8a98486500c30b46d6626
test/fixedbugs/issue9432.go	errorcheck	390	a4b4c41ccba7025e16846704201381441a12bf11fc2f9dee4008bd88f00650ed
test/fixedbugs/issue9521.go	errorcheck	597	646e9860ac4e0968b1e0f77d8114b457ed21cbd338a3c171bbb0f23aa7ce9572
test/fixedbugs/issue9537.dir/a.go	none	386	1f4f087811e8a69c960d8811e4ab80d80d6454b6071fa8eca3d12d2b7949aa4c
test/fixedbugs/issue9537.dir/b.go	none	678	c582cfc14ee768be3c680cc0065ebe40074b3ed5b70ffed8ece250fc53f3c266
test/fixedbugs/issue9537.go	rundir	284	7c07a5d73959637633c30a95108ccc276e42f21a264dc9d7c6da6c9ea260d5ac
test/fixedbugs/issue9604.go	run	631	69b7c4e93cb66a660e1b91f9ef369d79c2e3a9f74668d69ca8285ebb2d52395d
test/fixedbugs/issue9604b.go	runoutput	4911	6d33d65f03a492a67008d174619631e8a85739c8888debdec1c9a70250c6607f
test/fixedbugs/issue9608.dir/issue9608.go	none	1029	7099d1ccdb384ddfec11268a6101f1bb9680215706b9e1882948d23b551e693b
test/fixedbugs/issue9608.go	rundir	478	d4f066a4e2c66abcb5231600064412f957587ff1a1938ffdb155215682a7b344
test/fixedbugs/issue9634.go	errorcheck	403	208fc39f57d1bb19f58d08b3daa981eeb64a5235b154ef7864036185ec75a8e9
test/fixedbugs/issue9691.go	run	444	c9d57d1490cc2b26534755d534d2ae804d755a775968f94205f2d3384d4338c9
test/fixedbugs/issue9731.go	compile	331	2aef9bdfd72ef5d7fdc9ccbcd3f5a1203a48d1a58f022ccc253f1717612cfac5
test/fixedbugs/issue9738.go	run	302	b6ee4f63b66a8ace87a908623cf746933b1b1915089f3736ab184cfc40a93708
test/fixedbugs/issue9862.go	none	265	b0e1398d54b415b84d30be288f796608aace7d15e9525de06f185ae59429ef3e
test/fixedbugs/issue9862_run.go	run	662	8b53de573680137e0d989a617213072dc12988e022cc3f3dca56d0058d4c1bbd
test/fixedbugs/notinheap.go	errorcheck	972	612edae46f610090a11af50bc4f3aade2cf125212563195e269ec3d16945d8f7
test/fixedbugs/notinheap2.go	errorcheck	1869	6af26bf0be3484468e722414ed0d646da8c2968da2178b731c6fdaa3e20110be
test/fixedbugs/notinheap3.go	errorcheck	1306	34db28db9ce6501845efcad1dda74d8a11a8f1b19b6af83c32d25422601b58e6
test/fixedbugs/shrd_zero_count.go	run	640	cdd8b757f77d278fa6abb9698c0e724d70c15c7a61b3998037d63b0d84bc4a3e
test/fixedbugs/splitload_pointer_compare.go	run	923	2171b18ecc7ceb0a40720cfa106e7bad237cd3385191d4675da38c5ca4670d2d
test/fixedbugs/walk_bounded_overshift_empty_bound.go	run	470	8c077da0c8ca5bc175b02a146f63cd4c0cbbbcc23fbb7f52718c45f498a790eb
test/float_lit.go	run	4046	b9f9cbb151e55b2dec656625c48ff9110050a7e8e174b881fa06b440feae62eb
test/float_lit2.go	run	8067	c9cf8e7527fa25e1af51653adb6315b19cd3ce87b049185c8f568274c6667891
test/float_lit3.go	errorcheck	1758	66792af4099b31cd4ab7393822cd3d3394760810226376e6a0804aa063c92926
test/floatcmp.go	run	3104	e1a59f4248ac702bff8c8c90f566ecfa327c244a99e6d8d0e0d903f2b37b5c88
test/for.go	run	1231	b9c8667cb22e953ed274890c25075435a031bd61ec1883efc2decb3a8b98633d
test/func.go	run	1326	45a83f008b504f44ff5fff29e50f30d25666d3368071b029b88069e586049bf5
test/func1.go	errorcheck	445	18d438fc460e2927d987506a65b591343ce96dd673431a52dc1789b33f5a767b
test/func2.go	compile	578	f606f34225a1b403383f687b528fcbaf8a0868bf0e31a250a8fed1a57ae3cace
test/func3.go	errorcheck	556	1bd86a0e990ab2c8542b3bb2dd720d67edb348ee6212c529fea26d80cfb97228
test/func4.go	errorcheck	409	c2dd6f35ed5edcf7579478b9f26422ca52b8579eb9a47b48ee16d8f0b4facde7
test/func5.go	run	1521	704d721f8c593445d80aac62807bf7cd14ca50e2649873eb2449307394a892b8
test/func6.go	run	393	ab6026a80756e98af00a408663819874c4b1e67b3631a0969e470ebadbda7fea
test/func7.go	run	477	a55b08d1bda943fb7a199dcb29e10835d7d987652627cb4df8c2ed8f0bda0dbb
test/func8.go	run	599	44da69f2f955afa8f20d0c1d072b90f9b7c617c9bf4b3c3936cd6d46663c533a
test/funcdup.go	errorcheck	1346	6df30296e97097713a57b862aec351068b1234cc6b886eaf3291986147910b34
test/funcdup2.go	errorcheck	721	f1e54b30913c60a85dada882e2ae867995789978a96b015e913b0d5ccab5c054
test/fuse.go	errorcheck	5641	45f14b814cdc4486ede10f86a2126341bd1e14d6f9cee14e85ea77e800808b3c
test/gc.go	run	411	6919e740125440d305ea2e06a9399cae604484abb51dfb365664c189f4edf37e
test/gc1.go	run	303	e9514aa21c5771def804d906f5d46fa34114bc409a6b32a9a9d1093e0aeca4e6
test/gc2.go	run	977	64e0f34aff3c83b1f11c9f04cd153379c4601b33fb23d917b17e847831bdd6b0
test/gcgort.go	run	35368	22701a24d27aa52c2ea787630cd4493732afc05e7b8d5906b86a01f9865321e5
test/gcstring.go	run	872	4dabc5ccbe7800e9c1f95bd8e183cf0273eb1d717ceae79288e9b3b003a0b096
test/genmeth.go	run	772	564f45cafd27a950d629164907625f234446532f6755e1dde9a2638978b44871
test/genmeth1.go	run	3634	372b82b233bbfed66dbee9fa7aa38545367777a9330e3b24614e9c5a9c71cdb8
test/genmeth2.go	run	652	f971314169ef54d32339c712a322c29f25bb8bf67eda00a173609ff903b34c5a
test/goprint.go	run	722	707e00f08110b8a9968037634a9da70f19fc2f649dbf68ade6e04cbc70d011bd
test/goto.go	errorcheck	8590	3b1306ce9705aff7f5f5945b1a6f44e506cf83d3e1aee82d769b4eab199aefac
test/heapsampling.go	run	10114	1b0ef2ddf756074ea1efdfebab0d839b0d5c959d23e0a375e3992359edb8e59f
test/helloworld.go	run	269	c60aab2915331f83129dd28ae3bfe9f960054120b11acdf0e235a481a6141051
test/if.go	run	1394	4f0432541f84b9da481f7ddef108edea8704468cb45cead41f80a76a14c0b7d8
test/import.go	compile	425	9971aa627474488d3c9f6077c279666fd9723bb58da27397c640f5748cfd14bf
test/import1.go	errorcheck	703	81a4661a3f9e38b59f8aa2470b60b5d11b5549f0d1a544dca616913b4c4a3f5a
test/import2.dir/import2.go	none	1838	05cf8ecf0b4bf1e5905a08a00ee28621e83cb1c7fe2fae385a365c2e5260415e
test/import2.dir/import3.go	none	1352	7a8eeed52eab0455b9066d49ec8e03c63265a49026c0c4256bb58f8c166f6be0
test/import2.go	compiledir	247	f29926a20eeed631642cff9cc4e55bfd0e5f84ddfd7775041015b223b066ca9d
test/import4.dir/empty.go	none	213	7f9187b15e13beb4cd3fb1ba43b5d2a7410c5c379b90bebbb9a235f18ab56be6
test/import4.dir/import4.go	none	877	4577380dfeb4f43158b652e72dbfff32dcb6c11531cf54fda10986d9804e6ea1
test/import4.go	errorcheckdir	310	32b16b80ae66a5fce452cdb8450ec11d8a934c493adbdbc1c0291b06a198e2cb
test/import5.go	errorcheck	722	ec2c27dcd2724904c30b3dee8084ada9930f16c19ec9e49826797d5da5ec4ac1
test/import6.go	errorcheck	1474	0b21b9b653ab0bb661f612887b4a3a736bc53e1d0c922392be13f545d4e93d65
test/index.go	none	6578	8ced01056818971488bec3041f8d520cf25ff04435f335022f2868f2a3bd729c
test/index0.go	runoutput	301	5c7724891712c063ad027bdb2f19b9769153b10e33cdb1d07cf9736fd2f2fb4e
test/index1.go	errorcheckoutput	305	bb38ec31eabd5f8e330daa8ca9d50170fdd98756f2372e45817f4a13d92967ef
test/index2.go	errorcheckoutput	305	1634afdb8ef44027aebec57098ed9dfce114da2803911d457e97af0c42884d53
test/indirect.go	run	1424	21fefd7137cf8b2620fab0a0f3fc10db3bfd99603cfa88bca82f4cf85e7c8269
test/indirect1.go	errorcheck	1563	8186b995c4a460a0f465fcb77a89337422f472edf7890902195b62bb8b3036f9
test/init.go	errorcheck	479	09de70c478d2bac181d471de6ca0ac47a87aa32c1c6404560f54f5b27c22fb51
test/init1.go	run	1101	2338585b74de80c86e60d3b6d8af2cee59949ffdb20e8fe95c2992389c943f4d
test/initcomma.go	run	1253	7084820d0c34d5327d6758c39a60912bef17b3a1532e9087d2c9918a39e99896
test/initexp.go	errorcheck	1786	10b3d855e51b398dd6148cbe97849412da5db9d072dbd2ba089a53a28efc1311
test/initialize.go	run	2213	1803108b9ff6b880fdcdb4cf6971b029ebc9cdc7a584a74d2b5ea96a027b0f87
test/initializerr.go	errorcheck	1175	a19bf1e454e723096c838f48599fc9651bd4d10b7186f911152008e8442158c5
test/initloop.go	errorcheck	408	024059e0a2a8157ad186fba81fa5e70eba91e51723f6149cd0a26949f98f046f
test/inline.go	errorcheckwithauto	12441	51bb599a8fdd182ee1e21db58f34d065e60f0a209e817eeb3312188715556cd6
test/inline_big.go	errorcheck	12999	ce8e90d3b887e40a06b82c5a69eb2df86dbab497c393429b57c156b2393ec3ba
test/inline_caller.go	run	1391	024c476472c4abe8c197bfea07d47cec934062370a80c2841136232de76158d0
test/inline_callers.go	run	1911	9472aee8a23a8eadef084e2cca227a2db29cb2653348d07cbe3cc0635b4c96f2
test/inline_endian.go	errorcheckwithauto	1822	c244b1bf7b1577c25fd3c5bad548cc7bdb404a4ad451ff5843bf6d64ae840fd1
test/inline_literal.go	run	1040	b621b3d74b0a644c161a26fd1d84369bf55eb8fe1c9abaa2450638103d3d048d
test/inline_math_bits_rotate.go	errorcheck	571	2b7e07838127da66cbf1447e2c0ae8907fc486a363eb078ead13c12ad696c897
test/inline_sync.go	errorcheck	1660	fa0140c78a5fb6d00c0971bda1923984af604fe320fb7d31117d8428f6c99ae1
test/inline_variadic.go	errorcheck	513	6a939b62664f8ce2a54818aa161d7871d33942f99c5e4138ca47c802c0c54a09
test/int_lit.go	run	387	4917712ba9722238347d9db825fa857f26b90205bdb75375d4df69371f2eab5b
test/intcvt.go	run	4359	ed3bed5b3a17841303f98a552fc2871b433ddc775ddf4e6527570e7e0c94bf89
test/interface/assertinline.go	errorcheck	1814	4f71977788c9ff98d853a3f5234d73e2c160b3dec2ba1bffa861b502c3b80afb
test/interface/bigdata.go	run	1481	d87be23ab434733076115550816f11d789fc336d11e286bc6416fbeb2163ac0d
test/interface/convert.go	run	1922	d3280e6717e5cf8d81b783484343ede0db021e4d6e21d186ae97bcd55a31f57f
test/interface/convert1.go	run	393	dda2d8e214b754f837f97c8560d6e2bade5f073f7f8cb2c500d13f0eaf0712d8
test/interface/convert2.go	run	393	dda2d8e214b754f837f97c8560d6e2bade5f073f7f8cb2c500d13f0eaf0712d8
test/interface/embed.go	run	924	f92d3959df3471cccbfef53f5463c306b6ca467df49b13bb1e5b15f7532c9499
test/interface/embed1.dir/embed0.go	none	411	01abb4d62be4e6740cb505be3495ffcabd918f445a9fe8725c14e4ae2f575bb3
test/interface/embed1.dir/embed1.go	none	589	f15f66db8b2d208972dc7a4f313cef914ac2bcafa0c037be6306abfe30b6c5d0
test/interface/embed1.go	rundir	250	6e7e02663e2e744c16c7525c4ebda5f210af8a86308150c6ac74b58f41770339
test/interface/embed2.go	errorcheck	1517	879238992b6911b7e5d29a4249b013d52bdf6142bb913eebc299caf08c930de6
test/interface/embed3.dir/embed0.go	none	305	4a5c7c394b1f84113c156b9ab49e6ac990c4631d96a32a68892fa1cb53ca1b65
test/interface/embed3.dir/embed1.go	none	1596	9cf45b629f2c46dff989d69450197f86eac130a2f927b1dff8efab0c34604a82
test/interface/embed3.go	rundir	187	981d96ffeca48c0c85e4b8356b06256841f4ec0419c25c3c28226dd3f95742af
test/interface/explicit.go	errorcheck	2002	70d43f452642f19287a0d3f69bd9997761f4be25dd2068661433e126a6315ffa
test/interface/fail.go	run	544	f9a4a930668cee7ca52966374328fe30d7f46e74837039a4f9f186cfb2daa6be
test/interface/fake.go	run	1796	d4581b444ff6ff1416b2d2f149a419f7e087c933eecc883840148ae9c2f5adaa
test/interface/noeq.go	run	641	32013b8fe1ff39187b427b0afefaec52743d82c815b413b904ce6133daa1de5a
test/interface/pointer.go	errorcheck	758	9a8c22050a77f7ebe6776a1ed62bc448bdf95aa9fd5ac86a378823a70f891797
test/interface/private.dir/private1.go	none	389	6fa19dba74ce35b3b4b80d4c19773ef384e2de6f175831594f2db89a363dcbac
test/interface/private.dir/prog.go	none	608	eb6126d4839c1347a9bde22152c0a7d51672ab3f8aefd83bd9513c4ebbd220a8
test/interface/private.go	errorcheckdir	285	e42d7c4ccdfc85f8add21795583300d4170511baa6d9ce943a23c6b76271de90
test/interface/receiver.go	run	1292	5ef64b4a1127a16bccf2450451c6d4b45b9aa5e1156c0bfb7230f79a527762ad
test/interface/receiver1.go	errorcheck	790	5ceb384bcba090b96a5efa80dd2869743df038e1baa08265e6f270a0618045d6
test/interface/recursive.go	compile	374	c3c2871c1e088efde8c1d786a599d9ebdf683706fa1e68e93ec0984ba5b6cacd
test/interface/recursive1.dir/recursive1.go	none	304	017e9dc3d1f4453ed5cfe81c33ec5f0e4518f6f1ac085c20e6c25b9d67240877
test/interface/recursive1.dir/recursive2.go	none	434	4fcedcaf36e7aaddae9a662d92d78aa059372fcd3f24b7fed270c99d35776c1c
test/interface/recursive1.go	compiledir	267	c58671466ba6e7215cd1502ce8bfcff77897eb1e9813077c8fc5b7a08f7c1dba
test/interface/returntype.go	run	670	3219f8431bea1bec6a7ef81f8676eadea31cfefaa9af9ae69c9753348c41c280
test/interface/struct.go	run	2493	0c00b453927a668321690ccc710e9fe058d79efc86258835aeb8f108c5b27931
test/internal/runtime/sys/inlinegcpc.go	errorcheck	617	418acdc516dff0c67c0bf344774b84f83b522e82e5044263e914fbe75abf4491
test/intrinsic.dir/main.go	none	2620	da7c2fd11229051c9674732546aba192610bc48853d693830ed26b0b4238a58f
test/intrinsic.go	errorcheckandrundir	270	bfdee28f7f57a32162f8b92301aa5bc0c6cbcabffa5685dc0f2175ddd994d0d5
test/intrinsic_atomic.go	errorcheck	839	2de82d78a38b6e49f03f73e977403b76573c625c0b8dd71a5810d6ebe394760f
test/iota.go	run	1629	67e14d71f171d968e2a068a68312ad0d99a1aa9a3b605d3ddd5a9b60b21bd22e
test/ken/array.go	run	2326	c32ee895426d5f2c063a7d31af03cd7742aa18a5773302a2e9a16c5d3de01c1b
test/ken/chan.go	run	4783	0ab99bc1fabb45fb8dcc16c998232828fd4b3b59cfba8d346a0cef742bc1983f
test/ken/chan1.go	run	879	342e64e136c375600ae0f6fb1ddeb4c5562a9d7e9c9aa1e151ceda82b013184e
test/ken/complit.go	run	4370	b548cdfea3b291a17c56531c83ac9dce30329918465dad5d95ad453c556fb3d0
test/ken/convert.go	run	15301	bce037e733f2a8b1af1b5d7bf654b06e56750342836234d9c19392d39b129eef
test/ken/cplx0.go	run	455	1279234a452fcf761f99fe9ebf49bf985c6e26fdd7e82caebce37538949943fc
test/ken/cplx1.go	run	1461	d9b48be5874637b8b861761db7e03283f87579559b3477be67a3be0c61529d92
test/ken/cplx2.go	run	1945	23df2e0785912fd6d8ca535b16597d5fc068dd5387de199a9605f0bf91c05d23
test/ken/cplx3.go	run	888	bb1703a2702ea0e80d32306f003417af962456edba091dc1229740ee3acd9335
test/ken/cplx4.go	run	1073	4ed8e712dcd4af28d3009d39db07aefeb2d4b60f874a3c1355d9d383cf1bf551
test/ken/cplx5.go	run	1158	98549fb9acc3ea1bb52f8a4a0f8ee5ec1c6fb94d035729a80ca6b22a6e3fdde1
test/ken/divconst.go	run	9456	3112a71323e42656ae1b9104487910b819678d08205eca862b3613930f33ac7b
test/ken/divmod.go	run	5258	699398159cd4301592e27d9d36b7bfa40dd63dd9992f991165895b54f18379e9
test/ken/embed.go	run	4371	66678c52d0b49cc3225d97d347e1c7e24635069bf8663a6d268bee00c23e4a32
test/ken/for.go	run	308	c7de70084214cdc33220b168d0d47f075c0d2a3dac641fd66b46394079f6400e
test/ken/interbasic.go	run	2233	f25202c618413d87de616595d3a1bc13ed277cc6fc1f9eeb4a6c67ceda5a8b4f
test/ken/interfun.go	run	872	5ecaa34129d1552470f86538f67de9256822016fea81e111432fa154ce70b097
test/ken/intervar.go	run	1010	e3b0cba4f235355e9bdbf8e793000dc45d7359efb0bdcca39ab1ca9dfec0e369
test/ken/label.go	run	439	60642b4daaae82b23dc7c9b68fef1de0caa16801e1fcb7e1fc03716edc373228
test/ken/litfun.go	run	410	dd793739efa25b927447faaa1bb4adb53050a6cc604535749700db27ede3271f
test/ken/mfunc.go	run	386	85d1a4b64bdde3d3a5cdec85df880b34422cdd3bf1a4c9a28046cd5f6e3d9de1
test/ken/modconst.go	run	9457	adcc857dee96bd8eb4c6e8e07076df9b951a8a43dee19a5a69e163706ce6e0ca
test/ken/ptrfun.go	run	617	7aa1a4c5739f41694257c2a72f55cedd77c66b2097199cbcb61bc983fa1e1210
test/ken/ptrvar.go	run	772	16371cc74ca4cf8ce3a3393706afbd4a9efa404d9f9fab36563512e5e03f6465
test/ken/range.go	run	1747	9132f8ee920bbf4c063f81885ca3ab0d087c22a91bdd670637174de57faeeeea
test/ken/rob1.go	run	1080	ed82bb5719fb73dc0ad79d967ddfc414fd6d560a2a4c5675d9cce8b847a7eff3
test/ken/rob2.go	run	4400	419c8a3b1df4d64c9e8cb342358e4db5bf9eff645638a3a84245cdfc93fb1c81
test/ken/robfor.go	run	881	c85d29e86d743217a6eaae804c31066d14059a7b8157d3d7a16ce9db5a017920
test/ken/robfunc.go	run	1437	0f6579ae43c7fdd35fbb9498f3c55b0e1173af609e7af63f9c51e696607fd345
test/ken/shift.go	run	2311	24b53120a610e883c2bc7a3e75ab5553007d888748070e881e97e74c88ae5a3a
test/ken/simparray.go	run	730	4a532af91400bf2f48cca852ae2ad20d5ab8c7e29abe72e6d44e9c8b6b12b3d9
test/ken/simpbool.go	run	1808	e1983830abb0f869197c8552bf4280f9f9081556674df2f556245440e97cbac0
test/ken/simpconv.go	run	490	03523e2cb5f74df8c156c477c12080413e18b99e1392eaaec0a07d621d5c9b71
test/ken/simpfun.go	run	380	a1051d95ed463eeee2085fe0b1eae1380668e3e56e69797d6c42abc2efba08fa
test/ken/simpswitch.go	run	487	a656ca081faa9c75bae5c3b63361e7af567d6994964307d0d573f45e0dafa505
test/ken/simpvar.go	run	348	90d88fac1bf771baa01326a716def5909a8bbc5a4d0d421d837dc862c5ab6e32
test/ken/slicearray.go	run	2815	20e31eb83d98fe39c366e925612c43af8e2cec88f818dcb9444813ca8046e9c8
test/ken/sliceslice.go	run	2768	4856711e6d5bfefb18bb02df9c853ab5677ebfd3c40019f254c5c00aa6a8a0b1
test/ken/string.go	run	1837	307c1b00298b86d2ce3bb50db40021de7dd548e31afa95f585418efcf46ec8f9
test/ken/strvar.go	run	1135	14fca969ab49d3c719a0c2beddd3679b9c8fdbba571b61ae2068d90a51fd57de
test/known_bits.go	errorcheck	8163	df4a4dcd3880129d2b99f54dabf41b00db4a5a84eadab66ee21658fc25d0b0e6
test/label.go	errorcheck	1042	b1a679c92cebcc56beb1cdd9e440d7a8ab3e3f0b534b72606833e84149bc1de8
test/label1.go	errorcheck	2132	729ac1e81a158045978775db07a787ba5927fd50cd4fd4f256594b95b581d33c
test/linkmain.go	none	237	172e69c96a39673cf825ab0eb92cba2c908064d8ff070242bbaa18266e2ee981
test/linkmain_run.go	run	2333	60821663303f243f8c12a8c7704516e6f43268b8973dd7f30d1d893741c77e48
test/linkname.dir/linkname1.go	none	174	e42984b85d2f559874ea8427b2145efcd189ced24bb211be01cdb995457a541e
test/linkname.dir/linkname2.go	none	310	cc52cba2eb7c51d3d36ad8c9a3ce2e60f5d0b73a36b84049361e779948b6a1e2
test/linkname.dir/linkname3.go	none	270	b5df860746671a5e7883d15794dbf943cf29049dfcf4768361865ff81f923b83
test/linkname.go	errorcheckandrundir	456	cecb3c5b29dc33185542e78d848bb5884770c66061bba2e3ab9f0116c91c9647
test/linkname3.go	errorcheck	720	de07c49567e8d3e4750a50b40f56c8833b83c91b18d2bdd7e3b03ab83cf3afbe
test/linknameasm.dir/x.go	none	451	ac607dfe9b9f29b37197de16ef617081fc7c0460aafb597ec3cc4397a44154fe
test/linknameasm.go	buildrundir	210	f7a696f0eecce8dbbba76b33459ca413258e64416fad16e6e775d308d33b7e37
test/linkobj.go	run	3632	59bc7d63088169bf8a5bc76ac8af90b9a4f7b57a278008148883e2334e9828f0
test/linkx.go	none	741	fd01174ab6cf9f42ccf8a21e893c0b8192f8902714b653e771ed77605805b58b
test/linkx_run.go	run	1711	986be80cbda9cc32457a905f73f2bb8b2728164ae569da6757bd1364369f612c
test/literal.go	run	5111	346b43e66ab7a0e9ab6550e13a577e31109e9d8f626ee86ea88ac72d4187b957
test/literal2.go	run	2272	3c0b12668edeee1fd58da975a5dc06d49723265458f96f814ef19a3419ceaf0c
test/live.go	errorcheckwithauto	19592	6e2505568ed3393e861f0da9ccbfb4a84d22b1dc4958dfacaca5c51d55328989
test/live1.go	compile	1316	7f5d21f48c5ab856dec2407c607eb2d168471ffe2cacd3d6c3056379bccda589
test/live2.go	errorcheck	979	0095a91d0cb7e421e28fd013ca1de0fbb32fcbafa790edd55e7677b7b26f18d5
test/live_regabi.go	errorcheckwithauto	19936	6c1630dd33abf5e4e48500ac1ccc6942849e7b905fc79ef9393d9213cbc18a87
test/live_uintptrkeepalive.go	errorcheck	2069	06a8183c75cad272405cf810000ca285aabd4284772c6667feb36025e221471d
test/loopbce.go	errorcheck	14716	c938d1cf4166c616e51662239188e0f2e8615a539b4573c87ad14005943d2e7d
test/mainsig.go	errorcheck	598	d020de92fa9ef2dfcaab8786e437f96f63d2c8fc31d8b7e4c52c3b7db9fbdbbd
test/makechan.go	errorcheck	1067	2c663e8d981b2be11ff95716c4dbd908381927fb4a52a8bb6c6a243e20f02f2a
test/makemap.go	errorcheck	1328	49638bb4366360820b0272d758b6fa222e848aee1a6584cacfe06e5a09a3d902
test/makenew.go	errorcheck	605	6f54d3f282811a27500531a755620f900eb42f9ce257ad4564ed0311a2f05895
test/makeslice.go	run	5621	96c81b81346dbe0639f625fa6e61b0dbcb6e0d0b9cff1ce229c1ff9bf243057f
test/mallocfin.go	run	1204	5d069e0b64c54a874755a0d02a21cc5e024605c882794e4ee94cfba9168714f5
test/map.go	run	15270	c437cd7243e8b98cdd9f44fe4ee7771d9d40c1a216908d0d4db70ba5594fbcab
test/map1.go	errorcheck	1507	4244c7f0228f5d34c4f3ea649c50d4fb3265175f81fc4305973e6d7e3c0661ba
test/mapclear.go	run	1530	b485e9ca458c1ef046cb782e45307ea757d205fc3ac776b6c9e0e0b3c0735faf
test/maplinear.go	run	3710	1adab1df662b72133b9487a48eb25d58208388503e5fe848dd0cbede1a693ea0
test/maymorestack.go	run	1079	e20c04354952b72eb0c954c0296802a584363a7883cc114bc8b8b6f94cb20bc2
test/mergemul.go	runoutput	3236	669f549a0a889ad9a911f1092ddb4b6760e5f7c363b027acd9b0eaf1bc4637d8
test/method.go	run	5365	a61e85d056b3880ac3a35d51996deea8de96289629c8c5386530fa869643decd
test/method1.go	errorcheck	739	c5f34619b8d7eba4b0da45b82eadec1f8408ebbc5d4c4de465122a18913921e8
test/method2.go	errorcheck	1236	2381e82f78fe4532e385dae953754d0cd020990e65ab0829c70dd6232c050da0
test/method3.go	run	570	83b57262901d266aa8abc11b74d49c950d916caa471771e4be09d571d9100408
test/method4.dir/method4a.go	none	557	c2331a0714dfbffb285cf8cf8e75d3272b29c0a8fdeb6f1d478d20f81d2899c2
test/method4.dir/prog.go	none	1765	68548514fc4041a6b8ea54622810b964f603c76d8e475e1260559929c4da6da2
test/method4.go	rundir	230	076754af8e58de02674b59f6e859d6140f952ad78dc821f0b32a3c70ab74158f
test/method5.go	run	6893	9702441249b98045a8c1fe8fa3c0100fe4cb9a55bdcd17c0c1a413733273d0b1
test/method6.go	errorcheck	467	28b13f1670cbcacfad4ea5433ad64bcee4c18d9214bfd84f5d08d95bdf4206de
test/method7.go	run	1173	ccec532166719041bca198ac80914fa266646e72b2c1e466234e44d23ebc621d
test/named.go	run	4721	8798591126c4ea8b21c65eca24f6aafca213c54390018bdf927e1a6eb1c9ccfa
test/named1.go	errorcheck	984	d38434dbea6f01064ed3e86ee433d7af02da472c6f712aa4401a446e4bde82f5
test/newexpr.go	run	863	da01bc091127e1a8d8dcd4447830fa99409e3f1ce8e1dfdefcbbda5c3bfbceda
test/newinline.go	errorcheckwithauto	11840	72913ba1765aa47dbc0974cac8002e8807d25d650f49155d69714dc81ba7a66e
test/nil.go	run	2280	21b21e9ea09b62089284b1ecad4c1f5730f7437b3edbe2c9caa7c3211704a8bb
test/nilcheck.go	errorcheck	3757	eb9ea70b66daeb6d77335caeb0947ccb6c61cd7cce164420aad5f4db789ff5f6
test/nilptr.go	run	3246	593f1704c015aaa30dfd81b027c1986ebc6c77aae72791ade8516499557ac228
test/nilptr2.go	run	3686	4e6391fa21abab1c0c869f3f428ab018cc26110f7cd7d84248ba310acc5d5f71
test/nilptr3.go	errorcheck	5782	b0be922d39c83b23fb7f24d738ca59e8f1f8f9ab8f4ccedf54caf6c48145f495
test/nilptr4.go	build	428	1aaaafded6380fb839eeb5fd536ec727a3fafdf9c10cd6c2d68e5dcae020a010
test/nilptr5.go	errorcheck	990	13b1ebf85e3c4185bd6b617e259ad000d5147ccb13b58ce9bb104d4f280a8e2b
test/nilptr5_aix.go	errorcheck	993	358c99a280a4bd5434826b607942320db7d8821a03af9355b7c4aff0b13a2348
test/nilptr5_wasm.go	errorcheck	919	abd4f842151427597b48f748fa42becf8914e855c86868486b19336e3dc25948
test/nilptr_aix.go	run	3165	e96c22188e3947b07ea4096fbf1ad1132875960e095393c2c6c300519c1f33e4
test/noinit.go	run	6958	c742874f0b97640540a470e8cf5d06e91808569c5eac69abe1a042a5d9141550
test/nosplit.go	run	11565	3dc6bfda9ef2cea3be77c22fc6f0308cbc69595036fd6d6a8c7f4d02c2dcfe56
test/nowritebarrier.go	errorcheck	1345	9c6966ddc9ca56393a58b8d97049465e2ee89c40c388cd89ccc25d50c1d44707
test/nul1.go	errorcheckoutput	1261	5a7f5ef0affabed4c8b39ed0ecf99789b7f7816c47a49495473af87e81be20ee
test/opt_branchlikely.go	errorcheck	2133	c981aefd1644e4fc05ed15e9df3d9e31336e5725d80dff6d858b191d839a51ca
test/parentype.go	compile	424	fa62557739fba57187ffbd810770dbd6f1946bf727b9356addd61ba61070bef1
test/peano.go	run	2269	da58451f3c2dfd8b231d6e0332a87fa446a4485c4032b7203aad64ccbbd03af7
test/phiopt.go	errorcheck	2369	8fe9342ab5a26cbd5ff665b7228449d953985ab091fbb799469f8f131da4746c
test/print.go	run	1601	f68c785c1bbdff429914878a7d809c7db5622572d46a57ecb21bd7cadede096f
test/printbig.go	run	315	2dbd556cb54d0c9811d93d22178e076f21821d2c452a428ea0a29c0f4e42e9d9
test/prove.go	errorcheck	58917	a9f9531f9e6469d1f1f7fdbaa56a50c635e4599341d1311fe97b202da507b271
test/prove_constant_folding.go	errorcheck	1852	16cf7582889df48349cfc8e3f82115142260facf2e6e56761889362f6a09febb
test/prove_invert_loop_with_unused_iterators.go	errorcheck	234	86dd4f30633fec4e39230fa1547f696ce62b753d806702ba5b684084b39d101f
test/prove_popcount.go	errorcheck	1706	b1ca22c46253e7e1ed88b5f00f4ba535a5ca7d63e29462d9eddba013ea833b10
test/range.go	run	8334	ab3d1479aa0d07a3ed28c10642a172820ed2be4a008df547af215867bd772c25
test/range2.go	errorcheck	806	0bea2161ffc8e053adb9323d992b0e4feadc324dc928cf8296093342ba51eed6
test/range3.go	run	1305	50d9d5df8e63fa83b0e6273b41d6e623cfb81a8a28225d90ec9baaa1073fa00b
test/range4.go	run	5204	756d0d1be457e22f6efe95c579cf4f8685b6972e3a9328f1be8e0936fc81569a
test/rangegen.go	runoutput	8528	fb8d46255b7c1d1b2f4cda63fedafd5847cf160fa7a8de3802bc50d0134bd364
test/recover.go	run	10897	a6222c250b26bf904bf299e93022883453726f56a4daf1ed59aa9ea1c227751b
test/recover1.go	run	2555	771a3d4b00aae940ecbb56c765e7aa3c1964e2b770ae0a04b6fc7efdd595bb30
test/recover2.go	run	1251	f4e5ab71292999d98e8dc807f525770d4b531888fff1b06fab85a795b08c9848
test/recover3.go	run	1679	308d6aa4638d0ab5ae5ac7f6a2b52b24a9a5600549675f4da7b1fdbd9a8baa19
test/recover4.go	run	2253	cf32d5bc46d811f1775604524dba9bfea7053142a731f1113b77316c008fa7cf
test/recover5.go	errorcheck	408	66ee46c8cc2bc138158a7bfe0fd46c6a0c52182bc5611b2938991a90f9cd5aa8
test/reflectmethod1.go	run	578	63d09ab36edf93a2065d0aeddfa982c1e6a14c158e780e5c0faa07ec60826b02
test/reflectmethod2.go	run	719	8543188ec51c9fa936bdcf24f5ca1b23de4d4a256fad340c9d97489ff21955ea
test/reflectmethod3.go	run	651	31bb69871778ad54c933bc762621dbbaaaa085ae7553ef3a79d65ddacf1c3f2f
test/reflectmethod4.go	run	573	b7645fbf2639426a7197b78072e78c3604eb7382daa99f88622334a4797b8076
test/reflectmethod5.go	run	544	59d39d326063f1ca429df5f1621dd332aa5c2fe9be8aa6b7dbcdd974dccf9dce
test/reflectmethod6.go	run	555	acae492e8e98a02271040ec01615aacfb3d58140a3835f47594f39f6ef1fca83
test/reflectmethod7.go	run	421	5248a1ba9092109a0d00a98d9e3ae75a65ec797a8b2448d8526a805adc135719
test/reflectmethod8.go	compile	479	16cb5e57c8ebe9ebac2c38b87165d34c38719bc3358fcb6b0ef8d638ca53ecbf
test/rename.go	run	1558	3162a53f8e9a8aad7c46a376375d97f06bcbc18a119984b938e52157f0bfafb7
test/rename1.go	errorcheck	1166	6014442704b69c191258379b5a12d858d5c247f20bb53fc4be7471ad9ce33663
test/reorder.go	run	2339	144282276d7efd1ff22c8da361fbfb5dc375472f69340099a890bd72546fd627
test/reorder2.go	run	7389	a282197a4ed2b783bc07c53b6037f50a19c9c5761892d1f58d566f697962b91c
test/retjmp.dir/main.go	none	655	81b455a3b6f2103549fb9376d5f3d517508a13bef3913a11468cdcbfb50be0b7
test/retjmp.go	buildrundir	252	091093e0883d4f4cf5067637aa9a7e57749cc44baa441bae061a4526bda4940f
test/return.go	errorcheck	33472	de0aeeaa6c2edce7fb8c7a005bcdf34996ad38b047712bf6bdf2d2835f68e880
test/rotate.go	none	3350	ef3ec935332d40ad5aa32f2666a73ef5efa8478863295e3632a7bf9b2a0571cf
test/rotate0.go	runoutput	286	b8fb6f06dd5952b983ee8ec459dc210c698ddba105dbd1f0079dc56bfb2e754f
test/rotate1.go	runoutput	286	23d6cea73b8a4da81c93f0520123692b6d360d0c1f728172bcc4b1053e32a5ef
test/rotate2.go	runoutput	286	53aa74b6a1146334a0b6bdbc6439b11adbf152c7b20d10d41f3e6ef4e8df81ae
test/rotate3.go	runoutput	286	ce2a56cfcb5287fbd5b0871623203fa0834354f6a0341d31b9dfe7d31c49752e
test/rune.go	compile	603	7ba518588b7b4239030e63a5717f2047982ecf3d5fb700e8890d3de8a8acb73e
test/runtime.go	errorcheck	600	ac3d4e1bd45f45cc7e644c07201ee670d5b78d01b976831c47875a8729a7acbc
test/shift1.go	errorcheck	9660	6c1a3de6a0785e2bdedfb28a5186393004ffd05f90e3d298c5eb4c545ff37df6
test/shift2.go	compile	1342	eefe9e79a6c66a7f4e5bd2b02081f7aec6005258c32ff230315d4135ad176cc8
test/shift3.go	run	834	ccce617b1279e847642ce32c0e61e1f55034ae3989006c60024f385573d9c465
test/sieve.go	build	1024	476e6269e04207469da4c06ec24629590dfe4c523e3647218be766e4ec33acf4
test/sigchld.go	run	381	e28a075abda571a2d9ff85e5bf58f238925824453d5642cf21d6f01fb1b97bdd
test/simassign.go	run	1151	8fab62919c08e3d5b51ff8cc8c0c57207253982201dae98672cb6345d4c0392d
test/simd.go	errorcheck	4174	98dfbee83a5f828c7f9acef50a875e59b02f60e8224b436aff5f35f80b2b21db
test/simd/bug1.go	compile	2488	31378f0af0f369855e2d8f5dae035c24603ae048431646d9f1274a88787a9087
test/simd/bug2.go	compile	1404	9ad2d9679b37a7431316a08babf1fa2237af62846a1875c8cdaa313b4ee9e138
test/simd/bug3.go	run	409	04356cdce479279affc2076719f647d5957180c8c096f3631db4bee3ac60e467
test/simd_inline.go	errorcheck	4077	dbed2871c72f4ebea78b3c3080eedafc8581efc89b5a19d38cd1760a5bc59132
test/sizeof.go	run	3018	6c8b046ffafd2e7692ace846b221626b8dbbac08cb424ca6315a89935a274331
test/slice3.go	runoutput	2993	270788a21b1a47d0a2fb45789f0f5642d35eccc0b8d0428353ccd76f98e0781c
test/slice3err.go	errorcheck	5310	9a0d3587f69d049f0e06e6c6fb5ee51af6ffb760c333b772fc7be9f4ae8c382b
test/slicecap.go	run	1899	35e65b26eb40f2e6ed73ad50b7db10d4fa4c6691d1af11ee63b3de1dcc5a7af8
test/sliceopt.go	errorcheck	735	da0c5402a0550a2e6a1e780e5149cd4f9c3caf762995fb664ede168897345a13
test/solitaire.go	build	2970	0611a17b3299588f3a6c363a6c4eaff4deaf4201d47c49fb56aceb83899ff3b4
test/stack.go	run	1735	100f89aa986d97aa50f4dde4e3b986716a5b1e31c2edb1c00c3fd43ebe7062c4
test/stackobj.go	run	975	b0f51fb2d878a2df2cc01780a01ce2c0470eb552b7574c7cd4f179f4cd9e09ea
test/stackobj2.go	run	1588	d48d3aa2c965bb3df0aaac66491ac47551105f7917a93a2298d775bdb546dd56
test/stackobj3.go	run	1449	44281b033eb2fe626b9bed5a689cb8d4bed11431328f77d90b623e3164e170b7
test/strcopy.go	run	674	1104deacf844be15188fbcf8fd137a53cd9b5bd0f7c0a2c1f23c3723017ddcef
test/strength.go	runoutput	1044	80ddd184cdf0225a93feb292d66b325a7234a90a8e1faaf721f49586e8b05943
test/stress/maps.go	none	1818	8278a0f9ff43f744a41708fd4623e8723b4e655834087335468a3de7764b0dae
test/stress/parsego.go	none	4211	ee69ed5b82a7327d87182ac52cc57bc3088dd939841981036edc307e17d7c58b
test/stress/runstress.go	none	3636	1e0fc92d000f78171c2956ab7b5e849fe3d6cc697d1241a1400bb65a01ca837b
test/string_lit.go	run	3663	02b55dc6e18a6768a7bb38408c02cdde4facc00efff64c6925f2a8d10107d232
test/stringrange.go	run	1500	ebe1011163fe02ff2cc1bebc298b3edbff807b28bee2d508d7426d734d0b79a4
test/struct0.go	run	565	0470694406c771f2b6bad43f64a26b198a379fae9d94612c1aa94a34c8633b54
test/switch.go	run	6686	a904fb0959071ac2355cda990956d3f149bb1321d8316ead08b00093605f0e72
test/switch2.go	errorcheck	791	d7d687c3a408e37d06d7a2b250e92c49f245c94e7929dde66209fe13cc63218f
test/switch3.go	errorcheck	1265	e668eb774e3908876cf874e89bd2884b054d9f0a67a58bbb8ae72547644bd3a0
test/switch4.go	errorcheck	526	681d9f77165e59cd2137e45cb8923b229ff80c245d765a5e905c64fcc335e4c7
test/switch5.go	errorcheck	2304	485f71bf2315d4100d41036a1eeed6ae562e3ac3813a092507565375602dc6ea
test/switch6.go	errorcheck	1154	e470824aa89d63fb9e1ca36a22779c71fd017511eba952ed84ceac4d84f340e6
test/switch7.go	errorcheck	796	145fcedf2087df60f8c3d0309e73c538760fc31796e8430fdc3928d379ffe09a
test/syntax/chan.go	errorcheck	492	3225c0601630167d643330a1000fba705df0c0fd762c6a74b8ba44065661b311
test/syntax/chan1.go	errorcheck	384	8059906d6b9fffb7d8c0265bca32b3ecf704ef0ebcc16ecba2c63354b5626c3d
test/syntax/composite.go	errorcheck	304	7eb5e5b0809f968a40ec42b94c9d0ab033389cf80303825694306c9fc20b6951
test/syntax/ddd.go	errorcheck	266	7c679e4ef704e548f5aa50853638029bbace9fca6545e628f2be4aeb6a84c4ce
test/syntax/else.go	errorcheck	306	a9bce108c99c46033422f300bf092c05fec0f3353469555a59898164d84af907
test/syntax/if.go	errorcheck	304	480b2e396cb7776773606c35f3992f0d8ecbbb99d0b32995229cbc6311cf8863
test/syntax/import.go	errorcheck	243	e3fa8fe7896ea206e9b097d8e16bc74411437005bf3a7c86af566380e3d8a6fb
test/syntax/initvar.go	errorcheck	467	3499aa2b4a2c06bdbdf502e8e89a518144ce70909c98a3ec96c4aa25281cdd77
test/syntax/semi1.go	errorcheck	301	96623b52a726f18abb9193fef793bf19764edbbfa2949628888adbb7206044dc
test/syntax/semi2.go	errorcheck	280	799c107f65f903aa22a451504062361c43ce9925fadeb5acbc980e72af101420
test/syntax/semi3.go	errorcheck	305	70237bd032327c69f64bd1a716192596cb1a9288d01fb5fcee3ac3ad5cb39165
test/syntax/semi4.go	errorcheck	359	b157b81d34c06b2c6967d0456ff9b24645ab7e81b28299261732e3379f397062
test/syntax/semi5.go	errorcheck	262	121dcc0686e840f6dba42854b0c2d403db799faebb9d3867b93559ad6777e930
test/syntax/semi6.go	errorcheck	299	099697e9ae0b93c4ee1040c14d0fe47b7eb237faa505b6730168ab9aa7f4045d
test/syntax/semi7.go	errorcheck	337	6cb8ea47e3b49678cb85095c8ad4afb9d29e5c948928d5926bbd73a54561c8da
test/syntax/topexpr.go	errorcheck	502	5bcb87b2caa0a63b903e4cb4c318b5599c291dd4fa944dc84298a30aa59bac44
test/syntax/typesw.go	errorcheck	318	31dad05527ff3d3ff4c8a05de166df99f408023d0a6a027ec1a6591679b1814b
test/syntax/vareq.go	errorcheck	313	ec94d54dab799c51b86394b848c3e04494c86b1b37f76d335c4663f737fda93d
test/syntax/vareq1.go	errorcheck	361	e2268f8ef2fe3f5a1546c2fe5024807f655ea36ec1a5945508e8c97e0ed84c65
test/tailcall.go	errorcheck	805	03c3887c237054c033ec5b5d7154adc36051704ada6b5bfc53cce24e5231a0a0
test/tighten.go	errorcheck	550	98a9aaa48161dc574bba29878b2e3133594f7f7a7aebb01d581d11f0ed498b30
test/tinyfin.go	run	1603	fddc2bbdcd6fa8716584123619c6c015e1190d10feccf1561c329c1b07ec9ca6
test/torture.go	compile	7876	4bd69fa6bb13b747e25ba3845753dc920067c483de3eb08a4a99d6cbaf9c10fc
test/turing.go	run	893	423986890916aa875069877e5b900de2dff18776ad6941273984cab6403fcfc0
test/typecheck.go	errorcheck	543	1f14085848364567383c5fbdbcd602f8fee87049ec19fb428d74b8f67f832519
test/typecheckloop.go	errorcheck	528	5d819cd6d66c5f98e3c63858818d8cbeb59adc03bd9a19a8cd319b705b14e189
test/typeparam/absdiff.go	run	3019	1b45ed0822fd3a45a7eadfabc65bb932a1eda5b2d75a0999c1ffa1c9f3057d39
test/typeparam/absdiff2.go	run	3680	e514ebb094b323ec799a835546622959084159c288fde82a6ee486c2f1c9ece0
test/typeparam/absdiff3.go	run	2619	9f5897bad91aeea0601b577c814a2bbfa8f68bc3e9241750b65b7e80faa77549
test/typeparam/absdiffimp.dir/a.go	none	2190	3d3c7ff017c748e41d95a8a3cc92a488d73a7029eb70d69cf05ec88ca288172f
test/typeparam/absdiffimp.dir/main.go	none	998	5e222953a2c92c6cbb689cfba4927917ba5aaf44960ca8e23a0c554164d2957b
test/typeparam/absdiffimp.go	rundir	187	a9479d7c22dbe82085d58f275f1d94aa1b9caab62b8d5507762a10a3696a4e4b
test/typeparam/absdiffimp2.dir/a.go	none	2830	00ddcd0f3d611c3dc98246a18694d40a22e00941ec4350947b9a790d4d6f35cb
test/typeparam/absdiffimp2.dir/main.go	none	879	219580ca8068e7ebb5da265b56656f5526bb490d69c96802da557f0d01f2f482
test/typeparam/absdiffimp2.go	rundir	187	a9479d7c22dbe82085d58f275f1d94aa1b9caab62b8d5507762a10a3696a4e4b
test/typeparam/adder.go	run	559	ec0473eea4504e4cba99d2642e0718f0a1c3693288e5cd8f916db1c2467af03b
test/typeparam/aliasimp.dir/a.go	none	204	878bcdec77ad9dae724c04493a73c4b2e1a3d822629e1194be223d488e7f52f8
test/typeparam/aliasimp.dir/main.go	none	709	e3739692b703baa6bdadbce1d7a7da4583de32ce633ced44a959edf9810de5b6
test/typeparam/aliasimp.go	rundir	187	a9479d7c22dbe82085d58f275f1d94aa1b9caab62b8d5507762a10a3696a4e4b
test/typeparam/append.go	run	597	0dd711bc7400560e3a3a7f5e0421ba4a9ae753e6661d20713df80c205c559516
test/typeparam/boundmethod.go	run	2802	49da504de372191ed6e63f5ade1054f0397a3db708ac8cd6b19d051d7d86a75a
test/typeparam/builtins.go	compile	1890	555ebebd56f32afb21ce9b76695afa54a492ac1b39613521d8a5b1fda421b03e
test/typeparam/chans.go	run	8649	f12e5e375ffb42c5d57737efc48d09a781d4ebf2510211105584084dab74980f
test/typeparam/chansimp.dir/a.go	none	5606	d4b02b6adb2b99bdf808bfaf764e6370be27fafec02cb283ee1db4273794460b
test/typeparam/chansimp.dir/main.go	none	3146	8274c08ae12fa3d813910b3b914c1e891168ce9521fb6efa6bca81e104064e75
test/typeparam/chansimp.go	rundir	187	a9479d7c22dbe82085d58f275f1d94aa1b9caab62b8d5507762a10a3696a4e4b
test/typeparam/combine.go	run	1494	2a690eb4eb9fd26e88dcb46bd86a1292b37bbda81623e4bd998f899d87f4c47a
test/typeparam/cons.go	run	2032	77f3e732aa1ad72ab1ff242b5023f9e3401c506e698d490380b62c32ff5c2b49
test/typeparam/dedup.dir/a.go	none	238	e0bcb2bb375c61c0d851249500f5b651fa6dde55bdab212feb28f800e1d25e8d
test/typeparam/dedup.dir/b.go	none	268	026ee63018dde8f24115a839334be35ca79f71045c92e20b827db13c063a8086
test/typeparam/dedup.dir/c.go	none	268	7eb14acc6947e1279ee19be1bfa8c17a30d334c23ab4ec0fe857f4ce3a2a6cab
test/typeparam/dedup.dir/main.go	none	230	2bf03fd2bfbeaabf66f57bc097a10aaeac76f7d8cbf33273ab6de7f8c58a214b
test/typeparam/dedup.go	rundir	437	26238b8e57489ab613d5053aa9435948813268e8f018e38b3f07487f284f082c
test/typeparam/devirtualize1.go	run	318	901ac86c5a1a1c860d40b1a0ba62ab36ac596bf326954bef5713e386dc9188af
test/typeparam/devirtualize2.go	run	363	c6fbdbe099c6f05d653b757b4bfb36d0e74d455bd6bd9381f527c144072979de
test/typeparam/dictionaryCapture-noinline.go	run	1850	b1c80f0aaa5c70dbfa7e74b8a34919c66d0ad4980e85441ed759dccdc2a938d0
test/typeparam/dictionaryCapture.go	run	3341	287bfc8c5ae15a236b3602e04c64ea90518835d855ce5f217ef3e8bb99428dfa
test/typeparam/dottype.go	run	1390	e373826c9913e2a760727a5bc5a93a3b7361a1f15cb091cf545406445aee6646
test/typeparam/double.go	run	1580	a8c997267d52b92431b17b54d1c222431eb8810c3c88b6fa141d0eca6c97f442
test/typeparam/eface.go	run	1142	30d12212944508b6506229e18a8948789646474f98314a427e7c7d1557cb3f06
test/typeparam/equal.go	run	1318	1ffbc7e29dc30d3f165d2ab91deb56a6fe1605680f4bd73adf7639686d3f8809
test/typeparam/fact.go	run	618	783afcf7c1ee25e6b73635cc8182b1e77649600b125bfdff2c5bc60893727b37
test/typeparam/factimp.dir/a.go	none	279	fe03f6da7cd40c0fe74cd2a24926539e09e37d6cef8ff3730a36a78bbdc2b898
test/typeparam/factimp.dir/main.go	none	516	0956fe27434e3e606985b0b074e6b67f7a398bc82b3f9eb655383844702aebaa
test/typeparam/factimp.go	rundir	187	a9479d7c22dbe82085d58f275f1d94aa1b9caab62b8d5507762a10a3696a4e4b
test/typeparam/gencrawler.dir/a.go	none	412	30189b9207fe2523933af6a893f64e88f0a2a043bcad9dedf25c7375a456623f
test/typeparam/gencrawler.dir/main.go	none	234	8c69ba28d701c58b89afe0b07cf38d77c26f69650da88c9926bd977df309a000
test/typeparam/gencrawler.go	rundir	301	5f73f7b907dffc25165ede952a21911cca343aeff75da25673530e5e4363b897
test/typeparam/genembed.go	run	901	877efeb2d5b56926798d095e771a2f67544819374604c9b177ec50e9e818d292
test/typeparam/genembed2.go	run	801	7143a8d71feb7a79ae8056c99fe3ed9624e7980623cd1d8c34701114be9b6156
test/typeparam/geninline.dir/a.go	none	799	6339ebce910c05162d7c5d3c5ad19dae036499facc6780353b19ab12f5c07913
test/typeparam/geninline.dir/main.go	none	342	36ca91d001e6f6e03d469cc0ab3d8a6a50cd0eeb6af33652f2cd69296d84cf23
test/typeparam/geninline.go	rundir	187	a9479d7c22dbe82085d58f275f1d94aa1b9caab62b8d5507762a10a3696a4e4b
test/typeparam/graph.go	run	5864	0e16c7eb44ec9c54e0c54d54dc33d594197195745017626a42a1ac9b14354dd0
test/typeparam/ifaceconv.go	run	1712	5c8bb5a3f20fde8e2f6aef634ea266a5e17f9046c42b4d4a8a866791d64d339f
test/typeparam/importtest.go	compile	319	c3b5a2f500177191129fcfcf8d8ec08d9c7a557e657fd6e4451b363f5cad544e
test/typeparam/index.go	run	1586	122d759f682e99e217f5d57beaf772272c57b78e3cae5d10b16c0ad0304985a4
test/typeparam/index2.go	run	1561	bfda72eb2834d3d7116973b15fec194a402c58f0ecb84b9773ee17ab1cfa072e
test/typeparam/interfacearg.go	run	692	2f7bb66249dd391b5d092a63f84b76d45e35fd7b2e0f1decb7c35b97dcabaf22
test/typeparam/issue23536.go	run	556	18578221dab04280390755019c4e064abafd9d69ab00b05bd7beded5a1493823
test/typeparam/issue376214.go	run	401	e93b2de83bb754cb2013ba510ff34f1a128c52499acd4b771d6012757d3f58b2
test/typeparam/issue39755.go	compile	593	7b513e49a30a2523fc79c6e2fccf492666f56586fda4128e7a189776a207fd2a
test/typeparam/issue42758.go	run	363	5a64f4d7c93f5d6062b6461cb619ac5b1d844905e5ed44931cf69049d167e815
test/typeparam/issue44688.go	run	1981	28f3deeac14a339b1a51ceb6af4b829fac521c929013a3bab78bc9d8f4b4fb43
test/typeparam/issue45547.go	compile	471	c12c6c89d2c545369c4f433c52313d3398e4fd4b3cf806dbbf73c17d32512f01
test/typeparam/issue45722.go	run	562	a157d1e927ee98d918186eb42e303633f7de92c4504782cf293ba0c32e30df73
test/typeparam/issue45738.go	compile	290	fd4fb6a41ab9791e27b89f994562548add4e3b2e02eb612f0121748c35309322
test/typeparam/issue45817.go	run	406	63f473c77999437d198c0dc2c5ee3e43dc305c31fecdf894dae405e2fb9479da
test/typeparam/issue46461.go	compile	263	35da6274bce86c6045ca91ecc7800370cfef00ff1aa5d5f98485d9baa79803bc
test/typeparam/issue46461b.dir/a.go	none	207	d2f15053cb1d624a89e10d15d1f5abf4a914a298814c18f50ac1d1fdd1d1fc8e
test/typeparam/issue46461b.dir/b.go	none	230	c6f8732c0ee419bc182027a37ebe2d7039e953c3003b48696f7d9ea7fbdda3ae
test/typeparam/issue46461b.go	compiledir	191	47539505b1fa7ea4cfd08d3f136b171789b21b05948e41bb74f8184ce84a6219
test/typeparam/issue46472.go	run	339	36a832a49516343b501199e6103bb3c0631d5a3a42f0074243b882a61c4e0fd8
test/typeparam/issue46591.go	run	347	751c7d6db783cec65f17003d0ef0b57d7637a33c92a05cd731d5725617096bcb
test/typeparam/issue47258.go	run	686	8562056934a57658ef97d06c80fe7caf1229877faa066a0bcddb35ecbd4e4ad2
test/typeparam/issue47272.go	run	1071	3836410949e6e4a77c081734d158600f8baafffb5c804af546156825d99a82b4
test/typeparam/issue47514.go	run	373	2f47d4ba58bb40b2420c779f552a7c877a9cd5e947c49fc12f6ef36ec005b042
test/typeparam/issue47514b.go	run	336	e638a064c657b1aa66e684d8dbe8c5f486f677e3029874d0b7872290b6bfbc29
test/typeparam/issue47514c.dir/a.go	none	50	c725f95df30fe221b7f23e35c1c7375c59fcce97c864bd1e2d2c9f21923217a5
test/typeparam/issue47514c.dir/main.go	none	91	c7561752879cfca646daa5c385bb640ce4d3055fec030a91d6bbf52be4dca386
test/typeparam/issue47514c.go	rundir	187	a9479d7c22dbe82085d58f275f1d94aa1b9caab62b8d5507762a10a3696a4e4b
test/typeparam/issue47631.go	compile	385	bbb853e4cbc559995054965ab1af759a26b6418b267533b2e08b335cd9b2ab32
test/typeparam/issue47676.go	run	452	86586fb70a0b1758f18805135b250f4c39f424f68c8fadc0a723063779729c82
test/typeparam/issue47684.go	run	299	83fe879ea510116446fab36edb9f31bdc013a50d527abbc271322184a90050dd
test/typeparam/issue47684b.go	run	395	1124239afd8c9aa887c87ee7bb952dc70c9dc0d7e3cf2b5a77672252703fe0a4
test/typeparam/issue47684c.go	run	317	d4a847b2227cd2f4ca2b93878bbe74e005df90b2965a0dd721f0873798c1fa4a
test/typeparam/issue47708.go	run	934	a5048d3b8ef8f672a55985d0bcb8345be42bf9787e84cc184fef97f21b7a0c2f
test/typeparam/issue47710.go	compile	398	eda0499ea16300a4cfad9345a2754de26361f2ddfa9538d37736a22dcf3bc237
test/typeparam/issue47713.go	run	888	36f8980a46448760556352bc88576b850cb7ff9a16d6d519ad30b71837a68355
test/typeparam/issue47716.go	run	1673	4f62cc9410cbec068fc91b172903dfb83188c7b69121e45bfd64a58365a309f6
test/typeparam/issue47723.go	run	350	69b0a9c973eb5135862b98afab23ff7c415ac6f658c6a0c5c61def3d46ca8733
test/typeparam/issue47740.go	run	1008	233989e0333635558339d895c6a7d9bd7c0adc824a05671a7fdbcab13a937044
test/typeparam/issue47740b.go	run	358	f4e247ab52e2fc4e5cae3b63131c7daae11f7f7cb55ec867cae6ec882c11bab9
test/typeparam/issue47775.dir/b.go	none	298	226067efa013e656ee0440f7dedc66047eb010928e8bb144fe20b4f25c24b79e
test/typeparam/issue47775.dir/main.go	none	218	622c70f9a39e9d1c6eb24d2790e69206861b3257effe87e596985bc7497faae9
test/typeparam/issue47775.go	rundir	187	a9479d7c22dbe82085d58f275f1d94aa1b9caab62b8d5507762a10a3696a4e4b
test/typeparam/issue47775b.go	run	370	9512f3e85315c489dc56824944ef128e8b544ec906d8804a853bacbc37871e66
test/typeparam/issue47797.go	compile	338	0ddfe68516b3012d52c7733aaf1589908819af76cf10d6137037a00555addb4e
test/typeparam/issue47877.go	run	444	53ce589cf41e6525f8fdf472eecc050bb795b02614ffa57d6e0e8683202372bb
test/typeparam/issue47878.go	compile	802	8e3e16d70fb1a98757bad42629d3b39aa5304e60efddcfc00839c5339ee530a3
test/typeparam/issue47892.dir/a.go	none	281	4007af7eb33518631e8e51621919bfb7a9bf7a060dd8f231aa05ea42b66c74c3
test/typeparam/issue47892.dir/main.go	none	380	0bb18a987cda828e3b918a44fce96f81a8bdf36db681d9bc454beefe6dfefb88
test/typeparam/issue47892.go	rundir	186	3360d2cfc7c41c001b43668cc83994eeec19d48786b6a4e3d79ff8cacfa60c29
test/typeparam/issue47892b.dir/a.go	none	436	56f60b9d696e93f3ebe92611c9e8c773cc1b31edb12018a0c1e7173ec4680210
test/typeparam/issue47892b.dir/main.go	none	279	6a30cdab8eb07b723fc4ff27de77dba4b5adfd4c8de07595b91d3d9389e2a5a8
test/typeparam/issue47892b.go	compiledir	191	47539505b1fa7ea4cfd08d3f136b171789b21b05948e41bb74f8184ce84a6219
test/typeparam/issue47896.go	compile	1474	ba658ca8106438d69105ae487261dd7f0e4355660810619ce6e27baa508b86c6
test/typeparam/issue47901.go	run	372	3fa7466213470dc86cf99aa712602cbba52616532f39645911cc59ac4ffdb05e
test/typeparam/issue47924.go	compile	296	70061e24d1fed28e2fd9915300af67ea7bf01f90c3a5d7e86905f564287457b2
test/typeparam/issue47925.go	run	363	ce11af3d87aae095e646b3bf7456cd666821afb09420360e0e2ba79e831f2cee
test/typeparam/issue47925b.go	run	486	bfe2c7ba185644330238ee4e67d86c75c8a272b44fa3c2fab7be4c34fa76c318
test/typeparam/issue47925c.go	run	520	230e4d8260920441fe73225098483055f5ed686e0153d7f047241c82f24451a4
test/typeparam/issue47925d.go	run	687	567ecf4f0ebc6eec213c78e05e50459fd5d08fb61149c93db01c38e66e388749
test/typeparam/issue47929.go	compile	530	a6476906af24e18791c89ed90846613a0d9c87491ba41a3b20727bd30b1e8295
test/typeparam/issue47948.go	compile	272	6cb6e57e6c3a8f49becd96ea2ac02b8a9ce6abdab232323d5dc2ea2151d74cdc
test/typeparam/issue47966.go	compile	201	c435720a567fef4b33bc909847b4197fd9baec00d6b2992b7c28a8aa39c02bfc
test/typeparam/issue48013.go	run	616	b2b9536c33bfc376af8d1ccf6ede1fff3d86e55f0f1282f9c965b93c6126b801
test/typeparam/issue48016.go	run	574	109e762d3a29ff94ebcd975b9ddeca7dcb470a33172d897c970bf968a22ab4d0
test/typeparam/issue48030.go	run	481	df69e2263738fe596067556ad91c6cf48251463431f1bf449c8c4c3307a5dafa
test/typeparam/issue48042.go	run	1320	49fc0edabdb1fe550b6eb3599d5c35c8b677348a3112f84d45d9e0ee4e2f718b
test/typeparam/issue48047.go	run	427	1ca1283bf4301737371faac92fda150be6e00ec28e72202a66141716744dc52e
test/typeparam/issue48049.go	run	493	975fbece8d77835bf135483b2f84681c8245fbbddc1ffe61c21607f00c88d1f3
test/typeparam/issue48056.go	compile	398	7cdecef866c0c2a924538f383fa5dc2695092ee7eaeb4a21684910d5f6b7c07a
test/typeparam/issue48094.dir/a.go	none	429	e03b6b9cc1a50d917e660cb17e2a118405d2294b7149d813777edf0675f73457
test/typeparam/issue48094.dir/main.go	none	373	f25b74bf7769696889244162a567ceefaa7c44e5dcaf9e2d908844b7ca0e3185
test/typeparam/issue48094.go	rundir	187	a9479d7c22dbe82085d58f275f1d94aa1b9caab62b8d5507762a10a3696a4e4b
test/typeparam/issue48094b.dir/a.go	none	211	40ee720a0de7e0c1054cf1e6bdd4368e2f6b20f62373c56a0497f28fc5afbe76
test/typeparam/issue48094b.dir/b.go	none	204	09a6507e560a5c26aa5232cb676f77c317572134aae4c7c5286a26ebb1bac24c
test/typeparam/issue48094b.go	compiledir	191	47539505b1fa7ea4cfd08d3f136b171789b21b05948e41bb74f8184ce84a6219
test/typeparam/issue48137.go	run	365	c5fb0284a47bad1fc432e43a9138229e99803b869a771ddd4be7ec186385afa5
test/typeparam/issue48185a.dir/p.go	none	444	36d2acb3581670c895cb3c73a7cddd63e9f04c46d898d8e44452ed5c3c3e0b5b
test/typeparam/issue48185a.dir/p_test.go	none	277	77d73ca951aae92c90da702561359217bec338ac47544fddf94e209afc7ff713
test/typeparam/issue48185a.go	rundir	187	a9479d7c22dbe82085d58f275f1d94aa1b9caab62b8d5507762a10a3696a4e4b
test/typeparam/issue48185b.dir/a.go	none	1031	7e94db813767d34b44eedef5ae0b631d0c5eb112ef79152cf213933134bcd7d3
test/typeparam/issue48185b.dir/main.go	none	395	278b984669a408bd5919b222287f62463eee6c29985a9c32a1f058ad7a1de917
test/typeparam/issue48185b.go	rundir	187	a9479d7c22dbe82085d58f275f1d94aa1b9caab62b8d5507762a10a3696a4e4b
test/typeparam/issue48191.go	compile	9963	b5f79d8ad2f0060c83de3b13481d1f5b4f30624923d068c9c452e019127bd580
test/typeparam/issue48198.go	compile	372	d64eeafa43ec9c531c39a3927092f7d0241d4197e880852ec074a726494fa146
test/typeparam/issue48225.go	run	610	db43001bdcc13ab36bce1924bc60dc93ffbb56a7e7ac748fbb0d135fce444aaf
test/typeparam/issue48253.go	run	551	34b8571a861ce6a601cdd0d4d488b96599c2a24cb867ef26499769349fb9622b
test/typeparam/issue48276a.go	run	337	2499cbe129b772ee62b017d366e1ac962462e59e55c31b2935a2cef56d80969e
test/typeparam/issue48276b.go	run	266	ae76dce044e977dc594dcb112cb4643cff54eae62d33dea3a1aae349a80845b4
test/typeparam/issue48280.dir/a.go	none	224	41166508e89df6f4e6634843ecbc6242dcd5505413f842d46c367068cb87b8bf
test/typeparam/issue48280.dir/main.go	none	215	1f7ddb1f65e32a650845d9a108f771bc61df9aa505cc52dd0dcca0e87294c4bd
test/typeparam/issue48280.go	rundir	187	a9479d7c22dbe82085d58f275f1d94aa1b9caab62b8d5507762a10a3696a4e4b
test/typeparam/issue48306.dir/a.go	none	207	85ef3d6d28d850835af7314499535d0b1bb2bff682073e4ef3ad743fe174a06b
test/typeparam/issue48306.dir/main.go	none	276	ee809bc50a48ce93766226ea44d91523b4326cf717d89913457515d1cb1de019
test/typeparam/issue48306.go	rundir	187	a9479d7c22dbe82085d58f275f1d94aa1b9caab62b8d5507762a10a3696a4e4b
test/typeparam/issue48317.go	run	648	0e1161b5f74aa6f421461b27fb8f1cff10e37f6a523dc1fa0ded62ddf935555f
test/typeparam/issue48318.go	run	581	c774e321df71e095f5df985447af3f74e9dedd88eb139d3e923398eb46653e4a
test/typeparam/issue48337a.dir/a.go	none	551	371ab642e592d56c78bd78d3ec2d54ccefadfa24a216d5988b25ee7e532adf74
test/typeparam/issue48337a.dir/main.go	none	284	fae02327a2974aec6c6023be08e4454c6108aa0f7269994954e70eef4abf6060
test/typeparam/issue48337a.go	rundir	187	a9479d7c22dbe82085d58f275f1d94aa1b9caab62b8d5507762a10a3696a4e4b
test/typeparam/issue48337b.dir/a.go	none	508	0202b811d2e980c1e7e083beec88bef711cc03afb137ce2321ed4049130292b8
test/typeparam/issue48337b.dir/main.go	none	226	7bc32132fb4abe2a7aab24fe920faf507736225eb4f8d715aeb62e6f4d33d1e3
test/typeparam/issue48337b.go	rundir	187	a9479d7c22dbe82085d58f275f1d94aa1b9caab62b8d5507762a10a3696a4e4b
test/typeparam/issue48344.go	run	360	cb09cc60fb11b606e57ee391361b4f9e181415b6a1f15b13a1fd7346afd30336
test/typeparam/issue48424.go	run	916	abd0059640afa634b0ee3fa1e646d08b1a521b984cc2944201cedcca160a0823
test/typeparam/issue48453.go	run	393	057bf15d94c522e6784d22ba9998ab820bb64e740f6f68a252e05d2697397b3d
test/typeparam/issue48454.dir/a.go	none	280	83d9399a10752ddaa92abeaad81d4277a4e9f39c73423d45e8e3ec0529d3cfba
test/typeparam/issue48454.dir/b.go	none	237	ec714ae83af40b9e90322ce6e639e99b79368c5c380a71fd02f18b56fb0de463
test/typeparam/issue48454.dir/main.go	none	221	59ea707fd8af8bb79432fd99b015da9571cf2d8408d2bf648371b45304f1054a
test/typeparam/issue48454.go	rundir	187	a9479d7c22dbe82085d58f275f1d94aa1b9caab62b8d5507762a10a3696a4e4b
test/typeparam/issue48462.dir/a.go	none	383	5795d5bab59c51db78af4d1fbffdbf8a1dc844a3bfe71e7bef5a749d7d80c255
test/typeparam/issue48462.dir/main.go	none	397	ce31ad9e2e0b622a58d59af9ba084ec005bf71a64338db278edf08e4627eae74
test/typeparam/issue48462.go	rundir	187	a9479d7c22dbe82085d58f275f1d94aa1b9caab62b8d5507762a10a3696a4e4b
test/typeparam/issue48537.go	compile	295	65d0f67c02ae898d313f777159044a63c66f3ebd4672af9a9216c5c78459f7a3
test/typeparam/issue48538.go	compile	790	0418be5cf903d7b9a8f811eb85730e4bc07fedb44f2648b9930ba64d8b2a0625
test/typeparam/issue48598.go	run	475	0c3dd6f68ec8b3840a045d2afd7f81b572334f14f6cacf9eea21f637a94a9841
test/typeparam/issue48602.go	run	414	1ef8be430e81116400332ecda06270c1c0953d5fd86ac832d959e28757a91bd4
test/typeparam/issue48604.go	build	396	65927f885c9879687b1a5e571b16b547d738e81539102f207b839cfa9722851b
test/typeparam/issue48609.go	compile	291	1bf1fbabd5455ff27f2127bf600761758e6603759abad85925f08e9a7a0a3c79
test/typeparam/issue48617.go	run	446	e43902d708a302205ffa96819298deb6a6f2562a30ff3459d8c182ca4cf95857
test/typeparam/issue48645a.go	run	510	24224b758d49b324ddad56ea6774db692b678e3f9646014acb596599bf8aaeb2
test/typeparam/issue48645b.go	run	1481	1949213a133edc1c3d43a5815cd4b776ccd7fccffdf41ba62606f05f22b753c4
test/typeparam/issue48711.go	errorcheck	342	5b8b112f4fd2ab92d000fb315065acb240d39bf42a0c0f9e86d7e33b5aa5583e
test/typeparam/issue48716.dir/a.go	none	861	0056691b38b2d2f7d52274d3a3a1f3511c660d1fb544251375486afca57869c2
test/typeparam/issue48716.dir/main.go	none	1021	f267206cc078e31987168384a56a028f333dac7775068fababca20d730e60d03
test/typeparam/issue48716.go	rundir	187	a9479d7c22dbe82085d58f275f1d94aa1b9caab62b8d5507762a10a3696a4e4b
test/typeparam/issue48838.go	run	467	d620e3564b9dedd7beb965d170ce87926f6584abd42e3b5d0b27e0ebea8057e3
test/typeparam/issue48962.dir/a.go	none	307	6f6576b231861a547416588508074470873a0d1974200ff53e1f0f4ad3eb6207
test/typeparam/issue48962.dir/b.go	none	1383	697a1af91f76a18d1eae5b4520a456c4ac25b4877a92787bef2e91736d4a0c90
test/typeparam/issue48962.go	errorcheckdir	194	da624fb58c8f55f896d3bc26422c3015b8ff75ab1e9948452ce93e8d37b7653d
test/typeparam/issue49027.dir/a.go	none	871	1ef350120ca47697ea0a7b877cb4821e520f341b25241dfc8b00265e1c32a397
test/typeparam/issue49027.dir/main.go	none	617	d663c7c3a890319ad444174e06d32550520ab8b8f4fb78062f84a90e693b9606
test/typeparam/issue49027.go	rundir	187	a9479d7c22dbe82085d58f275f1d94aa1b9caab62b8d5507762a10a3696a4e4b
test/typeparam/issue49049.go	run	354	018f1d787da1c7e25968a831d7df591dd966ddd1f1fb6e6bcb63d917f2cbafd9
test/typeparam/issue49241.dir/a.go	none	229	46df7a9c6cdb94ac8162c495b4bc10bafd545fd2e88ff49f42827f7a03e448e4
test/typeparam/issue49241.dir/b.go	none	312	88d12941cac5fb2eaa9f767f4482cd77c8c331d52fb3792a6962e6e953882ed2
test/typeparam/issue49241.dir/c.go	none	312	0b90e7d8d146915fdb85d02989c4fbb4d5f08210286ddf8fc137700e1855ce39
test/typeparam/issue49241.dir/main.go	none	342	064c5e224d5f8d44d2b320a415ddca5fc11561699030ad4ca5be5aedbac2330f
test/typeparam/issue49241.go	rundir	187	a9479d7c22dbe82085d58f275f1d94aa1b9caab62b8d5507762a10a3696a4e4b
test/typeparam/issue49246.dir/a.go	none	429	85432925742f7bb515259936f1a68c362d018bee596677e491ef3eccc637cf5c
test/typeparam/issue49246.dir/b.go	none	213	b9e1b2307ccf12f4b580800d4b41b4cd18806a679726a4164a9c5be9536a62f8
test/typeparam/issue49246.go	compiledir	191	47539505b1fa7ea4cfd08d3f136b171789b21b05948e41bb74f8184ce84a6219
test/typeparam/issue49295.go	run	542	af49295a0470ea84c18ca83afd0ab32d4bbfc202aad3e2f45959d0c239c70311
test/typeparam/issue49309.go	run	367	c4ee0326eb89d4adb2ed83d5c03ea3090303bb388676d60a421649118e6c4ec4
test/typeparam/issue49421.go	run	392	9914930878e2379fd85c2dc6d8f9e31269ecf1746a7dee2c8cc4579626dffb3a
test/typeparam/issue49432.go	compile	387	06ebdb566a8f25235c1847882fdbd5be5698fd86d1ebaa94a84def2da39ac7df
test/typeparam/issue49497.dir/a.go	none	365	a389aac60e863cc42939defb1e3f4c97014be0c5cf9834e61a3f9711ad4e28e2
test/typeparam/issue49497.dir/main.go	none	219	114b69f13d7478294faeae4388dfd65cd2ca714b01371d7ef25cbf0c861b442d
test/typeparam/issue49497.go	rundir	187	a9479d7c22dbe82085d58f275f1d94aa1b9caab62b8d5507762a10a3696a4e4b
test/typeparam/issue49516.go	compile	423	d61aa8e3a2127adf37d00e0029d8d14816b84f81dd845ead6b8775e96645a129
test/typeparam/issue49524.dir/a.go	none	191	29e60fbe7a8a3af562e3fa73820c0a1b10e640f8984afb150cdac69a52c8fa05
test/typeparam/issue49524.dir/main.go	none	216	dae8eeee330285dc8d5adb114758cf11b8ff08a0a7bbcbe61c2670e740dffb44
test/typeparam/issue49524.go	rundir	187	a9479d7c22dbe82085d58f275f1d94aa1b9caab62b8d5507762a10a3696a4e4b
test/typeparam/issue49536.dir/a.go	none	317	c399a1f85c967f6998fc0041b9a3d744b97160c9dbc9aa3563874b2777812e17
test/typeparam/issue49536.dir/b.go	none	199	09f2c943aedb423f7894ab627a9804c8c8cddd5cbbf5c5425b5e17144eb3a9bc
test/typeparam/issue49536.go	compiledir	191	964e1853b653b9c6cf3f9f3cc32e98fb57066d0b1fed3e934976634aff087f2b
test/typeparam/issue49538.go	compile	337	e8d433d42cbd893947fbaeee8e4ef9806eb46de6870378ff5783ad881dbc230f
test/typeparam/issue49547.go	run	384	da8332e92567be969d5d78d3ea9e2a8b93d34e32e04174d2ce4197b830656f23
test/typeparam/issue49611.go	compile	211	9861d628310924515ec165d1b4e3f9dfc0b726792c5ac540ae120437885e3e3d
test/typeparam/issue49659.dir/a.go	none	236	8da7794d9094d3c4b13f9165ed2e804ab10b1685ad4f2695c2a8838cede80738
test/typeparam/issue49659.dir/b.go	none	252	9015b35efc6e9832cddc5fee515d9423e672fc30dfa2e92f5996ad2e5de535ba
test/typeparam/issue49659.go	compiledir	191	47539505b1fa7ea4cfd08d3f136b171789b21b05948e41bb74f8184ce84a6219
test/typeparam/issue49659b.go	run	492	338de923f73ab7ec8559808b50eecf15e70d2310dc5b04c4f1d07ea1ce46fb68
test/typeparam/issue49667.dir/a.go	none	226	db6cfc780a35c1a6b6f7099f3593f91ff19e68a9219adf5e502f51eb8c5c5079
test/typeparam/issue49667.dir/b.go	none	220	145bf9b6bacd420f3afeb6545024c6a3ab51fb1db26eaada64fe25c3db6e2f74
test/typeparam/issue49667.dir/main.go	none	220	6e8e76016306aa556abe93acb2ec18441f4b3d042d586c1b42f64a7d443978b8
test/typeparam/issue49667.go	rundir	187	a9479d7c22dbe82085d58f275f1d94aa1b9caab62b8d5507762a10a3696a4e4b
test/typeparam/issue49875.go	compile	256	e79a5c9f41ff9afb0625277e0908ef3a9fe09b9f47e559f41be630083f904c72
test/typeparam/issue49893.dir/a.go	none	306	20050ddc84651b5f852c8ac55310934d85b5ed86bdeb5807fe93773c67bca14b
test/typeparam/issue49893.dir/b.go	none	280	494b9d4c60faf66652ca5a9bcb02cc1804b0c14d3c393a9eee517c3bc15c9e38
test/typeparam/issue49893.dir/main.go	none	266	2c9622de648fdd4e5a4aa37675fb69b8c549543b50634cb17a42522343e03eba
test/typeparam/issue49893.go	compiledir	191	47539505b1fa7ea4cfd08d3f136b171789b21b05948e41bb74f8184ce84a6219
test/typeparam/issue50002.go	run	1299	9c1129dc938faeb8f7129f6067d420a2aca896124c25960550830a2abae49b0f
test/typeparam/issue50109.go	run	2287	15ded7eabff56b9ce509c413e4c9c2dc2d751f44ca2638f3d8432655b947aae5
test/typeparam/issue50109b.go	run	390	449a97d91dd52319c59d7700cb39169d2d95d1caf02ea0f933d205c58e83d4f5
test/typeparam/issue50121.dir/a.go	none	495	1f24a3e411564860557651a3acc04df76c03aac0d6819b48afd7bbefdb7e2f0a
test/typeparam/issue50121.dir/main.go	none	281	97ccc51343b4fae89a7f160974889f24a9f8d7e6691f2138e3e2009c7859c23c
test/typeparam/issue50121.go	rundir	187	a9479d7c22dbe82085d58f275f1d94aa1b9caab62b8d5507762a10a3696a4e4b
test/typeparam/issue50121b.dir/a.go	none	379	3935b6ae0c9dddd161b780e2eeb44ae7e75d1f66f01ebe19e97927d14b1ec888
test/typeparam/issue50121b.dir/b.go	none	224	a2a8e0bd08dbc2c713379a306366facf77c3d9ce7a885df06a989796536f1ded
test/typeparam/issue50121b.dir/c.go	none	241	f1eae332d6c97122996e3e53cb0fda165a0bab98362764d7de8347cbb4cf4657
test/typeparam/issue50121b.dir/d.go	none	235	fc3b28fbc6b5238e5c786310953652c19bd1c6c12b1ec04099314d583313471f
test/typeparam/issue50121b.dir/main.go	none	159	30488a7810417dc0b992507695501174565950a1ee8787b5817a56529b300669
test/typeparam/issue50121b.go	rundir	187	a9479d7c22dbe82085d58f275f1d94aa1b9caab62b8d5507762a10a3696a4e4b
test/typeparam/issue50147.go	compile	241	2aa9e901335edbcfd566677864ddad66c7cae3349e9544add66f7c4ac5650de3
test/typeparam/issue50177.go	compile	2063	2b8c969efa5302bbc24e5bafd6ae93a6292cdc460b1ec09cf1fb8677c439d195
test/typeparam/issue50193.go	run	599	52a407367a966bc6ac14c4ea17ed124137b9413e50ef02bc9ae47471da891c3b
test/typeparam/issue50259.go	compile	244	429ab7a85599ca01a6fd466cf3c983a20460d38510a4c011a440888b89067509
test/typeparam/issue50264.go	run	822	93393cf3250971b8487aebb87f7b96c4bb6803c0f905f1ab1c42f5aa6544459a
test/typeparam/issue50317.go	errorcheck	317	d4ee05f0cfc5b058ef4ad7179c3720cea3fe6b56d8f0124a921439ad97e0d627
test/typeparam/issue50417.go	run	1584	694940f4770b3792debd32341ccb5490976f95d89683e34d8383a20c02924f6b
test/typeparam/issue50417b.go	run	921	c54b9b2febc3fa12090a84ff58ce4064421ab2563aeff0cec247f4cdfd26e456
test/typeparam/issue50419.go	run	689	ef0da1870862717030ffd09f2b4ca4cdd965485ddced54179eded9d3f2973e69
test/typeparam/issue50437.dir/a.go	none	935	9ce7d8f8fa99fbd2aa4971d8feebbfafc72983aa36d6ad1c01b789c9e59d6faa
test/typeparam/issue50437.dir/b.go	none	224	59b8ae63ce66fe01784b6b712d960552c39b59fae4482315b418baa5f67011f9
test/typeparam/issue50437.go	compiledir	191	47539505b1fa7ea4cfd08d3f136b171789b21b05948e41bb74f8184ce84a6219
test/typeparam/issue50481b.dir/b.go	none	338	c1e3d56d8bdd4d061f7653895fa7550e713cbccbe0213e1c94d9581763d62d95
test/typeparam/issue50481b.dir/main.go	none	559	a5327e0175fcb50989af3cdd367c87c9f7696869979c509245eb741706319931
test/typeparam/issue50481b.go	rundir	187	c367e24723070d9d4b38599e0b89ab697cd10cc4f07b3d5afacc0c182e789a89
test/typeparam/issue50481c.dir/a.go	none	419	769e170e19ff49737bb93a562f8244d4a8ce007df37935b72b592f5a9b18bc0a
test/typeparam/issue50481c.dir/main.go	none	408	1835107d1d60a57df7781ffb00b75f510490eb45e9650e28c4d4eeaf5eb35e1b
test/typeparam/issue50481c.go	rundir	187	c367e24723070d9d4b38599e0b89ab697cd10cc4f07b3d5afacc0c182e789a89
test/typeparam/issue50485.dir/a.go	none	4474	6a172fb998235e0a23e4591956180596f0d9fe6b48a7f8ff6888f7b714855d27
test/typeparam/issue50485.dir/main.go	none	82	b90bb3e57dae843b4760395a18858036780b42a65a7ea71e452b75f5d311b2ff
test/typeparam/issue50485.go	compiledir	191	47539505b1fa7ea4cfd08d3f136b171789b21b05948e41bb74f8184ce84a6219
test/typeparam/issue50486.dir/goerror_fp.go	none	1251	1aa1e46c227a216b2126cabcd9e4542e93cd188b32183e19654f4a503079ac9e
test/typeparam/issue50486.dir/main.go	none	248	ab05d34d177069abd63a3d621aca0e85d92ded73b318c8f1b062b99ce679747d
test/typeparam/issue50486.go	compiledir	191	47539505b1fa7ea4cfd08d3f136b171789b21b05948e41bb74f8184ce84a6219
test/typeparam/issue50552.dir/a.go	none	196	41d3dcec22d1cea319a01acd6800375b897996287809de8b5f198b75f7a17859
test/typeparam/issue50552.dir/main.go	none	362	ec5654261d11d3d26cc074be324619fe7334212de9b31a450b76c0bfb92f8f88
test/typeparam/issue50552.go	compiledir	191	47539505b1fa7ea4cfd08d3f136b171789b21b05948e41bb74f8184ce84a6219
test/typeparam/issue50561.dir/diameter.go	none	1827	f4bcb1906586e372d9f9a76239f2d6a1a2897bb1571421abafb947dcb52b01a3
test/typeparam/issue50561.dir/main.go	none	268	c76b42b98096605dbbb7bc94cd8f0eef43763b46ecb04d96b8383be5aa1ccd47
test/typeparam/issue50561.go	compiledir	191	964e1853b653b9c6cf3f9f3cc32e98fb57066d0b1fed3e934976634aff087f2b
test/typeparam/issue50598.dir/a0.go	none	398	05311580fda408b1b6de769bd9518d28a45c8063883e9475be8b1b7cd3aa914d
test/typeparam/issue50598.dir/a1.go	none	236	d0b5120b25325aaf12e7a512d45a163b15898bc1e5454b2c4c7d9fabd167f86d
test/typeparam/issue50598.dir/a2.go	none	239	2044913b6638837c393c5e9ae903ebe816b5eaf6b22ac06e29470c6d17d22a70
test/typeparam/issue50598.dir/main.go	none	369	eb17d828f82ee10b501329c741b2b8842390bbca732055e764c71541841d7bb9
test/typeparam/issue50598.go	rundir	187	c367e24723070d9d4b38599e0b89ab697cd10cc4f07b3d5afacc0c182e789a89
test/typeparam/issue50642.go	run	1013	902cf803fc7af09eecde48878ca6aac37c3e159671b58d6ae8fdeca7e98fe4f9
test/typeparam/issue50690a.go	run	1682	63eed8a751629fc49783f276595af27f51489205caa9eb662ad986ba4e7378fc
test/typeparam/issue50690b.go	run	916	18a71b86fbd794efee52d98a874e30b1231e1bb203a5b5cef7944fc86b37d348
test/typeparam/issue50690c.go	run	917	ee21ed0bb0266af5874d0a689b601d949063b20304b24e44764efd200563d7a4
test/typeparam/issue50833.go	run	415	e8945455c6414c812bc6b4071b32711c5620a6fd08c8811b67417ef735888f7b
test/typeparam/issue50841.dir/a.go	none	418	1ca1fcec2340fc81d13616f6a3aae93aa76f7883c27df03f5ffc39c1095d4a99
test/typeparam/issue50841.dir/b.go	none	216	94d971a6ddab4fb579d02ea87e8a1dc393f5fea8b1663beb1dd1bb434cffee05
test/typeparam/issue50841.go	compiledir	191	964e1853b653b9c6cf3f9f3cc32e98fb57066d0b1fed3e934976634aff087f2b
test/typeparam/issue50993.go	compile	569	66c024b7d432c5b9513b03d32bce938b6454c2388faff9a21bd8127bb16ae899
test/typeparam/issue51219.dir/a.go	none	487	f27243d0cc736eb01b0395295322f421e67aa4765846568cfbf7203adec5aa39
test/typeparam/issue51219.dir/main.go	none	262	779f2388c70cd1834cfb2693785b50b666acd8f3eef473eea20e42848708626f
test/typeparam/issue51219.go	rundir	187	c367e24723070d9d4b38599e0b89ab697cd10cc4f07b3d5afacc0c182e789a89
test/typeparam/issue51219b.dir/a.go	none	792	1bd02f2eb87f88544ac55dc0207caebe80b68d83078368ef7af8528b2c175247
test/typeparam/issue51219b.dir/b.go	none	331	d98b5c2245ee5ac247fdbc8aeb1b143965266a641607110ee40b687096b1198f
test/typeparam/issue51219b.dir/p.go	none	318	1057fd5734f057928b0679f00030874ab03b7d95cd8c332e9134a11dc0d2c212
test/typeparam/issue51219b.go	compiledir	191	964e1853b653b9c6cf3f9f3cc32e98fb57066d0b1fed3e934976634aff087f2b
test/typeparam/issue51232.go	errorcheck	898	512129747b3380086a8b7a49ec5c487ba213166862f7c448b46ade582e4e077b
test/typeparam/issue51233.go	errorcheck	816	8550e05a1f3b05bee74371e6be91da475065f9ef73bb54fceb52653eb09ee5ed
test/typeparam/issue51236.go	run	298	b77bd0058d5de858d23465eef0ad5bd76488791642741bd6eef2419809dca761
test/typeparam/issue51245.go	build	267	003d12a10a785ac13f6ba60075216ca81dddbe5ba3a23dd21cc3424172cd8d16
test/typeparam/issue51250a.dir/a.go	none	201	9c967007f151fb8bb0fa98745bc096de56070a7f72704bb4f7a401e1667f6647
test/typeparam/issue51250a.dir/b.go	none	397	73c939b03b550433cac8dc4261bf498977fee7521e4ecaf43fc54299f9c31a3c
test/typeparam/issue51250a.dir/main.go	none	355	8b1cb3d43baecb926b85051fe18033bdec2917f50bdc07dd64340b4eb058f533
test/typeparam/issue51250a.go	rundir	187	c367e24723070d9d4b38599e0b89ab697cd10cc4f07b3d5afacc0c182e789a89
test/typeparam/issue51303.go	run	1108	67a78da6d1f0b66ac97d2a7107445b30adf4f1e3f0b59232f47d38b7c0d3adde
test/typeparam/issue51355.go	compile	498	acafd8d94dc136fe208c8b0ca4715abd1488fe6610ee6243a6b29065fd643d8e
test/typeparam/issue51367.dir/a.go	none	281	da9d3a4ec89bcba27e0d4e57920451a3605a7276eaabbcfe9f441b2452e224c2
test/typeparam/issue51367.dir/main.go	none	232	4899fb14d43d31c1cbc26035479193afcf64058cd5e4eed71afd0c1bcbc3cdc4
test/typeparam/issue51367.go	rundir	187	c367e24723070d9d4b38599e0b89ab697cd10cc4f07b3d5afacc0c182e789a89
test/typeparam/issue51423.dir/a.go	none	318	d6dfed32bb69746fb675381bdc7cb3040a0bb55517613e4d5eb2de012bb7908f
test/typeparam/issue51423.dir/b.go	none	114	94cb2392fcf0c787ca3d1fbfaf1bea55a00d26993a55fe6b679d0d5b3126c496
test/typeparam/issue51423.go	compiledir	191	964e1853b653b9c6cf3f9f3cc32e98fb57066d0b1fed3e934976634aff087f2b
test/typeparam/issue51521.go	run	546	cff34f1b299b05c517f73e91ce2a798d9784153d1b8acbc4fc6f136eee352f75
test/typeparam/issue51522a.go	run	543	6683459d66237046720028c75ecdc6c045dd6748a50f2cacf39c24d32a0a0aff
test/typeparam/issue51522b.go	run	730	c3b39f4a6c40123fbe03fc99806ed071f35367c322957e95f72a65a2b9012767
test/typeparam/issue51700.go	run	413	8c091dddace1ad6f625f9c6a332a08f612a61774013db5c2cba66f7a093fb56a
test/typeparam/issue51765.go	compile	308	f6dd220c144787c44566a101c13f33e71722df1276279a697f4c0f689c28b16d
test/typeparam/issue51832.go	compile	359	e47253b7679afdf6caa0d7cacc46d88fe6f93f33b2cf54770c1e9b6098dd2aab
test/typeparam/issue51836.dir/a.go	none	196	90c2b0f56503b5df72777389a7ff365f8dd0b4c0167abead05c52000b90684d1
test/typeparam/issue51836.dir/aa.go	none	225	0197f87908f4b8d7fef62cf3a98c544fe5da409ba13682580d8dde7783bf5ca2
test/typeparam/issue51836.dir/p.go	none	210	e6957ecc888de6b3faf355c863dc67b2cc164c301b3c17483f7967d8fc2f5c5f
test/typeparam/issue51836.go	compiledir	194	b2b3f464c50736e54b17d5efb6aa5d8cb330302164ac3b4772edf6f74a67abbe
test/typeparam/issue51840.go	compile	635	5f3454fb429898c4a66ec73189aeb0b8a40def969fe56a00deb5f0f1ac398e86
test/typeparam/issue51909.go	compile	591	4af3c22f33cb0cbac1f457fe87bd8a89e105d7069a771085adefd3efc284fb77
test/typeparam/issue51925.go	compile	963	eaa4387af8dd074838d717552e780e6a445fdd708d05aa111372fcabb567a7d9
test/typeparam/issue52026.go	run	735	c580325ef8de35af4f07b9550d67732cb17e8fd69960309403b4e4862dde2a60
test/typeparam/issue52117.dir/a.go	none	333	715b56a72382bd4fe5b567f4a20de1db12b8865019550debfdd14275e057a5dd
test/typeparam/issue52117.dir/b.go	none	62	d814ffffcf529c50bda087ea06cab7d16c9b4df70e97c2d3864ec95257772993
test/typeparam/issue52117.go	compiledir	191	964e1853b653b9c6cf3f9f3cc32e98fb57066d0b1fed3e934976634aff087f2b
test/typeparam/issue52124.go	compile	374	b9ac4492b78e4c7ce430de2871c6fe904a5bf0e7592973a4f40e5abfd521fdef
test/typeparam/issue52228.go	run	476	092017f37987187f11ff4c52062d11ec5dd13ad05b90b841226bddc983cb2f6f
test/typeparam/issue52241.go	compile	381	728542b2c2fabc5d4709f352371b633ea4929cf07b938e87e079907aca2a642f
test/typeparam/issue53087.go	run	930	31c4387eeff12a84b3f05064d6e9b9707bd1bc3af8717f6ce970a2ac54844b5f
test/typeparam/issue53254.go	compile	304	830f28ddc81aff93362b4243f94f72b49c09cf4e5dc94a19b23792c0c461ee43
test/typeparam/issue53390.go	compile	334	c515bff75d81f2ca1a8f192429a1c24bf20db51d1e66b9844caddd0ff8d52370
test/typeparam/issue53406.go	compile	354	660245c3e9853d814dc90f6bd3d8994ebd56761d93bd8e422da126969c61d9a8
test/typeparam/issue53419.go	run	419	c33b3b2b038729be9713a6520fcc3c251cc0b9fa30b00eda68a4e1d42eba4a7d
test/typeparam/issue53477.go	run	555	dcf1ff05eefb283fbbb039e545cdb13c8818b0b955dc1c0cb2c10517b4c34f2d
test/typeparam/issue53762.go	compile	309	cb33b97f637f36593d4ca4c056fcf310b1767574a768ab5690ae0104e719ee3d
test/typeparam/issue54135.go	run	478	0fbb3da68302a19c301e7a91c531f522673522ebc9073558194094994e45e127
test/typeparam/issue54225.go	run	532	34e6d31ac9338c42e68711e86020fa9455a629b2e7bf567df74aa62d130c0e4a
test/typeparam/issue54302.dir/a.go	none	362	d9bffb11498819ef8c37610991a9d79a8f04d97752c28e857ec6e986af51b9e5
test/typeparam/issue54302.dir/main.go	none	211	08654e163c13936c249db17db9d5cee1d14f33cabad300b20c90d33ecca6ba59
test/typeparam/issue54302.go	rundir	181	c9ed39dbffb3893b11d2234e98fc48b0e86e8df2d745a2f3c454e82292510c03
test/typeparam/issue54456.go	run	898	b224d55927645ad3d0de052ffdf650c575d41a3897e691e1a7533eb1d73de052
test/typeparam/issue54497.go	errorcheck	618	b1ed75e37d5f60f122ab5524b99fa3559369e3ca89a462e2fee541a82b6d7209
test/typeparam/issue54535.go	run	559	98bfc457b121b6bf58cf47c5657015bbfbbef9e3274c0a8338fcebcb689ba342
test/typeparam/issue54537.go	run	336	ee718d8cb84b708b24c3348c624f38d366ff97a04a974304d6a4b32c2d035097
test/typeparam/issue54765.go	errorcheck	729	20710d0487ffb383332b7c3681978eeb9d66a9d17947bb4e2a94bbacfd3323f3
test/typeparam/issue55101.go	compile	436	3ac9efbf1c5477ce892d07869822d2c7c3d567b14c82520bf171cf695b178b4c
test/typeparam/issue58513.go	run	1220	c660ecd71893fd7889e6313b306743a25afc3762ea56c9562cc42f1f392eadb3
test/typeparam/list.go	run	2477	6033f2f7946109ef61d1d343feced14572d9546921b210ab6c71f27c7c98bff7
test/typeparam/list2.go	run	15631	3a6b7f7a3456a319b828440cd65bc1437cebb3d7c49549f3eaac8ec4065adfda
test/typeparam/listimp.dir/a.go	none	1124	5d445dd04cb59daf33b9e1c7ecf0117be65f3b9d808cddddedbda926f9c2dea6
test/typeparam/listimp.dir/main.go	none	1447	853dd264cc4d4ec5caea030785ea734df4f468b528e86545e7f7c6ee694cdfb7
test/typeparam/listimp.go	rundir	187	a9479d7c22dbe82085d58f275f1d94aa1b9caab62b8d5507762a10a3696a4e4b
test/typeparam/listimp2.dir/a.go	none	8142	9db12b9f18f3d9b503b334ad617628d197721592fa5f3caacabfc82de4690dbb
test/typeparam/listimp2.dir/main.go	none	7605	37e06c3ce6fe11f43883a489a8ef728cd6d455b5542d4b86fa6a2fe95e63326b
test/typeparam/listimp2.go	rundir	187	a9479d7c22dbe82085d58f275f1d94aa1b9caab62b8d5507762a10a3696a4e4b
test/typeparam/lockable.go	run	916	b6c8c6eeff3418524cff9d58162352919f7b4a9282a221a9a8cafc4fc0c730e4
test/typeparam/map.go	run	885	5039b9533b90c887dbacbf78c0f05ff97760d08bc9dc5866d9729355bfdc647c
test/typeparam/mapimp.dir/a.go	none	397	d9dfe22b24f37f9c13deba535fbf9d8678d90c19a8f3badb6ffdf599eedfa38c
test/typeparam/mapimp.dir/main.go	none	661	5374640d71e85320865712051c73795a107d26b07d580f74b9d2541b8088c95a
test/typeparam/mapimp.go	rundir	187	a9479d7c22dbe82085d58f275f1d94aa1b9caab62b8d5507762a10a3696a4e4b
test/typeparam/maps.go	run	6055	cb441c8b29521be263d0b436ecb7ee79e83d62823b700f0f18fb8f39e854e3aa
test/typeparam/mapsimp.dir/a.go	none	2584	95841df474d97988175c90e8521fcf39c0bb90fea35b2cc09e2f56996af73bbb
test/typeparam/mapsimp.dir/main.go	none	3682	0afa413f472c5146c543bb46fb4579ecaa3c94c12ea65be1f381fb7a3fdea029
test/typeparam/mapsimp.go	rundir	187	a9479d7c22dbe82085d58f275f1d94aa1b9caab62b8d5507762a10a3696a4e4b
test/typeparam/mdempsky/1.dir/a.go	none	219	8f037029e461c14f104a2ff3d7337b6f923228f68f60999b4f26f6d6058b0cc5
test/typeparam/mdempsky/1.dir/b.go	none	210	2ab8a7407188100f5771706fd8a770e49335559a1ad6045e234f7884b60368df
test/typeparam/mdempsky/1.go	compiledir	191	47539505b1fa7ea4cfd08d3f136b171789b21b05948e41bb74f8184ce84a6219
test/typeparam/mdempsky/10.dir/a.go	none	204	22498fc086370c3b02f93ca5a4a24e3cbc4c9633d87e7bbf6930ff4bae8e0655
test/typeparam/mdempsky/10.dir/b.go	none	264	1a6d47d3dd8ddf8327dda2b19073ea4b2e4e253f9dcd9a23f63dddc0fa790624
test/typeparam/mdempsky/10.go	rundir	187	a9479d7c22dbe82085d58f275f1d94aa1b9caab62b8d5507762a10a3696a4e4b
test/typeparam/mdempsky/12.dir/a.go	none	219	5bd98b03c2c8c3bb137c8cb189351f4d02c03c0c6929d393f3f0422384a5894a
test/typeparam/mdempsky/12.dir/main.go	none	218	33b272c633000a049a5839d83fd04098ca5819b1f7f615b5106731525b01535d
test/typeparam/mdempsky/12.go	rundir	218	6d5a744d5a37faae8b1d55ec05272f29f1680d9c5cf301b8604eaf8b069bd245
test/typeparam/mdempsky/13.go	run	1414	78470f0c6f0c8b23530dfe08f1fce6a0776cbf7027ef743b107870b39a03b477
test/typeparam/mdempsky/14.go	run	568	85b2f7e66b444759e9fc6cae99fa3c0f611da99be4c8cd29118ba0142c4b18ad
test/typeparam/mdempsky/15.go	run	1243	62e77118f33e54c8eeb1a49e19dcf2737e7aaa649ba1fbbf4c5549c41cf9e832
test/typeparam/mdempsky/16.go	run	722	69a33ed1c91cabd1b9478589c0d35663788e8e9f977d0fb252b02a89f919d81c
test/typeparam/mdempsky/17.go	run	2115	8398f0ebdf833c55e76a3eb0afd902540893a7db0f10d84284e23243f9dae7d4
test/typeparam/mdempsky/18.go	run	457	1b58d4ac461fd742bef3794252bd86e13199d4d8cad78f587fbae1af5da23ac3
test/typeparam/mdempsky/19.go	run	662	7c5d58de753d6020a359dc430f735ac577e193a67fa47d0efdb100e980d90ad9
test/typeparam/mdempsky/2.go	compile	339	bd4dfed6e2faf2e59f7d9ba49746892237fc782bef6cf398438472798dff82fc
test/typeparam/mdempsky/20.go	run	677	f1527b2efb0aa25a42cf7ddfd2869974aebca8ce25b19588142926c9e5a48068
test/typeparam/mdempsky/21.go	run	467	7d1dbe7ebf774916af5e9d6116cec4e6f4bb4d6790c5f8df1c6ea10013dc2849
test/typeparam/mdempsky/3.dir/a.go	none	211	4ba7d92409d3fcbafc28d26088a344b5dfba47c2958a92631cddc5bcfb99cf04
test/typeparam/mdempsky/3.dir/b.go	none	218	3ade83a5e0c6e401e0b994a1f1920f4da5ea37a75749c6daa6fd2785e70ef6ea
test/typeparam/mdempsky/3.go	compiledir	191	47539505b1fa7ea4cfd08d3f136b171789b21b05948e41bb74f8184ce84a6219
test/typeparam/mdempsky/4.dir/a.go	none	221	113018412fdaa7699579610319883260b8771e36419e40285cae660a7d9e96b0
test/typeparam/mdempsky/4.dir/b.go	none	205	c5bca24b054a21b3ea5565b27a619f456d35508054b1bd45345a80ce0ffc45e0
test/typeparam/mdempsky/4.go	compiledir	191	47539505b1fa7ea4cfd08d3f136b171789b21b05948e41bb74f8184ce84a6219
test/typeparam/mdempsky/5.go	compile	260	97c2d65eb8b34680840ac34a899146e9937ad31feb392802219b8757788132ce
test/typeparam/mdempsky/6.go	compile	234	165e2e591d09086263ac9df4adc3ec9de282871425bf86b98ad2a313c14a06a8
test/typeparam/mdempsky/7.dir/a.go	none	218	4caf863edc4e562cd46b1458a77769361385ae974109f162d2ac1b214cb55879
test/typeparam/mdempsky/7.dir/b.go	none	197	2ab2c8d732b596fd639971a5e2f8d4213a570e0c300b20d3ef705a1845ec53ca
test/typeparam/mdempsky/7.go	compiledir	191	47539505b1fa7ea4cfd08d3f136b171789b21b05948e41bb74f8184ce84a6219
test/typeparam/mdempsky/8.dir/a.go	none	210	4b189b3febc9c21895dfe2655da081154d4fd2e5ef50de100e29faed02c370bf
test/typeparam/mdempsky/8.dir/b.go	none	255	59e66f7a4b0c3c9fb432f24f899bc387fbdabb72d393aff9c37fa9223ac6d342
test/typeparam/mdempsky/8.go	errorcheckdir	194	8239deb76e72ecf5792382ccaa88b7793cdd3cabca818ccc2f6790f0d5a44f99
test/typeparam/mdempsky/9.go	compile	253	9b9260c5e7f87831e7d0d9b78299c31232b9c19633dc1abec16a447b38dbf3bc
test/typeparam/metrics.go	run	4553	e9564c55461870ee3f4e674e757bb3229432e21ec978f4539a21ffd33cb06024
test/typeparam/min.go	run	979	2a05a8af30c8fc8415e1ce6e94e3c0bcefcf306559eb876e40d5523c567ee6ca
test/typeparam/mincheck.dir/a.go	none	292	cda0663fb48945281b431926bad49f990d69bded41a6e38337ccf09a649d253d
test/typeparam/mincheck.dir/main.go	none	925	4bfd18233d575ff0a59aa4b51ec96b88d447adb590bba1fa9f94b7b6faeafd82
test/typeparam/mincheck.go	errorcheckdir	194	8239deb76e72ecf5792382ccaa88b7793cdd3cabca818ccc2f6790f0d5a44f99
test/typeparam/minimp.dir/a.go	none	305	fc647360c3a9cdef19a450e3eea38c1c207f7710b8925abf8f9bb1ffb389a8a3
test/typeparam/minimp.dir/main.go	none	855	5b4e81937a100b95562e4c2fc98df267f583d9a4d52e24332a76bec328b7d0a0
test/typeparam/minimp.go	rundir	187	a9479d7c22dbe82085d58f275f1d94aa1b9caab62b8d5507762a10a3696a4e4b
test/typeparam/mutualimp.dir/a.go	none	337	3d8d074e924ac9bdf9435641fa602dda4f1539d2d32adc124aede96e87f1ba62
test/typeparam/mutualimp.dir/b.go	none	222	f74d567036b1b2dc228f7e85a47623c6bfe5763814baab077afd5a36164d1d86
test/typeparam/mutualimp.go	compiledir	191	47539505b1fa7ea4cfd08d3f136b171789b21b05948e41bb74f8184ce84a6219
test/typeparam/nested.go	run	3085	d5877d1c406147c4e9a7b549acc5e17daea98b4858322998e5f176d1cf584113
test/typeparam/ordered.go	run	2247	85b318be4f84a110c695f72f67c75baf40b8e3b7412074ab39ba0db4b633c5d0
test/typeparam/orderedmap.go	run	7260	d3dae7e09d2c40244a81daf37edef656a1d6a5304a7b28a423b619a28876b8eb
test/typeparam/orderedmapsimp.dir/a.go	none	5619	589445f19a9cd902e0dff8f279213322e434bfd523b84f5cc4c2759ead989d4f
test/typeparam/orderedmapsimp.dir/main.go	none	1541	91916c6764b01bda13befc9d63bec0ae0aa2c109fa78c96597924ec65e2ca1cb
test/typeparam/orderedmapsimp.go	rundir	187	a9479d7c22dbe82085d58f275f1d94aa1b9caab62b8d5507762a10a3696a4e4b
test/typeparam/pair.go	run	739	0ac3c757141a42f92bef856211d9c68a9160b48462562c3930f3bfeaccf888e3
test/typeparam/pairimp.dir/a.go	none	226	496cbd3c52c2201e393029686d56e33c47effb974cd59c29f66d09e4e15f57f1
test/typeparam/pairimp.dir/main.go	none	716	e67fcb193742625b3a89ad973dfabff7f293103cd0f30bacacd31e1e389d374b
test/typeparam/pairimp.go	rundir	187	a9479d7c22dbe82085d58f275f1d94aa1b9caab62b8d5507762a10a3696a4e4b
test/typeparam/pragma.go	errorcheck	411	e15543c90cdb98b321b79f071c22b4a11a97e22a29858004c61b29b16f59429f
test/typeparam/recoverimp.dir/a.go	none	307	dc3d82494047f471e4b64c54200a59696893227e859117520f79b4a1e2c53936
test/typeparam/recoverimp.dir/main.go	none	228	07083fbcdd742a49ab1edf9e661c78900834f9501826847c2bf99072876ac014
test/typeparam/recoverimp.go	rundir	187	a9479d7c22dbe82085d58f275f1d94aa1b9caab62b8d5507762a10a3696a4e4b
test/typeparam/select.dir/a.go	none	274	453a3dc96348cd82c4a1ac9b6e9cc7992076845a2d5ea0f5012d75d13a8284ae
test/typeparam/select.dir/main.go	none	408	1c9a5a38c09061deb875afc28c209ef00b91f9d906ef14f02ae4117fdaa5a0d1
test/typeparam/select.go	rundir	187	a9479d7c22dbe82085d58f275f1d94aa1b9caab62b8d5507762a10a3696a4e4b
test/typeparam/sets.go	run	5835	5ce2c3cffbbc958a0a2dfc8b30771dabeb4ec479604232632842b3e503d41772
test/typeparam/setsimp.dir/a.go	none	2775	a39d6b6e7c3cf7ee4e2d10fe9b4cb0d3ca55f450ba2d1bb266ab50d189c4fdb3
test/typeparam/setsimp.dir/main.go	none	3233	5ca93ee7821545ba0a5fdb1015e803277188a153b9ed5aaa645d9cdc7da0bb86
test/typeparam/setsimp.go	rundir	187	a9479d7c22dbe82085d58f275f1d94aa1b9caab62b8d5507762a10a3696a4e4b
test/typeparam/settable.go	run	2812	1ad0d0bf96778647e3ba3ecbfde4e74061e2eeb3a0ad9398ec04ec66fcdf0d17
test/typeparam/shape1.go	run	855	fe47183c064e54d83d98164be1bd78c505db2b4150f266468695723447718645
test/typeparam/shape_assert.go	run	4170	c0ade0ef6cd0fe6ff255b4598b8b3e0cdf4fedd23b88fe32651d12f732dee20d
test/typeparam/sliceimp.dir/a.go	none	3403	66302f6994624a51182b8a51f2845dd5592ff78834f6dfa0d125aee7f9cf5a1e
test/typeparam/sliceimp.dir/main.go	none	4687	47815e06f712f2d8f1a892a6d3bd8770d72633bfcfb7ec0f03aad61a244448e0
test/typeparam/sliceimp.go	rundir	187	a9479d7c22dbe82085d58f275f1d94aa1b9caab62b8d5507762a10a3696a4e4b
test/typeparam/slices.go	run	7981	3c065caff67279413b12f3632b6d86fbd83150775cc0efbf4d7240b29002dff4
test/typeparam/smallest.go	run	825	e1a9189df7197dafa6a01ddbc58b2baa39ecf54e7d5d90397c973a2702d14551
test/typeparam/smoketest.go	compile	1019	ffa2ef33eedaa9adfc4eb3aee3fd7d2fc2f4b6139ca94c6015d1ed522dd61d7d
test/typeparam/stringable.go	run	833	df0e8517f0f1c3827a25d1275a99dee39b14bf9c9fd55c9a68d71fed9b9b2f50
test/typeparam/stringer.go	run	1591	425c0b896856fdd02ee7cc3e673dbaaf18ac91c9bc148e17d41f4d9ea7f96ad6
test/typeparam/stringerimp.dir/a.go	none	340	6ffb0be9f7e6b520727873593ba4d8bf931b90fd86d4f599bfc8f2462940b176
test/typeparam/stringerimp.dir/main.go	none	741	5a07bfa752eeaa77e346207f8ef67094a8095dc66619d3281ce57dfa57aac2a0
test/typeparam/stringerimp.go	rundir	187	a9479d7c22dbe82085d58f275f1d94aa1b9caab62b8d5507762a10a3696a4e4b
test/typeparam/struct.go	run	801	90984f622a197e385f550d03722d248312ef242d5557d3581de5de752cd32f47
test/typeparam/structinit.dir/a.go	none	281	ef7ce1e599173bcf5e160482605acb1bb28049fde3e956ce6cc128ffacb33817
test/typeparam/structinit.dir/b.go	none	221	a02fd9a4ae7f79c1c7be0c2ade15858abeb479f43813cdd37250608166c46c44
test/typeparam/structinit.dir/main.go	none	211	c097c0177d5f55c438de07da7adf337d7f41b2f7ebed83e5b6365ec7c09e4175
test/typeparam/structinit.go	rundir	187	a9479d7c22dbe82085d58f275f1d94aa1b9caab62b8d5507762a10a3696a4e4b
test/typeparam/subdict.go	run	842	3b84c64856605c83d2dead09590f433e4d2bb23b8eaa8968f8e7f5010f7b3dfa
test/typeparam/sum.go	run	923	5a3aa6628de3b6e7c4908a61d2c1d56366da93bd5bf0d4a3ec63b99e07ecba5e
test/typeparam/tparam1.go	errorcheck	1087	95eb48ca063c32dd31a9d399aee1746a499d07427ca81f7dd246b5a52276f8f8
test/typeparam/typelist.go	compile	3217	9f42f380dbab98bd8cc0f0bc9b3d14dbe67e4d89e75d48222bdef8947d2e6531
test/typeparam/typeswitch1.go	run	648	1eecf9a8f84b51651cd9707f348057638910d0d42838dfd22186076b9a98755c
test/typeparam/typeswitch2.go	run	709	a4dd0ce520b57bf42902bf8ff2fecfb862e36aa4a7a3077cb82aef0919161f9e
test/typeparam/typeswitch3.go	run	837	5fcfea9924d088ff1e3df5a05ac137c2f7fd693790e9edf6d2f01951c29e12ce
test/typeparam/typeswitch4.go	run	813	f283f11c05209642bbabdc99127f1046109692894015e130c772359ed5280689
test/typeparam/typeswitch5.go	run	559	a2c56b31b49dbe97c94e893b60825c57e39aa6151298f87cfa4d0cf8874ae7fd
test/typeparam/typeswitch6.go	run	495	40d36e14fca09d332a0df123c0c6e2ca6cdced25d1449e4ca41b4dc3ec981e0f
test/typeparam/typeswitch7.go	run	581	6db3b264eaffd255e3b3439802c3aa62ba75a1d94bd7eb5df01e6b5808316947
test/typeparam/valimp.dir/a.go	none	587	1576a65c8cb7bb053f74a5780f71040163633fb274033e052834434bc3f4c7a2
test/typeparam/valimp.dir/main.go	none	1280	63e5320b249424bcb4bb35829be4efd469b63b36cc17a5ab0067929c8f4eda8e
test/typeparam/valimp.go	rundir	187	a9479d7c22dbe82085d58f275f1d94aa1b9caab62b8d5507762a10a3696a4e4b
test/typeparam/value.go	run	1486	daed61fa553579326e3bbf4caaef8d7dfc2b11135984a1869d449cea768fad84
test/typeswitch.go	run	1871	27b45ba56d00afabbfd938c89bc2dd59ecb271b0f2fb9233dfc5ce1c8ab170f4
test/typeswitch1.go	run	1634	4fa17f737ff8fdce273a33be7514bf3b8f2f051b05bc8d96180491c0c44634a8
test/typeswitch2.go	errorcheck	655	6c726072c410f02e7f81ba9b6c24b7d24120fcf8c197f04fee2871b72fcb26ee
test/typeswitch2b.go	errorcheck	598	7d22f8c91e5c5d5bb2260c6be98259634433363645ea7ee106564c6c758c1698
test/typeswitch3.go	errorcheck	999	1b4032d09b4e5a09b51efbfa45083b442e15445d8a0961679b9d70a6bbe4f6ca
test/uintptrescapes.dir/a.go	none	879	ecce4c074de9145c107940ed76ba03f2823add41b1970ed16dbfb63efe58f8c5
test/uintptrescapes.dir/main.go	none	1298	59dc7bcdc3ed809f0f31a062aac836c3e76ff437923289f52d9b9f5df4361401
test/uintptrescapes.go	rundir	250	81a5b33f16d83c3f47d57209807c449538eda04046028034ad14edf7665de889
test/uintptrescapes2.go	errorcheck	2302	bf6057691835e675fb9744669d1bf97aece6aba8c33a613f6b091bb926549d4a
test/uintptrescapes3.go	run	1306	486117ef7e6bebb8b3ce74f7b936b12ce05b2c3ecd98729ccfd96569ba377406
test/uintptrkeepalive.go	errorcheck	297	5e3f201cbbf1c23dfe91440cb897af1fa7f7440996dbd968d55bcafc6b1fd993
test/undef.go	errorcheck	758	5daa858851c74e8e0a315c979994e7f7f553afcce9fa0e6f34b707e58513ad4f
test/unsafe_slice_data.go	run	481	a827137935473b1b82a47c3ce6f08f5c582d565007ee8a56cc8ff15b925507fb
test/unsafe_string.go	run	367	93e562a67c8e68c8bbf203fe49efb2c6b18e49ef4d408335176ed575aedeb5a6
test/unsafe_string_data.go	run	479	0219b292b66478a286cb78d57f2663f9a95c7b347d8fac1975129a0b0843f2a3
test/unsafebuiltins.go	run	2389	9a459642c9471524d9c936c57de6032e0d301f827be4096debccb184b6d61470
test/used.go	errorcheck	6024	01212c232a1fdc7714445ac8ccbf6ca3f502b8c8cf38a2a06c9b2845377166ab
test/utf.go	run	1219	9195b0299fbe5c193c2c03c536dff233d33e4e6b675b9f3d2bde4f2e3a35627c
test/varerr.go	errorcheck	449	c26345c8da72212c557ff83da0cc6117ab529deb68da1ba0bc6cd58a9b91764d
test/varinit.go	run	509	1e88a94b9b4f430aa2c3160b9d700a88c0ef75f3095c9199e5085b6ebf051f9d
test/wasmexport.go	errorcheck	390	588019a8c2f0b5599f6343bd8362160b735739f709167beb236995d413ebdf4b
test/wasmexport2.go	errorcheck	2581	92ea0917821fbc15bd39cc96aed622f5acaf1e50f508620b077076585f9de6db
test/wasmmemsize.dir/main.go	none	699	47693c8abfdba198c452ed574f5600d88476f45ec14cf488dda41c97e888d7f1
test/wasmmemsize.go	runindir	268	8ac8e9e0e3bd3d503c089f4d6ee237e33329da608077e77840dbd103991479ea
test/weak.go	errorcheck	584	987da4c7b4c8abc13d5c8a1e6f8b0c2d5d1ca4a586b65cdf034977fb7e8e730c
test/winbatch.go	run	2021	0275597192f750774698e9b67515ec4671c4fdf2b832a0586baefd49c138b1f3
test/writebarrier.go	errorcheck	6019	c6b5c2d4efd2bf6260934b4a646837b388ee9ac54515d9a1902129021d897ccc
test/zerodivide.go	run	5848	04ec471f51a3138d4e7d90376e4e1574b3d48b955849fa893fc7bf72d2d8236d
test/zerosize.go	run	814	3e8793dc656eea22ac3a70c34e87dc0cfc7c12570ad4bfe3afcff9795dcb61d7
