# Sprint 149 residual ledger: every non-green packet root, classified. A `seam`
# row blocks its story; a `product` row is handed to the named downstream sprint
# and is never reclassified here. `first_line` is the leading diagnostic as
# emitted; `repro` is the direct command that reproduces it outside the harness.
# Rows below the seed were generated from the retained Linux evidence of the
# 2026-09-11 packet run (one coordinator, Go 1.27.0 linux/amd64, Bash++ be20731)
# by an automated first-line triage; `owner` 151/152/154 marks a diagnostic
# whose subsystem the Barrier-A partition must settle. Every row is product:
# its phase executed and upstream applied its own contract.
# packet	root	mode	class	first_line	owner	repro
149.6	abi/bad_select_crash.go	both	product	unsupported type *ast.BasicLit	151/152	bashy --bashpp --source=go --check --go-file test/abi/bad_select_crash.go
149.4	fixedbugs/issue44465.go	both	product	gosource: unsupported LabeledStmt	151	bashy --bashpp --source=go --check --go-file test/fixedbugs/issue44465.go
149.4	fixedbugs/issue45948.go	both	product	gosource: unsupported LabeledStmt	151	bashy --bashpp --source=go --check --go-file test/fixedbugs/issue45948.go
149.4	fixedbugs/issue52278.go	both	product	gosource: unsupported LabeledStmt	151	bashy --bashpp --source=go --check --go-file test/fixedbugs/issue52278.go
149.4	fixedbugs/issue31915.go	compiled	product	panic: nil pointer dereference in lower.(*emitter).block (lower/compile.go:631)	152	bashy transpile --bashpp --source=go --go-file test/fixedbugs/issue31915.go -o /tmp/main.go
149.4	fixedbugs/issue58826.go	compiled	product	panic: nil pointer dereference in lower.(*emitter).block (lower/compile.go:631)	152	bashy transpile --bashpp --source=go --go-file test/fixedbugs/issue58826.go -o /tmp/main.go
149.1	abi/result_live.go	compiled	product	panic: runtime error: invalid memory address or nil pointer dereference	152	bashy transpile --bashpp --source=go --go-file test/abi/result_live.go -o /tmp/main.go
149.1	abi/result_live.go	interpreted	product	result_live.go:13: missing error "live at call to g: r"	154	bashy --bashpp --source=go --check --go-file test/abi/result_live.go
149.1	bloop.go	interpreted	product	bloop.go:14: missing error "can inline caninline"	154	bashy --bashpp --source=go --check --go-file test/bloop.go
149.1	bounds.go	interpreted	product	bounds.go:64: missing error "index bounds check elided"	154	bashy --bashpp --source=go --check --go-file test/bounds.go
149.1	char_lit1.go	compiled	product	char_lit1.go:16:8: escape sequence is invalid Unicode code point	151	bashy transpile --bashpp --source=go --go-file test/char_lit1.go -o /tmp/main.go
149.1	char_lit1.go	interpreted	product	char_lit1.go:16:8: escape sequence is invalid Unicode code point	151	bashy --bashpp --source=go --check --go-file test/char_lit1.go
149.1	checkbce.go	compiled	product	checkbce.go:17: missing error "Found IsInBounds$"	154	bashy transpile --bashpp --source=go --go-file test/checkbce.go -o /tmp/main.go
149.1	checkbce.go	interpreted	product	checkbce.go:17: missing error "Found IsInBounds$"	154	bashy --bashpp --source=go --check --go-file test/checkbce.go
149.1	defererrcheck.go	compiled	product	defererrcheck.go:57:1: gosource: unsupported LabeledStmt	151	bashy transpile --bashpp --source=go --go-file test/defererrcheck.go -o /tmp/main.go
149.1	defererrcheck.go	interpreted	product	defererrcheck.go:57:1: gosource: unsupported LabeledStmt	151	bashy --bashpp --source=go --check --go-file test/defererrcheck.go
149.1	devirt.go	compiled	product	devirt.go:30: missing error "de-virtualizing call$"	154	bashy transpile --bashpp --source=go --go-file test/devirt.go -o /tmp/main.go
149.1	devirt.go	interpreted	product	devirt.go:30: missing error "de-virtualizing call$"	154	bashy --bashpp --source=go --check --go-file test/devirt.go
149.1	devirtualization.go	compiled	product	devirtualization.go:156:3: LOWER-ETYPE: assignment mismatch: 2 variables but __bpp0_rt.MustValue returns 1 value	151	bashy transpile --bashpp --source=go --go-file test/devirtualization.go -o /tmp/main.go
149.1	devirtualization.go	interpreted	product	devirtualization.go:17: missing error "can inline \\(\\*Impl\\).M$"	154	bashy --bashpp --source=go --check --go-file test/devirtualization.go
149.1	devirtualization_with_type_assertions_interleaved.go	compiled	product	../../bashpp-s1491.f3BbBr/goroot/test/devirtualization_with_type_assertions_interleaved.go:20:6: can inline (*hash).Sum	151/152/154	bashy transpile --bashpp --source=go --go-file test/devirtualization_with_type_assertions_interleaved.go -o /tmp/main.go
149.1	devirtualization_with_type_assertions_interleaved.go	interpreted	product	devirtualization_with_type_assertions_interleaved.go:20: missing error "can inline \\(\\*hash\\).Sum$"	154	bashy --bashpp --source=go --check --go-file test/devirtualization_with_type_assertions_interleaved.go
149.1	embedvers.go	compiled	product	main.go:8:18: pattern //: invalid pattern syntax	151	bashy transpile --bashpp --source=go --go-file test/embedvers.go -o /tmp/main.go
149.1	embedvers.go	interpreted	product	testdir_test.go:153: compilation succeeded unexpectedly	154	bashy --bashpp --source=go --check --go-file test/embedvers.go
149.1	escape2.go	compiled	product	escape2.go:945:1: gosource: unsupported LabeledStmt	151	bashy transpile --bashpp --source=go --go-file test/escape2.go -o /tmp/main.go
149.1	escape2.go	interpreted	product	escape2.go:945:1: gosource: unsupported LabeledStmt	151	bashy --bashpp --source=go --check --go-file test/escape2.go
149.1	escape2n.go	compiled	product	escape2n.go:945:1: gosource: unsupported LabeledStmt	151	bashy transpile --bashpp --source=go --go-file test/escape2n.go -o /tmp/main.go
149.1	escape2n.go	interpreted	product	escape2n.go:945:1: gosource: unsupported LabeledStmt	151	bashy --bashpp --source=go --check --go-file test/escape2n.go
149.1	escape4.go	interpreted	product	escape4.go:16: missing error "can inline alloc"	154	bashy --bashpp --source=go --check --go-file test/escape4.go
149.1	escape5.go	compiled	product	escape5.go:225:8: gosource: unsupported expression *ast.ArrayType	151	bashy transpile --bashpp --source=go --go-file test/escape5.go -o /tmp/main.go
149.1	escape5.go	interpreted	product	escape5.go:225:8: gosource: unsupported expression *ast.ArrayType	151	bashy --bashpp --source=go --check --go-file test/escape5.go
149.1	escape6.go	interpreted	product	escape6.go:16: missing error "leaking param: v"	154	bashy --bashpp --source=go --check --go-file test/escape6.go
149.1	escape_array.go	compiled	product	../../bashpp-s1491.f3BbBr/goroot/test/escape_array.go:15:10: leaking param: a to result ~r0 level=0	151/152/154	bashy transpile --bashpp --source=go --go-file test/escape_array.go -o /tmp/main.go
149.1	escape_array.go	interpreted	product	escape_array.go:15: missing error "leaking param: a to result ~r0 level=0$"	154	bashy --bashpp --source=go --check --go-file test/escape_array.go
149.1	escape_bloop.go	interpreted	product	escape_bloop.go:18: missing error "can inline NewX"	154	bashy --bashpp --source=go --check --go-file test/escape_bloop.go
149.1	escape_calls.go	compiled	product	panic: runtime error: invalid memory address or nil pointer dereference	152	bashy transpile --bashpp --source=go --go-file test/escape_calls.go -o /tmp/main.go
149.1	escape_calls.go	interpreted	product	escape_calls.go:14: missing error "leaking param: buf to result ~r0 level=0$"	154	bashy --bashpp --source=go --check --go-file test/escape_calls.go
149.1	escape_closure.go	compiled	product	escape_closure.go:265:7: gosource: unsupported expression *ast.FuncType	151	bashy transpile --bashpp --source=go --go-file test/escape_closure.go -o /tmp/main.go
149.1	escape_closure.go	interpreted	product	escape_closure.go:265:7: gosource: unsupported expression *ast.FuncType	151	bashy --bashpp --source=go --check --go-file test/escape_closure.go
149.1	escape_field.go	interpreted	product	escape_field.go:24: missing error "moved to heap: i$"	154	bashy --bashpp --source=go --check --go-file test/escape_field.go
149.1	escape_goto.go	compiled	product	escape_goto.go:15:1: gosource: unsupported LabeledStmt	151	bashy transpile --bashpp --source=go --go-file test/escape_goto.go -o /tmp/main.go
149.1	escape_goto.go	interpreted	product	escape_goto.go:15:1: gosource: unsupported LabeledStmt	151	bashy --bashpp --source=go --check --go-file test/escape_goto.go
149.1	escape_iface.go	compiled	product	../../bashpp-s1491.f3BbBr/goroot/test/escape_iface.go:64:8: devirtualizing x.M to M0	151/152/154	bashy transpile --bashpp --source=go --go-file test/escape_iface.go -o /tmp/main.go
149.1	escape_iface.go	interpreted	product	escape_iface.go:17: missing error "leaking param: m"	154	bashy --bashpp --source=go --check --go-file test/escape_iface.go
149.1	escape_iface_data.go	compiled	product	escape_iface_data.go:15: missing error "using global for interface value"	154	bashy transpile --bashpp --source=go --go-file test/escape_iface_data.go -o /tmp/main.go
149.1	escape_iface_data.go	interpreted	product	escape_iface_data.go:15: missing error "using global for interface value"	154	bashy --bashpp --source=go --check --go-file test/escape_iface_data.go
149.1	escape_indir.go	interpreted	product	escape_indir.go:25: missing error "moved to heap: i"	154	bashy --bashpp --source=go --check --go-file test/escape_indir.go
149.1	escape_level.go	interpreted	product	escape_level.go:14: missing error "moved to heap: i"	154	bashy --bashpp --source=go --check --go-file test/escape_level.go
149.1	escape_make_non_const.go	interpreted	product	escape_make_non_const.go:17: missing error "make\\(\\[\\]byte, 128\\) does not escape"	154	bashy --bashpp --source=go --check --go-file test/escape_make_non_const.go
149.1	escape_map.go	interpreted	product	escape_map.go:14: missing error "make\\(map\\[\\*int\\]\\*int\\) does not escape"	154	bashy --bashpp --source=go --check --go-file test/escape_map.go
149.1	escape_mutations.go	compiled	product	../../bashpp-s1491.f3BbBr/goroot/test/escape_mutations.go:17:9: b does not escape	151/152/154	bashy transpile --bashpp --source=go --go-file test/escape_mutations.go -o /tmp/main.go
149.1	escape_mutations.go	interpreted	product	escape_mutations.go:17: missing error "mutates param: b derefs=0"	154	bashy --bashpp --source=go --check --go-file test/escape_mutations.go
149.1	escape_param.go	compiled	product	../../bashpp-s1491.f3BbBr/goroot/test/escape_param.go:19:13: leaking param: p to result ~r0 level=0	151/152/154	bashy transpile --bashpp --source=go --go-file test/escape_param.go -o /tmp/main.go
149.1	escape_param.go	interpreted	product	escape_param.go:19: missing error "leaking param: p to result ~r0"	154	bashy --bashpp --source=go --check --go-file test/escape_param.go
149.1	escape_reflect.go	compiled	product	../../bashpp-s1491.f3BbBr/goroot/test/escape_reflect.go:354:73: 0 does not escape	151/152/154	bashy transpile --bashpp --source=go --go-file test/escape_reflect.go -o /tmp/main.go
149.1	escape_reflect.go	interpreted	product	escape_reflect.go:19: missing error "x does not escape"	154	bashy --bashpp --source=go --check --go-file test/escape_reflect.go
149.1	escape_runtime_atomic.go	compiled	product	escape_runtime_atomic.go:12:2: could not import internal/runtime/atomic (use of internal package internal/runtime/atomic not allowed)	154	bashy transpile --bashpp --source=go --go-file test/escape_runtime_atomic.go -o /tmp/main.go
149.1	escape_runtime_atomic.go	interpreted	product	escape_runtime_atomic.go:12:2: could not import internal/runtime/atomic (use of internal package internal/runtime/atomic not allowed)	154	bashy --bashpp --source=go --check --go-file test/escape_runtime_atomic.go
149.1	escape_selfassign.go	interpreted	product	escape_selfassign.go:18: missing error "leaking param: p"	154	bashy --bashpp --source=go --check --go-file test/escape_selfassign.go
149.1	escape_slice.go	compiled	product	escape_slice.go:118:1: gosource: unsupported LabeledStmt	151	bashy transpile --bashpp --source=go --go-file test/escape_slice.go -o /tmp/main.go
149.1	escape_slice.go	interpreted	product	escape_slice.go:118:1: gosource: unsupported LabeledStmt	151	bashy --bashpp --source=go --check --go-file test/escape_slice.go
149.1	escape_struct_param1.go	interpreted	product	escape_struct_param1.go:25: missing error "leaking param: u to result ~r0 level=1$"	154	bashy --bashpp --source=go --check --go-file test/escape_struct_param1.go
149.1	escape_struct_param2.go	interpreted	product	escape_struct_param2.go:25: missing error "leaking param: u to result ~r0 level=0$"	154	bashy --bashpp --source=go --check --go-file test/escape_struct_param2.go
149.1	escape_struct_return.go	interpreted	product	escape_struct_return.go:18: missing error "leaking param: sp to result ~r0 level=0$"	154	bashy --bashpp --source=go --check --go-file test/escape_struct_return.go
149.1	escape_sync_atomic.go	interpreted	product	escape_sync_atomic.go:17: missing error "leaking param: addr$"	154	bashy --bashpp --source=go --check --go-file test/escape_sync_atomic.go
149.1	escape_unique.go	interpreted	product	escape_unique.go:15: missing error "s does not escape$"	154	bashy --bashpp --source=go --check --go-file test/escape_unique.go
149.1	escape_unsafe.go	interpreted	product	escape_unsafe.go:18: missing error "leaking param: p to result ~r0 level=0$"	154	bashy --bashpp --source=go --check --go-file test/escape_unsafe.go
149.1	fixedbugs/bug050.go	compiled	product	fixedbugs/bug050.go:7:1: expected 'package', found 'func'	154	bashy transpile --bashpp --source=go --go-file test/fixedbugs/bug050.go -o /tmp/main.go
149.1	fixedbugs/bug050.go	interpreted	product	fixedbugs/bug050.go:7:1: expected 'package', found 'func'	154	bashy --bashpp --source=go --check --go-file test/fixedbugs/bug050.go
149.1	fixedbugs/bug195.go	compiled	product	fixedbugs/bug195.go:14:6: invalid recursive type: S refers to itself	151	bashy transpile --bashpp --source=go --go-file test/fixedbugs/bug195.go -o /tmp/main.go
149.1	fixedbugs/bug195.go	interpreted	product	fixedbugs/bug195.go:14:6: invalid recursive type: S refers to itself	151	bashy --bashpp --source=go --check --go-file test/fixedbugs/bug195.go
149.1	fixedbugs/issue10975.go	compiled	product	fixedbugs/issue10975.go:16:12: cannot use type I outside a type constraint: interface contains type constraints	151	bashy transpile --bashpp --source=go --go-file test/fixedbugs/issue10975.go -o /tmp/main.go
149.1	fixedbugs/issue10975.go	interpreted	product	fixedbugs/issue10975.go:16:12: cannot use type I outside a type constraint: interface contains type constraints	151	bashy --bashpp --source=go --check --go-file test/fixedbugs/issue10975.go
149.1	fixedbugs/issue11614.go	compiled	product	fixedbugs/issue11614.go:18:2: (I) (type) is not an expression	151/152/154	bashy transpile --bashpp --source=go --go-file test/fixedbugs/issue11614.go -o /tmp/main.go
149.1	fixedbugs/issue11614.go	interpreted	product	fixedbugs/issue11614.go:18:2: (I) (type) is not an expression	151/152/154	bashy --bashpp --source=go --check --go-file test/fixedbugs/issue11614.go
149.1	fixedbugs/issue12006.go	interpreted	product	issue12006.go:11: missing error "vals does not escape"	154	bashy --bashpp --source=go --check --go-file test/fixedbugs/issue12006.go
149.1	fixedbugs/issue12588.go	interpreted	product	issue12588.go:29: missing error "a does not escape"	154	bashy --bashpp --source=go --check --go-file test/fixedbugs/issue12588.go
149.1	fixedbugs/issue13587.go	compiled	product	panic: runtime error: invalid memory address or nil pointer dereference	152	bashy transpile --bashpp --source=go --go-file test/fixedbugs/issue13587.go -o /tmp/main.go
149.1	fixedbugs/issue13587.go	interpreted	product	testdir_test.go:153: issue13587.go:18: missing error "write barrier"	154	bashy --bashpp --source=go --check --go-file test/fixedbugs/issue13587.go
149.1	fixedbugs/issue13799.go	interpreted	product	issue13799.go:23: missing error "iter escapes to heap$"	154	bashy --bashpp --source=go --check --go-file test/fixedbugs/issue13799.go
149.1	fixedbugs/issue14999.go	interpreted	product	testdir_test.go:153: compilation succeeded unexpectedly	154	bashy --bashpp --source=go --check --go-file test/fixedbugs/issue14999.go
149.1	fixedbugs/issue15091.go	compiled	product	# bashpp_s1572	151/152/154	bashy transpile --bashpp --source=go --go-file test/fixedbugs/issue15091.go -o /tmp/main.go
149.1	fixedbugs/issue15747.go	compiled	product	../../bashpp-s1491.f3BbBr/goroot/test/fixedbugs/issue15747.go:22:6: live at entry to f1: xx	151/152/154	bashy transpile --bashpp --source=go --go-file test/fixedbugs/issue15747.go -o /tmp/main.go
149.1	fixedbugs/issue15747.go	interpreted	product	issue15747.go:22: missing error "live at call to (newobject|mallocgcSmallScanNoHeaderSC[0-9]+): xx$"	154	bashy --bashpp --source=go --check --go-file test/fixedbugs/issue15747.go
149.1	fixedbugs/issue16241.go	interpreted	product	issue16241.go:11: missing error "x does not escape$"	154	bashy --bashpp --source=go --check --go-file test/fixedbugs/issue16241.go
149.1	fixedbugs/issue16241_64.go	interpreted	product	issue16241_64.go:13: missing error "x does not escape$"	154	bashy --bashpp --source=go --check --go-file test/fixedbugs/issue16241_64.go
149.1	fixedbugs/issue17318.go	interpreted	product	issue17318.go:25: missing error "... argument does not escape$"	154	bashy --bashpp --source=go --check --go-file test/fixedbugs/issue17318.go
149.1	fixedbugs/issue17449.go	compiled	product	# bashpp_s1572	151/152/154	bashy transpile --bashpp --source=go --go-file test/fixedbugs/issue17449.go -o /tmp/main.go
149.1	fixedbugs/issue19168.go	compiled	product	panic: runtime error: invalid memory address or nil pointer dereference	152	bashy transpile --bashpp --source=go --go-file test/fixedbugs/issue19168.go -o /tmp/main.go
149.1	fixedbugs/issue19168.go	interpreted	product	issue19168.go:19: missing error "write barrier"	154	bashy --bashpp --source=go --check --go-file test/fixedbugs/issue19168.go
149.1	fixedbugs/issue19743.go	interpreted	product	testdir_test.go:153: issue19743.go:19: missing error "leaking param: b$"	154	bashy --bashpp --source=go --check --go-file test/fixedbugs/issue19743.go
149.1	fixedbugs/issue20250.go	interpreted	product	issue20250.go:19: missing error "live at entry to f: a$"	154	bashy --bashpp --source=go --check --go-file test/fixedbugs/issue20250.go
149.1	fixedbugs/issue20298.go	compiled	product	fixedbugs/issue20298.go:14:2: "bufio" imported and not used	151/152/154	bashy transpile --bashpp --source=go --go-file test/fixedbugs/issue20298.go -o /tmp/main.go
149.1	fixedbugs/issue20298.go	interpreted	product	fixedbugs/issue20298.go:14:2: "bufio" imported and not used	151/152/154	bashy --bashpp --source=go --check --go-file test/fixedbugs/issue20298.go
149.1	fixedbugs/issue21709.go	compiled	product	../../bashpp-s1491.f3BbBr/goroot/test/fixedbugs/issue21709.go:13:7: s does not escape	151/152/154	bashy transpile --bashpp --source=go --go-file test/fixedbugs/issue21709.go -o /tmp/main.go
149.1	fixedbugs/issue21709.go	interpreted	product	issue21709.go:13: missing error "s does not escape"	154	bashy --bashpp --source=go --check --go-file test/fixedbugs/issue21709.go
149.1	fixedbugs/issue23521.go	interpreted	product	issue23521.go:16: missing error "can inline f"	154	bashy --bashpp --source=go --check --go-file test/fixedbugs/issue23521.go
149.1	fixedbugs/issue23609.go	compiled	product	../../bashpp-s1491.f3BbBr/goroot/test/fixedbugs/issue23609.go:23:15: use of promoted field t1.t1f1 in struct literal of type t2 requires go1.27 or later (-lang 	151	bashy transpile --bashpp --source=go --go-file test/fixedbugs/issue23609.go -o /tmp/main.go
149.1	fixedbugs/issue23609.go	interpreted	product	testdir_test.go:153: compilation succeeded unexpectedly	154	bashy --bashpp --source=go --check --go-file test/fixedbugs/issue23609.go
149.1	fixedbugs/issue24651a.go	compiled	product	../../bashpp-s1491.f3BbBr/goroot/test/fixedbugs/issue24651a.go:12:6: can inline Foo with cost 10 as: func(int) int { return x * (x + 1) * (x + 2) }	151/152/154	bashy transpile --bashpp --source=go --go-file test/fixedbugs/issue24651a.go -o /tmp/main.go
149.1	fixedbugs/issue24651a.go	interpreted	product	issue24651a.go:12: missing error "cannot inline Foo: marked go:norace with -race compilation$"	154	bashy --bashpp --source=go --check --go-file test/fixedbugs/issue24651a.go
149.1	fixedbugs/issue24651b.go	compiled	product	../../bashpp-s1491.f3BbBr/goroot/test/fixedbugs/issue24651b.go:10:6: can inline Foo with cost 10 as: func(int) int { return x * (x + 1) * (x + 2) }	151/152/154	bashy transpile --bashpp --source=go --go-file test/fixedbugs/issue24651b.go -o /tmp/main.go
149.1	fixedbugs/issue24651b.go	interpreted	product	issue24651b.go:10: missing error "can inline Foo with cost .* as: func\\(int\\) int { return x \\* \\(x \\+ 1\\) \\* \\(x \\+ 2\\) }$"	154	bashy --bashpp --source=go --check --go-file test/fixedbugs/issue24651b.go
149.1	fixedbugs/issue26416.go	compiled	product	fixedbugs/issue26416.go:24:9: invalid implicit pointer indirection to reach t1f1	151	bashy transpile --bashpp --source=go --go-file test/fixedbugs/issue26416.go -o /tmp/main.go
149.1	fixedbugs/issue26416.go	interpreted	product	fixedbugs/issue26416.go:24:9: invalid implicit pointer indirection to reach t1f1	151	bashy --bashpp --source=go --check --go-file test/fixedbugs/issue26416.go
149.1	fixedbugs/issue27557.go	interpreted	product	issue27557.go:13: missing error "t.noescape does not escape"	154	bashy --bashpp --source=go --check --go-file test/fixedbugs/issue27557.go
149.1	fixedbugs/issue27732a.go	interpreted	product	testdir_test.go:153: issue27732a.go:21: missing error "moved to heap: c$"	154	bashy --bashpp --source=go --check --go-file test/fixedbugs/issue27732a.go
149.1	fixedbugs/issue30898.go	interpreted	product	issue30898.go:11: missing error "can inline debugf"	154	bashy --bashpp --source=go --check --go-file test/fixedbugs/issue30898.go
149.1	fixedbugs/issue31573.go	interpreted	product	issue31573.go:13: missing error "... argument does not escape$"	154	bashy --bashpp --source=go --check --go-file test/fixedbugs/issue31573.go
149.1	fixedbugs/issue31747.go	compiled	product	../../bashpp-s1491.f3BbBr/goroot/test/fixedbugs/issue31747.go:30:24: invalid operation: signed shift count s (variable of type int) requires go1.13 or later (-l	151	bashy transpile --bashpp --source=go --go-file test/fixedbugs/issue31747.go -o /tmp/main.go
149.1	fixedbugs/issue31747.go	interpreted	product	testdir_test.go:153: compilation succeeded unexpectedly	154	bashy --bashpp --source=go --check --go-file test/fixedbugs/issue31747.go
149.1	fixedbugs/issue34329.go	interpreted	product	testdir_test.go:153: compilation succeeded unexpectedly	154	bashy --bashpp --source=go --check --go-file test/fixedbugs/issue34329.go
149.1	fixedbugs/issue34723.go	compiled	product	testdir_test.go:153: issue34723.go:66: missing error "write barrier"	154	bashy transpile --bashpp --source=go --go-file test/fixedbugs/issue34723.go -o /tmp/main.go
149.1	fixedbugs/issue34723.go	interpreted	product	testdir_test.go:153: issue34723.go:66: missing error "write barrier"	154	bashy --bashpp --source=go --check --go-file test/fixedbugs/issue34723.go
149.1	fixedbugs/issue35073b.go	interpreted	product	issue35073b.go:18: missing error "moved to heap: n"	154	bashy --bashpp --source=go --check --go-file test/fixedbugs/issue35073b.go
149.1	fixedbugs/issue35518.go	interpreted	product	issue35518.go:22: missing error "."	154	bashy --bashpp --source=go --check --go-file test/fixedbugs/issue35518.go
149.1	fixedbugs/issue39292.go	compiled	product	../../bashpp-s1491.f3BbBr/goroot/test/fixedbugs/issue39292.go:11:7: __bpp0_unnamed0 does not escape	151/152/154	bashy transpile --bashpp --source=go --go-file test/fixedbugs/issue39292.go -o /tmp/main.go
149.1	fixedbugs/issue39292.go	interpreted	product	issue39292.go:15: missing error "t{}.f escapes to heap"	154	bashy --bashpp --source=go --check --go-file test/fixedbugs/issue39292.go
149.1	fixedbugs/issue4099.go	compiled	product	panic: runtime error: invalid memory address or nil pointer dereference	152	bashy transpile --bashpp --source=go --go-file test/fixedbugs/issue4099.go -o /tmp/main.go
149.1	fixedbugs/issue4099.go	interpreted	product	testdir_test.go:153: issue4099.go:26: missing error "moved to heap: buf2"	154	bashy --bashpp --source=go --check --go-file test/fixedbugs/issue4099.go
149.1	fixedbugs/issue41635.go	interpreted	product	issue41635.go:9: missing error ""	154	bashy --bashpp --source=go --check --go-file test/fixedbugs/issue41635.go
149.1	fixedbugs/issue42944.go	compiled	product	panic: runtime error: invalid memory address or nil pointer dereference	152	bashy transpile --bashpp --source=go --go-file test/fixedbugs/issue42944.go -o /tmp/main.go
149.1	fixedbugs/issue46525.go	interpreted	product	testdir_test.go:153: compilation succeeded unexpectedly	154	bashy --bashpp --source=go --check --go-file test/fixedbugs/issue46525.go
149.1	fixedbugs/issue48097.go	compiled	product	issue48097.go:9: missing error "missing function body"	154	bashy transpile --bashpp --source=go --go-file test/fixedbugs/issue48097.go -o /tmp/main.go
149.1	fixedbugs/issue48097.go	interpreted	product	testdir_test.go:153: compilation succeeded unexpectedly	154	bashy --bashpp --source=go --check --go-file test/fixedbugs/issue48097.go
149.1	fixedbugs/issue49368.go	compiled	product	../../bashpp-s1491.f3BbBr/goroot/test/fixedbugs/issue49368.go:9:19: embedding non-interface type int requires go1.18 or later (-lang was set to go1.17; check go	151	bashy transpile --bashpp --source=go --go-file test/fixedbugs/issue49368.go -o /tmp/main.go
149.1	fixedbugs/issue49368.go	interpreted	product	testdir_test.go:153: compilation succeeded unexpectedly	154	bashy --bashpp --source=go --check --go-file test/fixedbugs/issue49368.go
149.1	fixedbugs/issue51531.go	interpreted	product	testdir_test.go:153: compilation succeeded unexpectedly	154	bashy --bashpp --source=go --check --go-file test/fixedbugs/issue51531.go
149.1	fixedbugs/issue52193.go	interpreted	product	issue52193.go:12: missing error "can inline f"	154	bashy --bashpp --source=go --check --go-file test/fixedbugs/issue52193.go
149.1	fixedbugs/issue54159.go	compiled	product	../../bashpp-s1491.f3BbBr/goroot/test/fixedbugs/issue54159.go:19:6: can inline g with cost 0 as: func() {  }	151/152/154	bashy transpile --bashpp --source=go --go-file test/fixedbugs/issue54159.go -o /tmp/main.go
149.1	fixedbugs/issue54159.go	interpreted	product	issue54159.go:10: missing error "cannot inline run: marked go:noinline"	154	bashy --bashpp --source=go --check --go-file test/fixedbugs/issue54159.go
149.1	fixedbugs/issue63333.go	compiled	product	testdir_test.go:153: compilation succeeded unexpectedly	154	bashy transpile --bashpp --source=go --go-file test/fixedbugs/issue63333.go -o /tmp/main.go
149.1	fixedbugs/issue63333.go	interpreted	product	testdir_test.go:153: compilation succeeded unexpectedly	154	bashy --bashpp --source=go --check --go-file test/fixedbugs/issue63333.go
149.1	fixedbugs/issue63489a.go	compiled	product	fixedbugs/issue63489a.go:18:16: cannot range over 10 (untyped int constant): requires go1.22 or later	151	bashy transpile --bashpp --source=go --go-file test/fixedbugs/issue63489a.go -o /tmp/main.go
149.1	fixedbugs/issue63489a.go	interpreted	product	fixedbugs/issue63489a.go:18:16: cannot range over 10 (untyped int constant): requires go1.22 or later	151	bashy --bashpp --source=go --check --go-file test/fixedbugs/issue63489a.go
149.1	fixedbugs/issue63489b.go	compiled	product	fixedbugs/issue63489b.go:18:16: cannot range over 10 (untyped int constant): requires go1.22 or later	151	bashy transpile --bashpp --source=go --go-file test/fixedbugs/issue63489b.go -o /tmp/main.go
149.1	fixedbugs/issue63489b.go	interpreted	product	fixedbugs/issue63489b.go:18:16: cannot range over 10 (untyped int constant): requires go1.22 or later	151	bashy --bashpp --source=go --check --go-file test/fixedbugs/issue63489b.go
149.1	fixedbugs/issue74626.go	compiled	product	testdir_test.go:153: compilation succeeded unexpectedly	154	bashy transpile --bashpp --source=go --go-file test/fixedbugs/issue74626.go -o /tmp/main.go
149.1	fixedbugs/issue74626.go	interpreted	product	testdir_test.go:153: compilation succeeded unexpectedly	154	bashy --bashpp --source=go --check --go-file test/fixedbugs/issue74626.go
149.1	fixedbugs/issue75278.go	interpreted	product	issue75278.go:11: missing error "can inline NoIndices with cost 4 as:.*"	154	bashy --bashpp --source=go --check --go-file test/fixedbugs/issue75278.go
149.1	fixedbugs/issue7921.go	interpreted	product	issue7921.go:22: missing error "\\[\\]byte{...} does not escape$"	154	bashy --bashpp --source=go --check --go-file test/fixedbugs/issue7921.go
149.1	fixedbugs/issue79258.go	interpreted	product	testdir_test.go:153: compilation succeeded unexpectedly	154	bashy --bashpp --source=go --check --go-file test/fixedbugs/issue79258.go
149.1	fixedbugs/notinheap.go	interpreted	product	testdir_test.go:153: compilation succeeded unexpectedly	154	bashy --bashpp --source=go --check --go-file test/fixedbugs/notinheap.go
149.1	fixedbugs/notinheap2.go	compiled	product	fixedbugs/notinheap2.go:61:11: gosource: unsupported expression *ast.StructType	151	bashy transpile --bashpp --source=go --go-file test/fixedbugs/notinheap2.go -o /tmp/main.go
149.1	fixedbugs/notinheap2.go	interpreted	product	fixedbugs/notinheap2.go:61:11: gosource: unsupported expression *ast.StructType	151	bashy --bashpp --source=go --check --go-file test/fixedbugs/notinheap2.go
149.1	fixedbugs/notinheap3.go	compiled	product	notinheap3.go:47: missing error "write barrier"	154	bashy transpile --bashpp --source=go --go-file test/fixedbugs/notinheap3.go -o /tmp/main.go
149.1	fixedbugs/notinheap3.go	interpreted	product	notinheap3.go:47: missing error "write barrier"	154	bashy --bashpp --source=go --check --go-file test/fixedbugs/notinheap3.go
149.1	fuse.go	compiled	product	fuse.go:16: missing error "Redirect Eq64 based on Eq64$"	154	bashy transpile --bashpp --source=go --go-file test/fuse.go -o /tmp/main.go
149.1	fuse.go	interpreted	product	fuse.go:16: missing error "Redirect Eq64 based on Eq64$"	154	bashy --bashpp --source=go --check --go-file test/fuse.go
149.1	initexp.go	compiled	product	initexp.go:15:5: initialization cycle for x	151/152/154	bashy transpile --bashpp --source=go --go-file test/initexp.go -o /tmp/main.go
149.1	initexp.go	interpreted	product	initexp.go:15:5: initialization cycle for x	151/152/154	bashy --bashpp --source=go --check --go-file test/initexp.go
149.1	inline_big.go	interpreted	product	inline_big.go:12: missing error "can inline small with cost .* as:.*"	154	bashy --bashpp --source=go --check --go-file test/inline_big.go
149.1	inline_math_bits_rotate.go	interpreted	product	testdir_test.go:153: inline_math_bits_rotate.go:23: missing error "can inline f"	154	bashy --bashpp --source=go --check --go-file test/inline_math_bits_rotate.go
149.1	inline_sync.go	interpreted	product	inline_sync.go:26: missing error "can inline small5"	154	bashy --bashpp --source=go --check --go-file test/inline_sync.go
149.1	inline_variadic.go	interpreted	product	inline_variadic.go:12: missing error "can inline head"	154	bashy --bashpp --source=go --check --go-file test/inline_variadic.go
149.1	interface/assertinline.go	compiled	product	assertinline.go:10: missing error "type assertion inlined"	154	bashy transpile --bashpp --source=go --go-file test/interface/assertinline.go -o /tmp/main.go
149.1	interface/assertinline.go	interpreted	product	assertinline.go:10: missing error "type assertion inlined"	154	bashy --bashpp --source=go --check --go-file test/interface/assertinline.go
149.1	internal/runtime/sys/inlinegcpc.go	compiled	product	panic: runtime error: invalid memory address or nil pointer dereference	152	bashy transpile --bashpp --source=go --go-file test/internal/runtime/sys/inlinegcpc.go -o /tmp/main.go
149.1	internal/runtime/sys/inlinegcpc.go	interpreted	product	inlinegcpc.go:19: missing error "can inline cpc"	154	bashy --bashpp --source=go --check --go-file test/internal/runtime/sys/inlinegcpc.go
149.1	intrinsic_atomic.go	compiled	product	intrinsic_atomic.go:16: missing error "intrinsic substitution for LoadUint32"	154	bashy transpile --bashpp --source=go --go-file test/intrinsic_atomic.go -o /tmp/main.go
149.1	intrinsic_atomic.go	interpreted	product	intrinsic_atomic.go:16: missing error "intrinsic substitution for LoadUint32"	154	bashy --bashpp --source=go --check --go-file test/intrinsic_atomic.go
149.1	known_bits.go	compiled	product	known_bits.go:16: missing error "known value of v[0-9]+ \\(And64\\): 1$"	154	bashy transpile --bashpp --source=go --go-file test/known_bits.go -o /tmp/main.go
149.1	known_bits.go	interpreted	product	known_bits.go:16: missing error "known value of v[0-9]+ \\(And64\\): 1$"	154	bashy --bashpp --source=go --check --go-file test/known_bits.go
149.1	live2.go	compiled	product	panic: runtime error: invalid memory address or nil pointer dereference	152	bashy transpile --bashpp --source=go --go-file test/live2.go -o /tmp/main.go
149.1	live2.go	interpreted	product	live2.go:25: missing error "live at call to makemap: &ret$"	154	bashy --bashpp --source=go --check --go-file test/live2.go
149.1	live_uintptrkeepalive.go	compiled	product	panic: runtime error: invalid memory address or nil pointer dereference	152	bashy transpile --bashpp --source=go --go-file test/live_uintptrkeepalive.go -o /tmp/main.go
149.1	live_uintptrkeepalive.go	interpreted	product	live_uintptrkeepalive.go:25: missing error "assuming ~p0 is unsafe uintptr"	154	bashy --bashpp --source=go --check --go-file test/live_uintptrkeepalive.go
149.1	loopbce.go	compiled	product	loopbce.go:11: missing error "Induction variable: limits \\[0,\\?\\), increment 1$"	154	bashy transpile --bashpp --source=go --go-file test/loopbce.go -o /tmp/main.go
149.1	loopbce.go	interpreted	product	loopbce.go:11: missing error "Induction variable: limits \\[0,\\?\\), increment 1$"	154	bashy --bashpp --source=go --check --go-file test/loopbce.go
149.1	nilcheck.go	compiled	product	panic: runtime error: invalid memory address or nil pointer dereference	152	bashy transpile --bashpp --source=go --go-file test/nilcheck.go -o /tmp/main.go
149.1	nilcheck.go	interpreted	product	nilcheck.go:43: missing error "nil check"	154	bashy --bashpp --source=go --check --go-file test/nilcheck.go
149.1	nilptr3.go	compiled	product	panic: runtime error: invalid memory address or nil pointer dereference	152	bashy transpile --bashpp --source=go --go-file test/nilptr3.go -o /tmp/main.go
149.1	nilptr3.go	interpreted	product	nilptr3.go:45: missing error "generated nil check"	154	bashy --bashpp --source=go --check --go-file test/nilptr3.go
149.1	nilptr5.go	compiled	product	nilptr5.go:15: missing error "removed nil check"	154	bashy transpile --bashpp --source=go --go-file test/nilptr5.go -o /tmp/main.go
149.1	nilptr5.go	interpreted	product	nilptr5.go:15: missing error "removed nil check"	154	bashy --bashpp --source=go --check --go-file test/nilptr5.go
149.1	nowritebarrier.go	compiled	product	testdir_test.go:153: compilation succeeded unexpectedly	154	bashy transpile --bashpp --source=go --go-file test/nowritebarrier.go -o /tmp/main.go
149.1	nowritebarrier.go	interpreted	product	testdir_test.go:153: compilation succeeded unexpectedly	154	bashy --bashpp --source=go --check --go-file test/nowritebarrier.go
149.1	opt_branchlikely.go	compiled	product	opt_branchlikely.go:15: missing error "Branch prediction rule stay in loop"	154	bashy transpile --bashpp --source=go --go-file test/opt_branchlikely.go -o /tmp/main.go
149.1	opt_branchlikely.go	interpreted	product	opt_branchlikely.go:15: missing error "Branch prediction rule stay in loop"	154	bashy --bashpp --source=go --check --go-file test/opt_branchlikely.go
149.1	phiopt.go	compiled	product	phiopt.go:19: missing error "converted OpPhi to Copy$"	154	bashy transpile --bashpp --source=go --go-file test/phiopt.go -o /tmp/main.go
149.1	phiopt.go	interpreted	product	phiopt.go:19: missing error "converted OpPhi to Copy$"	154	bashy --bashpp --source=go --check --go-file test/phiopt.go
149.1	prove.go	compiled	product	prove.go:2518:4: gosource: unsupported labeled branch	151	bashy transpile --bashpp --source=go --go-file test/prove.go -o /tmp/main.go
149.1	prove.go	interpreted	product	prove.go:2518:4: gosource: unsupported labeled branch	151	bashy --bashpp --source=go --check --go-file test/prove.go
149.1	prove_constant_folding.go	compiled	product	prove_constant_folding.go:13: missing error "Proved.+is constant 20$"	154	bashy transpile --bashpp --source=go --go-file test/prove_constant_folding.go -o /tmp/main.go
149.1	prove_constant_folding.go	interpreted	product	prove_constant_folding.go:13: missing error "Proved.+is constant 20$"	154	bashy --bashpp --source=go --check --go-file test/prove_constant_folding.go
149.1	prove_invert_loop_with_unused_iterators.go	compiled	product	testdir_test.go:153: prove_invert_loop_with_unused_iterators.go:8: missing error "(Inverted loop iteration|Induction variable: limits \\[0,\\?\\), increment 1)"	154	bashy transpile --bashpp --source=go --go-file test/prove_invert_loop_with_unused_iterators.go -o /tmp/main.go
149.1	prove_invert_loop_with_unused_iterators.go	interpreted	product	testdir_test.go:153: prove_invert_loop_with_unused_iterators.go:8: missing error "(Inverted loop iteration|Induction variable: limits \\[0,\\?\\), increment 1)"	154	bashy --bashpp --source=go --check --go-file test/prove_invert_loop_with_unused_iterators.go
149.1	sliceopt.go	compiled	product	sliceopt.go:12: missing error "append: len-only update \\(in local slice\\)$"	154	bashy transpile --bashpp --source=go --go-file test/sliceopt.go -o /tmp/main.go
149.1	sliceopt.go	interpreted	product	sliceopt.go:12: missing error "append: len-only update \\(in local slice\\)$"	154	bashy --bashpp --source=go --check --go-file test/sliceopt.go
149.1	tailcall.go	compiled	product	testdir_test.go:153: tailcall.go:19: missing error "tail call emitted for the method \\(\\*Foo\\).Get2Vals wrapper"	154	bashy transpile --bashpp --source=go --go-file test/tailcall.go -o /tmp/main.go
149.1	tailcall.go	interpreted	product	testdir_test.go:153: tailcall.go:19: missing error "tail call emitted for the method \\(\\*Foo\\).Get2Vals wrapper"	154	bashy --bashpp --source=go --check --go-file test/tailcall.go
149.1	typeparam/issue54497.go	interpreted	product	issue54497.go:13: missing error "can inline isAligned\\[uint\\]"	154	bashy --bashpp --source=go --check --go-file test/typeparam/issue54497.go
149.1	typeparam/pragma.go	compiled	product	../../bashpp-s1491.f3BbBr/goroot/test/typeparam/pragma.go:13:6: can inline f[go.shape.int]	151/152/154	bashy transpile --bashpp --source=go --go-file test/typeparam/pragma.go -o /tmp/main.go
149.1	typeparam/pragma.go	interpreted	product	testdir_test.go:153: pragma.go:17: missing error "can inline main"	154	bashy --bashpp --source=go --check --go-file test/typeparam/pragma.go
149.1	uintptrescapes2.go	compiled	product	../../bashpp-s1491.f3BbBr/goroot/test/uintptrescapes2.go:19:9: a does not escape	151/152/154	bashy transpile --bashpp --source=go --go-file test/uintptrescapes2.go -o /tmp/main.go
149.1	uintptrescapes2.go	interpreted	product	uintptrescapes2.go:16: missing error "escaping uintptr"	154	bashy --bashpp --source=go --check --go-file test/uintptrescapes2.go
149.1	uintptrkeepalive.go	compiled	product	testdir_test.go:153: compilation succeeded unexpectedly	154	bashy transpile --bashpp --source=go --go-file test/uintptrkeepalive.go -o /tmp/main.go
149.1	uintptrkeepalive.go	interpreted	product	testdir_test.go:153: compilation succeeded unexpectedly	154	bashy --bashpp --source=go --check --go-file test/uintptrkeepalive.go
149.1	writebarrier.go	compiled	product	writebarrier.go:17: missing error "write barrier"	154	bashy transpile --bashpp --source=go --go-file test/writebarrier.go -o /tmp/main.go
149.1	writebarrier.go	interpreted	product	writebarrier.go:17: missing error "write barrier"	154	bashy --bashpp --source=go --check --go-file test/writebarrier.go
149.2	closure5.go	compiled	product	main.go:4:8: "./a" is relative, but relative import paths are not supported in module mode	152	bashy transpile --bashpp --source=go --go-file test/closure5.go -o /tmp/main.go
149.2	fixedbugs/bug088.go	compiled	product	main.go:4:8: "./bug0" is relative, but relative import paths are not supported in module mode	152	bashy transpile --bashpp --source=go --go-file test/fixedbugs/bug088.go -o /tmp/main.go
149.2	fixedbugs/bug106.go	compiled	product	main.go:4:8: "./bug0" is relative, but relative import paths are not supported in module mode	152	bashy transpile --bashpp --source=go --go-file test/fixedbugs/bug106.go -o /tmp/main.go
149.2	fixedbugs/bug222.go	compiled	product	main.go:4:8: "./chanbug" is relative, but relative import paths are not supported in module mode	152	bashy transpile --bashpp --source=go --go-file test/fixedbugs/bug222.go -o /tmp/main.go
149.2	fixedbugs/bug282.go	compiled	product	main.go:4:8: "./p1" is relative, but relative import paths are not supported in module mode	152	bashy transpile --bashpp --source=go --go-file test/fixedbugs/bug282.go -o /tmp/main.go
149.2	fixedbugs/bug306.go	compiled	product	fixedbugs/bug306.dir/p1.go:8:1: LOWER-EUNDEFINED: undefined: p1	151	bashy transpile --bashpp --source=go --go-file test/fixedbugs/bug306.go -o /tmp/main.go
149.2	fixedbugs/bug335.go	compiled	product	main.go:7:8: "./a" is relative, but relative import paths are not supported in module mode	152	bashy transpile --bashpp --source=go --go-file test/fixedbugs/bug335.go -o /tmp/main.go
149.2	fixedbugs/bug377.go	compiled	product	main.go:4:8: "./one" is relative, but relative import paths are not supported in module mode	152	bashy transpile --bashpp --source=go --go-file test/fixedbugs/bug377.go -o /tmp/main.go
149.2	fixedbugs/bug382.go	compiled	product	main.go:7:8: "./pkg" is relative, but relative import paths are not supported in module mode	152	bashy transpile --bashpp --source=go --go-file test/fixedbugs/bug382.go -o /tmp/main.go
149.2	fixedbugs/bug392.go	compiled	product	panic: runtime error: invalid memory address or nil pointer dereference	152	bashy transpile --bashpp --source=go --go-file test/fixedbugs/bug392.go -o /tmp/main.go
149.2	fixedbugs/bug396.go	compiled	product	main.go:4:8: "./one" is relative, but relative import paths are not supported in module mode	152	bashy transpile --bashpp --source=go --go-file test/fixedbugs/bug396.go -o /tmp/main.go
149.2	fixedbugs/bug404.go	compiled	product	main.go:4:8: "./one" is relative, but relative import paths are not supported in module mode	152	bashy transpile --bashpp --source=go --go-file test/fixedbugs/bug404.go -o /tmp/main.go
149.2	fixedbugs/bug407.go	compiled	product	main.go:4:8: "./one" is relative, but relative import paths are not supported in module mode	152	bashy transpile --bashpp --source=go --go-file test/fixedbugs/bug407.go -o /tmp/main.go
149.2	fixedbugs/bug415.go	compiled	product	main.go:4:8: "./p" is relative, but relative import paths are not supported in module mode	152	bashy transpile --bashpp --source=go --go-file test/fixedbugs/bug415.go -o /tmp/main.go
149.2	fixedbugs/bug448.go	compiled	product	main.go:4:8: "./pkg1" is relative, but relative import paths are not supported in module mode	152	bashy transpile --bashpp --source=go --go-file test/fixedbugs/bug448.go -o /tmp/main.go
149.2	fixedbugs/bug467.go	compiled	product	main.go:4:8: "./p1" is relative, but relative import paths are not supported in module mode	152	bashy transpile --bashpp --source=go --go-file test/fixedbugs/bug467.go -o /tmp/main.go
149.2	fixedbugs/bug478.go	compiled	product	main.go:4:8: "./a" is relative, but relative import paths are not supported in module mode	152	bashy transpile --bashpp --source=go --go-file test/fixedbugs/bug478.go -o /tmp/main.go
149.2	fixedbugs/bug480.go	compiled	product	main.go:4:8: "./a" is relative, but relative import paths are not supported in module mode	152	bashy transpile --bashpp --source=go --go-file test/fixedbugs/bug480.go -o /tmp/main.go
149.2	fixedbugs/bug504.go	compiled	product	main.go:4:8: "./a" is relative, but relative import paths are not supported in module mode	152	bashy transpile --bashpp --source=go --go-file test/fixedbugs/bug504.go -o /tmp/main.go
149.2	fixedbugs/bug507.go	compiled	product	main.go:4:8: "./a" is relative, but relative import paths are not supported in module mode	152	bashy transpile --bashpp --source=go --go-file test/fixedbugs/bug507.go -o /tmp/main.go
149.2	fixedbugs/bug511.go	compiled	product	main.go:7:8: "./a" is relative, but relative import paths are not supported in module mode	152	bashy transpile --bashpp --source=go --go-file test/fixedbugs/bug511.go -o /tmp/main.go
149.2	fixedbugs/gcc67968.go	compiled	product	main.go:4:8: "./a" is relative, but relative import paths are not supported in module mode	152	bashy transpile --bashpp --source=go --go-file test/fixedbugs/gcc67968.go -o /tmp/main.go
149.2	fixedbugs/issue10066.go	compiled	product	main.go:4:8: "./a" is relative, but relative import paths are not supported in module mode	152	bashy transpile --bashpp --source=go --go-file test/fixedbugs/issue10066.go -o /tmp/main.go
149.2	fixedbugs/issue10219.go	compiled	product	fixedbugs/issue10219.dir/a.go:11:1: LOWER-EUNDEFINED: undefined: a	151	bashy transpile --bashpp --source=go --go-file test/fixedbugs/issue10219.go -o /tmp/main.go
149.2	fixedbugs/issue12677.go	compiled	product	main.go:4:8: "./p" is relative, but relative import paths are not supported in module mode	152	bashy transpile --bashpp --source=go --go-file test/fixedbugs/issue12677.go -o /tmp/main.go
149.2	fixedbugs/issue14164.go	compiled	product	main.go:4:8: "./a" is relative, but relative import paths are not supported in module mode	152	bashy transpile --bashpp --source=go --go-file test/fixedbugs/issue14164.go -o /tmp/main.go
149.2	fixedbugs/issue14331.go	compiled	product	main.go:4:8: "./a" is relative, but relative import paths are not supported in module mode	152	bashy transpile --bashpp --source=go --go-file test/fixedbugs/issue14331.go -o /tmp/main.go
149.2	fixedbugs/issue15470.go	compiled	product	main.go:4:8: "./a" is relative, but relative import paths are not supported in module mode	152	bashy transpile --bashpp --source=go --go-file test/fixedbugs/issue15470.go -o /tmp/main.go
149.2	fixedbugs/issue15548.go	compiled	product	main.go:4:8: "./a" is relative, but relative import paths are not supported in module mode	152	bashy transpile --bashpp --source=go --go-file test/fixedbugs/issue15548.go -o /tmp/main.go
149.2	fixedbugs/issue15572.go	compiled	product	main.go:4:8: "./a" is relative, but relative import paths are not supported in module mode	152	bashy transpile --bashpp --source=go --go-file test/fixedbugs/issue15572.go -o /tmp/main.go
149.2	fixedbugs/issue15838.go	compiled	product	fixedbugs/issue15838.dir/a.go:8:1: gosource: unsupported LabeledStmt	151	bashy transpile --bashpp --source=go --go-file test/fixedbugs/issue15838.go -o /tmp/main.go
149.2	fixedbugs/issue15838.go	interpreted	product	fixedbugs/issue15838.dir/a.go:8:1: gosource: unsupported LabeledStmt	151	bashy --bashpp --source=go --check --go-file test/fixedbugs/issue15838.go
149.2	fixedbugs/issue15920.go	compiled	product	main.go:4:8: "./a" is relative, but relative import paths are not supported in module mode	152	bashy transpile --bashpp --source=go --go-file test/fixedbugs/issue15920.go -o /tmp/main.go
149.2	fixedbugs/issue16317.go	compiled	product	main.go:4:8: "./a" is relative, but relative import paths are not supported in module mode	152	bashy transpile --bashpp --source=go --go-file test/fixedbugs/issue16317.go -o /tmp/main.go
149.2	fixedbugs/issue16616.go	compiled	product	main.go:4:8: "./a" is relative, but relative import paths are not supported in module mode	152	bashy transpile --bashpp --source=go --go-file test/fixedbugs/issue16616.go -o /tmp/main.go
149.2	fixedbugs/issue19699.go	compiled	product	fixedbugs/issue19699.dir/a.go:8:1: gosource: unsupported LabeledStmt	151	bashy transpile --bashpp --source=go --go-file test/fixedbugs/issue19699.go -o /tmp/main.go
149.2	fixedbugs/issue19699.go	interpreted	product	fixedbugs/issue19699.dir/a.go:8:1: gosource: unsupported LabeledStmt	151	bashy --bashpp --source=go --check --go-file test/fixedbugs/issue19699.go
149.2	fixedbugs/issue20682.go	compiled	product	main.go:4:8: "./p" is relative, but relative import paths are not supported in module mode	152	bashy transpile --bashpp --source=go --go-file test/fixedbugs/issue20682.go -o /tmp/main.go
149.2	fixedbugs/issue22962.go	compiled	product	main.go:4:8: "./a" is relative, but relative import paths are not supported in module mode	152	bashy transpile --bashpp --source=go --go-file test/fixedbugs/issue22962.go -o /tmp/main.go
149.2	fixedbugs/issue23179.go	compiled	product	main.go:4:8: "./a" is relative, but relative import paths are not supported in module mode	152	bashy transpile --bashpp --source=go --go-file test/fixedbugs/issue23179.go -o /tmp/main.go
149.2	fixedbugs/issue23311.go	compiled	product	panic: runtime error: invalid memory address or nil pointer dereference	152	bashy transpile --bashpp --source=go --go-file test/fixedbugs/issue23311.go -o /tmp/main.go
149.2	fixedbugs/issue24761.go	compiled	product	main.go:4:8: "./a" is relative, but relative import paths are not supported in module mode	152	bashy transpile --bashpp --source=go --go-file test/fixedbugs/issue24761.go -o /tmp/main.go
149.2	fixedbugs/issue24801.go	compiled	product	fixedbugs/issue24801.dir/a.go:7:1: LOWER-ETYPE: cannot declare main - must be func	151	bashy transpile --bashpp --source=go --go-file test/fixedbugs/issue24801.go -o /tmp/main.go
149.2	fixedbugs/issue25055.go	compiled	product	main.go:7:8: "./a" is relative, but relative import paths are not supported in module mode	152	bashy transpile --bashpp --source=go --go-file test/fixedbugs/issue25055.go -o /tmp/main.go
149.2	fixedbugs/issue25984.go	compiled	product	main.go:4:8: "./p" is relative, but relative import paths are not supported in module mode	152	bashy transpile --bashpp --source=go --go-file test/fixedbugs/issue25984.go -o /tmp/main.go
149.2	fixedbugs/issue26341.go	compiled	product	main.go:4:8: "./a" is relative, but relative import paths are not supported in module mode	152	bashy transpile --bashpp --source=go --go-file test/fixedbugs/issue26341.go -o /tmp/main.go
149.2	fixedbugs/issue27836.go	compiled	product	main.go:5:8: "./Þfoo" is relative, but relative import paths are not supported in module mode	152	bashy transpile --bashpp --source=go --go-file test/fixedbugs/issue27836.go -o /tmp/main.go
149.2	fixedbugs/issue30659.go	compiled	product	main.go:4:8: "./a" is relative, but relative import paths are not supported in module mode	152	bashy transpile --bashpp --source=go --go-file test/fixedbugs/issue30659.go -o /tmp/main.go
149.2	fixedbugs/issue30907.go	compiled	product	main.go:4:8: "./a" is relative, but relative import paths are not supported in module mode	152	bashy transpile --bashpp --source=go --go-file test/fixedbugs/issue30907.go -o /tmp/main.go
149.2	fixedbugs/issue31252.go	compiled	product	main.go:7:8: "./a" is relative, but relative import paths are not supported in module mode	152	bashy transpile --bashpp --source=go --go-file test/fixedbugs/issue31252.go -o /tmp/main.go
149.2	fixedbugs/issue31637.go	compiled	product	main.go:4:8: "./a" is relative, but relative import paths are not supported in module mode	152	bashy transpile --bashpp --source=go --go-file test/fixedbugs/issue31637.go -o /tmp/main.go
149.2	fixedbugs/issue32778.go	compiled	product	main.go:4:8: "./a" is relative, but relative import paths are not supported in module mode	152	bashy transpile --bashpp --source=go --go-file test/fixedbugs/issue32778.go -o /tmp/main.go
149.2	fixedbugs/issue32922.go	compiled	product	main.go:4:8: "./a" is relative, but relative import paths are not supported in module mode	152	bashy transpile --bashpp --source=go --go-file test/fixedbugs/issue32922.go -o /tmp/main.go
149.2	fixedbugs/issue33013.go	compiled	product	main.go:4:8: "./a" is relative, but relative import paths are not supported in module mode	152	bashy transpile --bashpp --source=go --go-file test/fixedbugs/issue33013.go -o /tmp/main.go
149.2	fixedbugs/issue33020.go	compiled	product	main.go:7:8: "./a" is relative, but relative import paths are not supported in module mode	152	bashy transpile --bashpp --source=go --go-file test/fixedbugs/issue33020.go -o /tmp/main.go
149.2	fixedbugs/issue33020a.go	compiled	product	main.go:4:8: "./a" is relative, but relative import paths are not supported in module mode	152	bashy transpile --bashpp --source=go --go-file test/fixedbugs/issue33020a.go -o /tmp/main.go
149.2	fixedbugs/issue33158.go	compiled	product	main.go:4:8: "./a" is relative, but relative import paths are not supported in module mode	152	bashy transpile --bashpp --source=go --go-file test/fixedbugs/issue33158.go -o /tmp/main.go
149.2	fixedbugs/issue33219.go	compiled	product	main.go:4:8: "./a" is relative, but relative import paths are not supported in module mode	152	bashy transpile --bashpp --source=go --go-file test/fixedbugs/issue33219.go -o /tmp/main.go
149.2	fixedbugs/issue33866.go	compiled	product	main.go:4:8: "./a" is relative, but relative import paths are not supported in module mode	152	bashy transpile --bashpp --source=go --go-file test/fixedbugs/issue33866.go -o /tmp/main.go
149.2	fixedbugs/issue34503.go	compiled	product	main.go:4:8: "./a" is relative, but relative import paths are not supported in module mode	152	bashy transpile --bashpp --source=go --go-file test/fixedbugs/issue34503.go -o /tmp/main.go
149.2	fixedbugs/issue34577.go	compiled	product	main.go:7:8: "./a" is relative, but relative import paths are not supported in module mode	152	bashy transpile --bashpp --source=go --go-file test/fixedbugs/issue34577.go -o /tmp/main.go
149.2	fixedbugs/issue3552.go	compiled	product	main.go:4:8: "./one" is relative, but relative import paths are not supported in module mode	152	bashy transpile --bashpp --source=go --go-file test/fixedbugs/issue3552.go -o /tmp/main.go
149.2	fixedbugs/issue35586.go	compiled	product	main.go:4:8: "./a" is relative, but relative import paths are not supported in module mode	152	bashy transpile --bashpp --source=go --go-file test/fixedbugs/issue35586.go -o /tmp/main.go
149.2	fixedbugs/issue35739.go	compiled	product	main.go:4:8: "./a" is relative, but relative import paths are not supported in module mode	152	bashy transpile --bashpp --source=go --go-file test/fixedbugs/issue35739.go -o /tmp/main.go
149.2	fixedbugs/issue36085.go	compiled	product	main.go:4:8: "./a" is relative, but relative import paths are not supported in module mode	152	bashy transpile --bashpp --source=go --go-file test/fixedbugs/issue36085.go -o /tmp/main.go
149.2	fixedbugs/issue43164.go	compiled	product	fixedbugs/issue43164.dir/a.go:9:1: LOWER-ETYPE: cannot use Index (value of type func(s []byte, sep []byte) int) as func(s string, substr string) int value in va	151	bashy transpile --bashpp --source=go --go-file test/fixedbugs/issue43164.go -o /tmp/main.go
149.2	fixedbugs/issue4326.go	compiled	product	main.go:4:8: "./p1" is relative, but relative import paths are not supported in module mode	152	bashy transpile --bashpp --source=go --go-file test/fixedbugs/issue4326.go -o /tmp/main.go
149.2	fixedbugs/issue43479.go	compiled	product	panic: runtime error: invalid memory address or nil pointer dereference	152	bashy transpile --bashpp --source=go --go-file test/fixedbugs/issue43479.go -o /tmp/main.go
149.2	fixedbugs/issue43551.go	compiled	product	main.go:7:8: "./a" is relative, but relative import paths are not supported in module mode	152	bashy transpile --bashpp --source=go --go-file test/fixedbugs/issue43551.go -o /tmp/main.go
149.2	fixedbugs/issue4370.go	compiled	product	main.go:7:8: "./p1" is relative, but relative import paths are not supported in module mode	152	bashy transpile --bashpp --source=go --go-file test/fixedbugs/issue4370.go -o /tmp/main.go
149.2	fixedbugs/issue44325.go	compiled	product	main.go:4:8: "./a" is relative, but relative import paths are not supported in module mode	152	bashy transpile --bashpp --source=go --go-file test/fixedbugs/issue44325.go -o /tmp/main.go
149.2	fixedbugs/issue44335.go	compiled	product	main.go:4:8: "./a" is relative, but relative import paths are not supported in module mode	152	bashy transpile --bashpp --source=go --go-file test/fixedbugs/issue44335.go -o /tmp/main.go
149.2	fixedbugs/issue44355.go	compiled	product	fixedbugs/issue44355.dir/b.go:9:1: LOWER-ETYPE: cannot use __gosource_import_0_0.F() (value of type *int) as int value in variable declaration	151	bashy transpile --bashpp --source=go --go-file test/fixedbugs/issue44355.go -o /tmp/main.go
149.2	fixedbugs/issue44370.go	compiled	product	main.go:4:8: "./a" is relative, but relative import paths are not supported in module mode	152	bashy transpile --bashpp --source=go --go-file test/fixedbugs/issue44370.go -o /tmp/main.go
149.2	fixedbugs/issue45503.go	compiled	product	main.go:4:8: "./a" is relative, but relative import paths are not supported in module mode	152	bashy transpile --bashpp --source=go --go-file test/fixedbugs/issue45503.go -o /tmp/main.go
149.2	fixedbugs/issue47131.go	compiled	product	main.go:4:8: "./a" is relative, but relative import paths are not supported in module mode	152	bashy transpile --bashpp --source=go --go-file test/fixedbugs/issue47131.go -o /tmp/main.go
149.2	fixedbugs/issue48088.go	compiled	product	main.go:4:8: "./a" is relative, but relative import paths are not supported in module mode	152	bashy transpile --bashpp --source=go --go-file test/fixedbugs/issue48088.go -o /tmp/main.go
149.2	fixedbugs/issue4879.go	compiled	product	main.go:4:8: "./a" is relative, but relative import paths are not supported in module mode	152	bashy transpile --bashpp --source=go --go-file test/fixedbugs/issue4879.go -o /tmp/main.go
149.2	fixedbugs/issue49016.go	compiled	product	main.go:7:8: "./a" is relative, but relative import paths are not supported in module mode	152	bashy transpile --bashpp --source=go --go-file test/fixedbugs/issue49016.go -o /tmp/main.go
149.2	fixedbugs/issue49094.go	compiled	product	main.go:4:8: "./a" is relative, but relative import paths are not supported in module mode	152	bashy transpile --bashpp --source=go --go-file test/fixedbugs/issue49094.go -o /tmp/main.go
149.2	fixedbugs/issue49143.go	compiled	product	main.go:4:8: "./a" is relative, but relative import paths are not supported in module mode	152	bashy transpile --bashpp --source=go --go-file test/fixedbugs/issue49143.go -o /tmp/main.go
149.2	fixedbugs/issue4932.go	compiled	product	main.go:4:8: "./foo" is relative, but relative import paths are not supported in module mode	152	bashy transpile --bashpp --source=go --go-file test/fixedbugs/issue4932.go -o /tmp/main.go
149.2	fixedbugs/issue5125.go	compiled	product	main.go:4:8: "./bug" is relative, but relative import paths are not supported in module mode	152	bashy transpile --bashpp --source=go --go-file test/fixedbugs/issue5125.go -o /tmp/main.go
149.2	fixedbugs/issue51291.go	compiled	product	fixedbugs/issue51291.dir/b.go:7:1: LOWER-ETYPE: "test/a" imported as __gosource_import_0_0 and not used	151/152/154	bashy transpile --bashpp --source=go --go-file test/fixedbugs/issue51291.go -o /tmp/main.go
149.2	fixedbugs/issue52128.go	compiled	product	main.go:7:8: "./a" is relative, but relative import paths are not supported in module mode	152	bashy transpile --bashpp --source=go --go-file test/fixedbugs/issue52128.go -o /tmp/main.go
149.2	fixedbugs/issue5259.go	compiled	product	main.go:4:8: "./bug" is relative, but relative import paths are not supported in module mode	152	bashy transpile --bashpp --source=go --go-file test/fixedbugs/issue5259.go -o /tmp/main.go
149.2	fixedbugs/issue52590.go	compiled	product	main.go:4:8: "./a" is relative, but relative import paths are not supported in module mode	152	bashy transpile --bashpp --source=go --go-file test/fixedbugs/issue52590.go -o /tmp/main.go
149.2	fixedbugs/issue52862.go	compiled	product	main.go:4:8: "./a" is relative, but relative import paths are not supported in module mode	152	bashy transpile --bashpp --source=go --go-file test/fixedbugs/issue52862.go -o /tmp/main.go
149.2	fixedbugs/issue5470.go	compiled	product	main.go:4:8: "./a" is relative, but relative import paths are not supported in module mode	152	bashy transpile --bashpp --source=go --go-file test/fixedbugs/issue5470.go -o /tmp/main.go
149.2	fixedbugs/issue5614.go	compiled	product	main.go:4:8: "./rethinkgo" is relative, but relative import paths are not supported in module mode	152	bashy transpile --bashpp --source=go --go-file test/fixedbugs/issue5614.go -o /tmp/main.go
149.2	fixedbugs/issue56778.go	compiled	product	fixedbugs/issue56778.dir/b.go:9:1: LOWER-ETYPE: cannot use __gosource_import_0_0.NewA(int(0)) (value of type *a.A) as a.A value in variable declaration	151	bashy transpile --bashpp --source=go --go-file test/fixedbugs/issue56778.go -o /tmp/main.go
149.2	fixedbugs/issue5755.go	compiled	product	fixedbugs/issue5755.dir/a.go:54:9: gosource: unsupported expression statement	151	bashy transpile --bashpp --source=go --go-file test/fixedbugs/issue5755.go -o /tmp/main.go
149.2	fixedbugs/issue5755.go	interpreted	product	fixedbugs/issue5755.dir/a.go:54:9: gosource: unsupported expression statement	151	bashy --bashpp --source=go --check --go-file test/fixedbugs/issue5755.go
149.2	fixedbugs/issue58339.go	compiled	product	main.go:4:8: "./a" is relative, but relative import paths are not supported in module mode	152	bashy transpile --bashpp --source=go --go-file test/fixedbugs/issue58339.go -o /tmp/main.go
149.2	fixedbugs/issue58563.go	compiled	product	main.go:7:8: package test/a is not in std (/srv/sprint149/s149-static/tmp/bashpp-s1492.yyZssH/goroot/src/test/a)	151/152/154	bashy transpile --bashpp --source=go --go-file test/fixedbugs/issue58563.go -o /tmp/main.go
149.2	fixedbugs/issue5910.go	compiled	product	main.go:4:8: "./a" is relative, but relative import paths are not supported in module mode	152	bashy transpile --bashpp --source=go --go-file test/fixedbugs/issue5910.go -o /tmp/main.go
149.2	fixedbugs/issue60945.go	compiled	product	main.go:7:8: "./a" is relative, but relative import paths are not supported in module mode	152	bashy transpile --bashpp --source=go --go-file test/fixedbugs/issue60945.go -o /tmp/main.go
149.2	fixedbugs/issue6295.go	compiled	product	main.go:4:8: "./p0" is relative, but relative import paths are not supported in module mode	152	bashy transpile --bashpp --source=go --go-file test/fixedbugs/issue6295.go -o /tmp/main.go
149.2	fixedbugs/issue6513.go	compiled	product	main.go:4:8: "./a" is relative, but relative import paths are not supported in module mode	152	bashy transpile --bashpp --source=go --go-file test/fixedbugs/issue6513.go -o /tmp/main.go
149.2	fixedbugs/issue7023.go	compiled	product	fixedbugs/issue7023.dir/a.go:8:2: gosource: unsupported labeled branch	151	bashy transpile --bashpp --source=go --go-file test/fixedbugs/issue7023.go -o /tmp/main.go
149.2	fixedbugs/issue7023.go	interpreted	product	fixedbugs/issue7023.dir/a.go:8:2: gosource: unsupported labeled branch	151	bashy --bashpp --source=go --check --go-file test/fixedbugs/issue7023.go
149.2	fixedbugs/issue7648.go	compiled	product	main.go:7:8: "./a" is relative, but relative import paths are not supported in module mode	152	bashy transpile --bashpp --source=go --go-file test/fixedbugs/issue7648.go -o /tmp/main.go
149.2	fixedbugs/issue8060.go	compiled	product	main.go:7:8: "./a" is relative, but relative import paths are not supported in module mode	152	bashy transpile --bashpp --source=go --go-file test/fixedbugs/issue8060.go -o /tmp/main.go
149.2	fixedbugs/issue8280.go	compiled	product	main.go:7:8: "./a" is relative, but relative import paths are not supported in module mode	152	bashy transpile --bashpp --source=go --go-file test/fixedbugs/issue8280.go -o /tmp/main.go
149.2	import2.go	compiled	product	panic: runtime error: invalid memory address or nil pointer dereference	152	bashy transpile --bashpp --source=go --go-file test/import2.go -o /tmp/main.go
149.2	interface/recursive1.go	compiled	product	main.go:4:8: "./recursive1" is relative, but relative import paths are not supported in module mode	152	bashy transpile --bashpp --source=go --go-file test/interface/recursive1.go -o /tmp/main.go
149.2	typeparam/issue46461b.go	compiled	product	main.go:4:8: "./a" is relative, but relative import paths are not supported in module mode	152	bashy transpile --bashpp --source=go --go-file test/typeparam/issue46461b.go -o /tmp/main.go
149.2	typeparam/issue47892b.go	compiled	product	main.go:4:8: "./a" is relative, but relative import paths are not supported in module mode	152	bashy transpile --bashpp --source=go --go-file test/typeparam/issue47892b.go -o /tmp/main.go
149.2	typeparam/issue48094b.go	compiled	product	main.go:4:8: "./a" is relative, but relative import paths are not supported in module mode	152	bashy transpile --bashpp --source=go --go-file test/typeparam/issue48094b.go -o /tmp/main.go
149.2	typeparam/issue49246.go	compiled	product	main.go:7:8: "./a" is relative, but relative import paths are not supported in module mode	152	bashy transpile --bashpp --source=go --go-file test/typeparam/issue49246.go -o /tmp/main.go
149.2	typeparam/issue49536.go	compiled	product	main.go:4:8: "./a" is relative, but relative import paths are not supported in module mode	152	bashy transpile --bashpp --source=go --go-file test/typeparam/issue49536.go -o /tmp/main.go
149.2	typeparam/issue49659.go	compiled	product	main.go:4:8: "./a" is relative, but relative import paths are not supported in module mode	152	bashy transpile --bashpp --source=go --go-file test/typeparam/issue49659.go -o /tmp/main.go
149.2	typeparam/issue49893.go	compiled	product	main.go:4:8: "./a" is relative, but relative import paths are not supported in module mode	152	bashy transpile --bashpp --source=go --go-file test/typeparam/issue49893.go -o /tmp/main.go
149.2	typeparam/issue50437.go	compiled	product	main.go:4:8: "./a" is relative, but relative import paths are not supported in module mode	152	bashy transpile --bashpp --source=go --go-file test/typeparam/issue50437.go -o /tmp/main.go
149.2	typeparam/issue50485.go	compiled	product	main.go:4:8: "./a" is relative, but relative import paths are not supported in module mode	152	bashy transpile --bashpp --source=go --go-file test/typeparam/issue50485.go -o /tmp/main.go
149.2	typeparam/issue50486.go	compiled	product	main.go:4:8: "./goerror_fp" is relative, but relative import paths are not supported in module mode	152	bashy transpile --bashpp --source=go --go-file test/typeparam/issue50486.go -o /tmp/main.go
149.2	typeparam/issue50552.go	compiled	product	main.go:4:8: "./a" is relative, but relative import paths are not supported in module mode	152	bashy transpile --bashpp --source=go --go-file test/typeparam/issue50552.go -o /tmp/main.go
149.2	typeparam/issue50561.go	compiled	product	main.go:4:8: "./diameter" is relative, but relative import paths are not supported in module mode	152	bashy transpile --bashpp --source=go --go-file test/typeparam/issue50561.go -o /tmp/main.go
149.2	typeparam/issue50841.go	compiled	product	main.go:4:8: "./a" is relative, but relative import paths are not supported in module mode	152	bashy transpile --bashpp --source=go --go-file test/typeparam/issue50841.go -o /tmp/main.go
149.2	typeparam/issue51219b.go	compiled	product	main.go:4:8: "./a" is relative, but relative import paths are not supported in module mode	152	bashy transpile --bashpp --source=go --go-file test/typeparam/issue51219b.go -o /tmp/main.go
149.2	typeparam/issue51423.go	compiled	product	typeparam/issue51423.dir/b.go:6:9: gosource: unsupported function value type	151	bashy transpile --bashpp --source=go --go-file test/typeparam/issue51423.go -o /tmp/main.go
149.2	typeparam/issue51423.go	interpreted	product	typeparam/issue51423.dir/b.go:6:9: gosource: unsupported function value type	151	bashy --bashpp --source=go --check --go-file test/typeparam/issue51423.go
149.2	typeparam/issue51836.go	compiled	product	main.go:4:8: "./a" is relative, but relative import paths are not supported in module mode	152	bashy transpile --bashpp --source=go --go-file test/typeparam/issue51836.go -o /tmp/main.go
149.2	typeparam/issue52117.go	compiled	product	main.go:4:8: "./a" is relative, but relative import paths are not supported in module mode	152	bashy transpile --bashpp --source=go --go-file test/typeparam/issue52117.go -o /tmp/main.go
149.2	typeparam/mdempsky/1.go	compiled	product	main.go:4:8: "./a" is relative, but relative import paths are not supported in module mode	152	bashy transpile --bashpp --source=go --go-file test/typeparam/mdempsky/1.go -o /tmp/main.go
149.2	typeparam/mdempsky/3.go	compiled	product	main.go:4:8: "./a" is relative, but relative import paths are not supported in module mode	152	bashy transpile --bashpp --source=go --go-file test/typeparam/mdempsky/3.go -o /tmp/main.go
149.2	typeparam/mdempsky/4.go	compiled	product	typeparam/mdempsky/4.dir/a.go:8:1: gosource: unsupported LabeledStmt	151	bashy transpile --bashpp --source=go --go-file test/typeparam/mdempsky/4.go -o /tmp/main.go
149.2	typeparam/mdempsky/4.go	interpreted	product	typeparam/mdempsky/4.dir/a.go:8:1: gosource: unsupported LabeledStmt	151	bashy --bashpp --source=go --check --go-file test/typeparam/mdempsky/4.go
149.2	typeparam/mdempsky/7.go	compiled	product	main.go:7:8: "./a" is relative, but relative import paths are not supported in module mode	152	bashy transpile --bashpp --source=go --go-file test/typeparam/mdempsky/7.go -o /tmp/main.go
149.2	typeparam/mutualimp.go	compiled	product	main.go:4:8: "./a" is relative, but relative import paths are not supported in module mode	152	bashy transpile --bashpp --source=go --go-file test/typeparam/mutualimp.go -o /tmp/main.go
149.5	fixedbugs/bug133.go	compiled	product	main.go:4:8: "./bug0" is relative, but relative import paths are not supported in module mode	152	bashy transpile --bashpp --source=go --go-file test/fixedbugs/bug133.go -o /tmp/main.go
149.5	fixedbugs/issue16133.go	compiled	product	main.go:4:8: "./a2" is relative, but relative import paths are not supported in module mode	152	bashy transpile --bashpp --source=go --go-file test/fixedbugs/issue16133.go -o /tmp/main.go
149.5	fixedbugs/issue18895.go	compiled	product	main.go:4:8: "./p" is relative, but relative import paths are not supported in module mode	152	bashy transpile --bashpp --source=go --go-file test/fixedbugs/issue18895.go -o /tmp/main.go
149.5	fixedbugs/issue18895.go	interpreted	product	p.go:7: missing error "can inline"	154	bashy --bashpp --source=go --check --go-file test/fixedbugs/issue18895.go
149.5	fixedbugs/issue19261.go	compiled	product	main.go:4:8: "./p" is relative, but relative import paths are not supported in module mode	152	bashy transpile --bashpp --source=go --go-file test/fixedbugs/issue19261.go -o /tmp/main.go
149.5	fixedbugs/issue19261.go	interpreted	product	p.go:7: missing error "can inline F"	154	bashy --bashpp --source=go --check --go-file test/fixedbugs/issue19261.go
149.5	fixedbugs/issue42284.go	compiled	product	main.go:4:8: "./a" is relative, but relative import paths are not supported in module mode	152	bashy transpile --bashpp --source=go --go-file test/fixedbugs/issue42284.go -o /tmp/main.go
149.5	fixedbugs/issue42284.go	interpreted	product	a.go:10: missing error "can inline T.M"	154	bashy --bashpp --source=go --check --go-file test/fixedbugs/issue42284.go
149.5	fixedbugs/issue4510.go	compiled	product	fixedbugs/issue4510.dir/f2.go:7:6: fmt already declared through import of package fmt ("fmt")	151/152/154	bashy transpile --bashpp --source=go --go-file test/fixedbugs/issue4510.go -o /tmp/main.go
149.5	fixedbugs/issue4510.go	interpreted	product	fixedbugs/issue4510.dir/f2.go:7:6: fmt already declared through import of package fmt ("fmt")	151/152/154	bashy --bashpp --source=go --check --go-file test/fixedbugs/issue4510.go
149.5	fixedbugs/issue47201.go	compiled	product	fixedbugs/issue47201.dir/b.go:7:6: Println already declared through dot-import of package fmt ("fmt")	151/152/154	bashy transpile --bashpp --source=go --go-file test/fixedbugs/issue47201.go -o /tmp/main.go
149.5	fixedbugs/issue47201.go	interpreted	product	fixedbugs/issue47201.dir/b.go:7:6: Println already declared through dot-import of package fmt ("fmt")	151/152/154	bashy --bashpp --source=go --check --go-file test/fixedbugs/issue47201.go
149.5	fixedbugs/issue50788.go	compiled	product	fixedbugs/issue50788.dir/b.go:9:6: invalid recursive type T	151	bashy transpile --bashpp --source=go --go-file test/fixedbugs/issue50788.go -o /tmp/main.go
149.5	fixedbugs/issue50788.go	interpreted	product	fixedbugs/issue50788.dir/b.go:9:6: invalid recursive type T	151	bashy --bashpp --source=go --check --go-file test/fixedbugs/issue50788.go
149.5	fixedbugs/issue56280.go	compiled	product	main.go:4:8: package test/a is not in std (/srv/sprint149/s149-static/tmp/bashpp-s1495.WxBrO5/goroot/src/test/a)	151/152/154	bashy transpile --bashpp --source=go --go-file test/fixedbugs/issue56280.go -o /tmp/main.go
149.5	fixedbugs/issue56280.go	interpreted	product	a.go:7: missing error "can inline F"	154	bashy --bashpp --source=go --check --go-file test/fixedbugs/issue56280.go
149.5	interface/private.go	compiled	product	interface/private.dir/private1.go:17:1: LOWER-EUNDEFINED: undefined: p	151	bashy transpile --bashpp --source=go --go-file test/interface/private.go -o /tmp/main.go
149.5	typeparam/issue48962.go	compiled	product	typeparam/issue48962.dir/b.go:18:2: invalid recursive type A	151	bashy transpile --bashpp --source=go --go-file test/typeparam/issue48962.go -o /tmp/main.go
149.5	typeparam/issue48962.go	interpreted	product	typeparam/issue48962.dir/b.go:18:2: invalid recursive type A	151	bashy --bashpp --source=go --check --go-file test/typeparam/issue48962.go
149.7	fixedbugs/issue22877.go	compiled	product	testdir_test.go:153: Bash++ backend unsupported generate phase: compile input "fixedbugs/issue22877.dir/p.s" is not a Go source file	152	bashy transpile --bashpp --source=go --go-file test/fixedbugs/issue22877.go -o /tmp/main.go
149.7	fixedbugs/issue22877.go	interpreted	product	testdir_test.go:153: Bash++ backend unsupported generate phase: compile input "fixedbugs/issue22877.dir/p.s" is not a Go source file	152	bashy --bashpp --source=go --check --go-file test/fixedbugs/issue22877.go
149.7	fixedbugs/issue47317.go	compiled	product	testdir_test.go:153: Bash++ backend unsupported generate phase: compile input "fixedbugs/issue47317.dir/a.s" is not a Go source file	152	bashy transpile --bashpp --source=go --go-file test/fixedbugs/issue47317.go -o /tmp/main.go
149.7	fixedbugs/issue47317.go	interpreted	product	testdir_test.go:153: Bash++ backend unsupported generate phase: compile input "fixedbugs/issue47317.dir/a.s" is not a Go source file	152	bashy --bashpp --source=go --check --go-file test/fixedbugs/issue47317.go
149.8	index1.go	compiled	product	./index.go:294:10: gosource: unsupported range assignment target	151	bashy transpile --bashpp --source=go --go-file test/index1.go -o /tmp/main.go
149.8	index1.go	interpreted	product	./index.go:294:10: gosource: unsupported range assignment target	151	bashy --bashpp --source=go --check --go-file test/index1.go
149.8	index2.go	compiled	product	./index.go:294:10: gosource: unsupported range assignment target	151	bashy transpile --bashpp --source=go --go-file test/index2.go -o /tmp/main.go
149.8	index2.go	interpreted	product	./index.go:294:10: gosource: unsupported range assignment target	151	bashy --bashpp --source=go --check --go-file test/index2.go
149.8	nul1.go	compiled	product	/srv/sprint149/s149-static/tmp/Testnul1.go469926636/001/tmp__.go:4:20: illegal character NUL	151/152/154	bashy transpile --bashpp --source=go --go-file test/nul1.go -o /tmp/main.go
149.8	nul1.go	interpreted	product	nul1.go:21:20: BASHPP-ESELECTOR-ROOT: s is not a structured value	151/152/154	bashy --bashpp --source=go --check --go-file test/nul1.go
149.9	inline.go	compiled	product	inline.go:154:2: gosource: unsupported LabeledStmt	151	bashy transpile --bashpp --source=go --go-file test/inline.go -o /tmp/main.go
149.9	inline.go	interpreted	product	inline.go:154:2: gosource: unsupported LabeledStmt	151	bashy --bashpp --source=go --check --go-file test/inline.go
149.9	inline_endian.go	interpreted	product	inline_endian.go:19: missing error "can inline endian"	154	bashy --bashpp --source=go --check --go-file test/inline_endian.go
149.9	live_regabi.go	compiled	product	live_regabi.go:642:8: gosource: unsupported compound simple statement	151	bashy transpile --bashpp --source=go --go-file test/live_regabi.go -o /tmp/main.go
149.9	live_regabi.go	interpreted	product	live_regabi.go:642:8: gosource: unsupported compound simple statement	151	bashy --bashpp --source=go --check --go-file test/live_regabi.go
149.3	codegen/addrcalc.go	compiled	product	codegen/addrcalc.go:13: linux/amd64/v1: opcode not found: `^ADDQ`	152	bashy transpile --bashpp --source=go --go-file test/codegen/addrcalc.go -o /tmp/main.go
149.3	codegen/alloc.go	compiled	product	codegen/alloc.go:18:13: gosource: unsupported expression *ast.StructType	151	bashy transpile --bashpp --source=go --go-file test/codegen/alloc.go -o /tmp/main.go
149.3	codegen/append.go	compiled	product	codegen/append.go:15: linux/amd64/v1: opcode not found: `^.*growslice\b`	152	bashy transpile --bashpp --source=go --go-file test/codegen/append.go -o /tmp/main.go
149.3	codegen/arithmetic.go	compiled	product	codegen/arithmetic.go:64: linux/amd64/v1: opcode not found: `^SUBQ [A-Z]+, 16\([A-Z]+\)`	152	bashy transpile --bashpp --source=go --go-file test/codegen/arithmetic.go -o /tmp/main.go
149.3	codegen/atomics.go	compiled	product	codegen/atomics.go:26: linux/amd64/v1: opcode not found: `^LOCK`	152	bashy transpile --bashpp --source=go --go-file test/codegen/atomics.go -o /tmp/main.go
149.3	codegen/bits.go	compiled	product	codegen/bits.go:20: linux/amd64/v1: opcode not found: `^BTQ [$]63,`	152	bashy transpile --bashpp --source=go --go-file test/codegen/bits.go -o /tmp/main.go
149.3	codegen/bmi.go	compiled	product	codegen/bmi.go:11: linux/amd64/v3: opcode not found: `^ANDNQ`	152	bashy transpile --bashpp --source=go --go-file test/codegen/bmi.go -o /tmp/main.go
149.3	codegen/bool.go	compiled	product	codegen/bool.go:18: linux/amd64/v1: opcode not found: `^ANDL [$]1`	152	bashy transpile --bashpp --source=go --go-file test/codegen/bool.go -o /tmp/main.go
149.3	codegen/clobberdead.go	compiled	product	codegen/clobberdead.go:20: linux/amd64/v1: opcode not found: `^MOVL \$3735936685, command-line-arguments\.x`	152	bashy transpile --bashpp --source=go --go-file test/codegen/clobberdead.go -o /tmp/main.go
149.3	codegen/clobberdeadreg.go	compiled	product	codegen/clobberdeadreg.go:22: linux/amd64/v1: opcode not found: `^MOVQ \$-2401018187971961171, AX`	152	bashy transpile --bashpp --source=go --go-file test/codegen/clobberdeadreg.go -o /tmp/main.go
149.3	codegen/comparisons.go	compiled	product	codegen/comparisons.go:28: linux/amd64/v1: opcode not found: `^CMPW \(.*\), [$]`	152	bashy transpile --bashpp --source=go --go-file test/codegen/comparisons.go -o /tmp/main.go
149.3	codegen/condmove.go	compiled	product	codegen/condmove.go:23: linux/amd64/v1: opcode not found: `^CMOVQLT`	152	bashy transpile --bashpp --source=go --go-file test/codegen/condmove.go -o /tmp/main.go
149.3	codegen/deadstore.go	compiled	product	codegen/deadstore.go:24: linux/amd64/v1: opcode not found: `^MOVQ \$3`	152	bashy transpile --bashpp --source=go --go-file test/codegen/deadstore.go -o /tmp/main.go
149.3	codegen/floats.go	compiled	product	codegen/floats.go:27: linux/amd64/v1: opcode not found: `^ADDSD`	152	bashy transpile --bashpp --source=go --go-file test/codegen/floats.go -o /tmp/main.go
149.3	codegen/fuse.go	compiled	product	codegen/fuse.go:24: linux/amd64/v1: opcode not found: `^CMPQ .+, [$]256`	152	bashy transpile --bashpp --source=go --go-file test/codegen/fuse.go -o /tmp/main.go
149.3	codegen/ifaces.go	compiled	product	codegen/ifaces.go:26: linux/amd64/v1: opcode not found: `^CALL runtime.typeAssert`	152	bashy transpile --bashpp --source=go --go-file test/codegen/ifaces.go -o /tmp/main.go
149.3	codegen/issue22703.go	compiled	product	codegen/issue22703.go:534: linux/amd64/v1: opcode not found: `^TESTB`	152	bashy transpile --bashpp --source=go --go-file test/codegen/issue22703.go -o /tmp/main.go
149.3	codegen/issue48054.go	compiled	product	codegen/issue48054.go:27: linux/amd64/v1: opcode not found: `^TESTQ`	152	bashy transpile --bashpp --source=go --go-file test/codegen/issue48054.go -o /tmp/main.go
149.3	codegen/issue52635.go	compiled	product	codegen/issue52635.go:22: linux/amd64/v1: opcode not found: `^MOVUPS X15,`	152	bashy transpile --bashpp --source=go --go-file test/codegen/issue52635.go -o /tmp/main.go
149.3	codegen/issue54467.go	compiled	product	codegen/issue54467.go:11: linux/amd64/v1: opcode not found: `^.*memmove`	152	bashy transpile --bashpp --source=go --go-file test/codegen/issue54467.go -o /tmp/main.go
149.3	codegen/issue56440.go	compiled	product	codegen/issue56440.go:17: linux/amd64/v1: opcode not found: `^MOVQ 40\(.*\),`	152	bashy transpile --bashpp --source=go --go-file test/codegen/issue56440.go -o /tmp/main.go
149.3	codegen/issue58166.go	compiled	product	codegen/issue58166.go:17: linux/amd64/v1: opcode not found: `^INCQ`	152	bashy transpile --bashpp --source=go --go-file test/codegen/issue58166.go -o /tmp/main.go
149.3	codegen/issue59297.go	compiled	product	codegen/issue59297.go:11: linux/amd64/v1: opcode not found: `^MOVQ AX, BX`	152	bashy transpile --bashpp --source=go --go-file test/codegen/issue59297.go -o /tmp/main.go
149.3	codegen/issue60324.go	compiled	product	codegen/issue60324.go:11: linux/amd64/v1: opcode not found: `^LEAQ command-line-arguments\.h\.func1`	152	bashy transpile --bashpp --source=go --go-file test/codegen/issue60324.go -o /tmp/main.go
149.3	codegen/issue69635.go	compiled	product	codegen/issue69635.go:12: linux/amd64/v1: opcode not found: `^SHRQ \$17, AX$`	152	bashy transpile --bashpp --source=go --go-file test/codegen/issue69635.go -o /tmp/main.go
149.3	codegen/issue72832.go	compiled	product	codegen/issue72832.go:17: linux/amd64/v1: opcode not found: `^MOVQ`	152	bashy transpile --bashpp --source=go --go-file test/codegen/issue72832.go -o /tmp/main.go
149.3	codegen/issue74485.go	compiled	product	codegen/issue74485.go:11: linux/amd64/v1: opcode not found: `^SHRQ [$]63, AX`	152	bashy transpile --bashpp --source=go --go-file test/codegen/issue74485.go -o /tmp/main.go
149.3	codegen/issue74788.go	compiled	product	codegen/issue74788.go:11: linux/amd64/v1: wrong number of opcodes: `^MOVUPS[^,]+, X[0-9]+$`	152	bashy transpile --bashpp --source=go --go-file test/codegen/issue74788.go -o /tmp/main.go
149.3	codegen/issue75203.go	compiled	product	codegen/issue75203.go:14: linux/amd64/v1: opcode not found: `^LEAQ type:\*int\(SB\)`	152	bashy transpile --bashpp --source=go --go-file test/codegen/issue75203.go -o /tmp/main.go
149.3	codegen/load_type_from_itab.go	compiled	product	codegen/load_type_from_itab.go:23: linux/amd64/v1: opcode not found: `^LEAQ type:.*Impl`	152	bashy transpile --bashpp --source=go --go-file test/codegen/load_type_from_itab.go -o /tmp/main.go
149.3	codegen/logic.go	compiled	product	codegen/logic.go:15: linux/amd64/v1: opcode not found: `^TESTQ (AX, AX|BX, BX|CX, CX|DX, DX|SI, SI|DI, DI|R8, R8|R9, R9|R10, R10|R11, R11|R12, R12|R13, R13|R15,	152	bashy transpile --bashpp --source=go --go-file test/codegen/logic.go -o /tmp/main.go
149.3	codegen/mapaccess.go	compiled	product	codegen/mapaccess.go:267: linux/amd64/v1: opcode not found: `^.*mapaccess`	152	bashy transpile --bashpp --source=go --go-file test/codegen/mapaccess.go -o /tmp/main.go
149.3	codegen/maps.go	compiled	product	codegen/maps.go:20: linux/amd64/v1: opcode not found: `^MOV[LQ] [$]5`	152	bashy transpile --bashpp --source=go --go-file test/codegen/maps.go -o /tmp/main.go
149.3	codegen/math.go	compiled	product	codegen/math.go:20: linux/amd64/v1: opcode not found: `^ROUNDSD [$]2`	152	bashy transpile --bashpp --source=go --go-file test/codegen/math.go -o /tmp/main.go
149.3	codegen/mathbits.go	compiled	product	codegen/mathbits.go:188: linux/amd64/v1: opcode not found: `^POPCNTQ`	152	bashy transpile --bashpp --source=go --go-file test/codegen/mathbits.go -o /tmp/main.go
149.3	codegen/memcombine.go	compiled	product	codegen/memcombine.go:25: linux/amd64/v1: opcode not found: `^MOVQ \(.*\),`	152	bashy transpile --bashpp --source=go --go-file test/codegen/memcombine.go -o /tmp/main.go
149.3	codegen/memops.go	compiled	product	codegen/memops.go:17: linux/amd64/v1: opcode not found: `^CMPB command-line-arguments.x\+1\(SB\), [$]0`	152	bashy transpile --bashpp --source=go --go-file test/codegen/memops.go -o /tmp/main.go
149.3	codegen/moveload.go	compiled	product	codegen/moveload.go:37:12: gosource: unsupported type *ast.BinaryExpr	151	bashy transpile --bashpp --source=go --go-file test/codegen/moveload.go -o /tmp/main.go
149.3	codegen/multiply.go	compiled	product	codegen/multiply.go:16: linux/amd64/v1: opcode not found: `^XORL`	152	bashy transpile --bashpp --source=go --go-file test/codegen/multiply.go -o /tmp/main.go
149.3	codegen/reflect_type.go	compiled	product	codegen/reflect_type.go:14: linux/amd64/v1: opcode not found: `^MOVL [$]8,`	152	bashy transpile --bashpp --source=go --go-file test/codegen/reflect_type.go -o /tmp/main.go
149.3	codegen/regabi_regalloc.go	compiled	product	codegen/regabi_regalloc.go:12: linux/amd64/v1: opcode not found: `^MOVQ BX, CX`	152	bashy transpile --bashpp --source=go --go-file test/codegen/regabi_regalloc.go -o /tmp/main.go
149.3	codegen/retpoline.go	compiled	product	codegen/retpoline.go:9: linux/amd64/v1: opcode not found: `^CALL runtime.retpoline`	152	bashy transpile --bashpp --source=go --go-file test/codegen/retpoline.go -o /tmp/main.go
149.3	codegen/rotate.go	compiled	product	codegen/rotate.go:22: linux/amd64/v1: opcode not found: `^ROLQ [$]7`	152	bashy transpile --bashpp --source=go --go-file test/codegen/rotate.go -o /tmp/main.go
149.3	codegen/schedule.go	compiled	product	codegen/schedule.go:15: linux/amd64/v1: opcode not found: `^INCQ`	152	bashy transpile --bashpp --source=go --go-file test/codegen/schedule.go -o /tmp/main.go
149.3	codegen/shape_assert.go	compiled	product	codegen/shape_assert.go:15:9: gosource: unsupported expression statement	151	bashy transpile --bashpp --source=go --go-file test/codegen/shape_assert.go -o /tmp/main.go
149.3	codegen/shift.go	compiled	product	codegen/shift.go:72: linux/amd64/v1: opcode not found: `^ADDL`	152	bashy transpile --bashpp --source=go --go-file test/codegen/shift.go -o /tmp/main.go
149.3	codegen/slices.go	compiled	product	codegen/slices.go:24: linux/amd64/v1: opcode not found: `^.*memclrNoHeapPointers`	152	bashy transpile --bashpp --source=go --go-file test/codegen/slices.go -o /tmp/main.go
149.3	codegen/smallintiface.go	compiled	product	codegen/smallintiface.go:11: linux/amd64/v1: opcode not found: `^LEAQ runtime.staticuint64s\+8\(SB\)`	152	bashy transpile --bashpp --source=go --go-file test/codegen/smallintiface.go -o /tmp/main.go
149.3	codegen/spectre.go	compiled	product	codegen/spectre.go:13: linux/amd64/v1: opcode not found: `^CMOVQCC`	152	bashy transpile --bashpp --source=go --go-file test/codegen/spectre.go -o /tmp/main.go
149.3	codegen/stack.go	compiled	product	codegen/stack.go:26: linux/amd64/v1: opcode not found: `^TEXT .*, [$]0-`	152	bashy transpile --bashpp --source=go --go-file test/codegen/stack.go -o /tmp/main.go
149.3	codegen/strings.go	compiled	product	codegen/strings.go:16: linux/amd64/v1: opcode not found: `^.*countrunes`	152	bashy transpile --bashpp --source=go --go-file test/codegen/strings.go -o /tmp/main.go
149.3	codegen/structs.go	compiled	product	codegen/structs.go:24: linux/amd64/v1: opcode not found: `^MOVUPS X[0-9]+, \(.*\)`	152	bashy transpile --bashpp --source=go --go-file test/codegen/structs.go -o /tmp/main.go
149.3	codegen/switch.go	compiled	product	codegen/switch.go:272:9: gosource: unsupported expression statement	151	bashy transpile --bashpp --source=go --go-file test/codegen/switch.go -o /tmp/main.go
149.3	codegen/typeswitch.go	compiled	product	codegen/typeswitch.go:40:7: gosource: unsupported expression *ast.InterfaceType	151	bashy transpile --bashpp --source=go --go-file test/codegen/typeswitch.go -o /tmp/main.go
149.3	codegen/unsafe.go	compiled	product	codegen/unsafe.go:15: linux/amd64/v1: opcode not found: `^MOVQ \(.*\)\(.*\*1\), `	152	bashy transpile --bashpp --source=go --go-file test/codegen/unsafe.go -o /tmp/main.go
149.3	codegen/writebarrier.go	compiled	product	codegen/writebarrier.go:12: linux/amd64/v1: opcode not found: `^.*runtime[.]gcWriteBarrier4\(SB\)`	152	bashy transpile --bashpp --source=go --go-file test/codegen/writebarrier.go -o /tmp/main.go
149.3	codegen/zerosize.go	compiled	product	codegen/zerosize.go:16: linux/amd64/v1: opcode not found: `^MOVQ \$0, command-line-arguments\.s\+56\(SP\)`	152	bashy transpile --bashpp --source=go --go-file test/codegen/zerosize.go -o /tmp/main.go
149.10	cmd/compile/internal/types2:TestCheck/importC.go	interpreted	product	importC.go:9:8: no error expected: "could not import C" (the check interface has no -fakeImportC)	154	bashy --bashpp --source=go --check --go-file src/internal/types/testdata/check/importC.go
149.10	go/types:TestCheck/importC.go	interpreted	product	importC.go:9:8: no error expected: "could not import C" (the check interface has no -fakeImportC)	154	bashy --bashpp --source=go --check --go-file src/internal/types/testdata/check/importC.go
# 2026-09-11 Sprint 150 packet runs (one coordinator, Go 1.27.0 linux/amd64, Bash++ be20731,
# /srv/sprint150/s150-dynamic). Same columns and rules as above; owner 153 marks a program
# that ran to a wrong result (runtime/output semantics of the generated or interpreted program).
150.6	const7.go	interpreted	product	gosource: fmt.Fprintf requires a dependency-owned writer; original Write callbacks are unsupported	151	bashy --bashpp --source=go --go-file test/const7.go
150.6	convert5.go	interpreted	product	convert5.go:65:12: convert5.go:65:23: BASHPP-EEXPR-DIVZERO: division by zero	151	bashy --bashpp --source=go --go-file test/convert5.go
150.6	fixedbugs/bug369.go	interpreted	product	gosource: native slice retention or mutation is unsupported for os/exec.Command	151	bashy --bashpp --source=go --go-file test/fixedbugs/bug369.go
150.6	fixedbugs/bug513.go	interpreted	product	fixedbugs/bug513.go:20:7: fixedbugs/bug513.go:20:57: BASHPP-EEXPR-FORM: unsupported scalar expression *syntax.BashPPAddressExpr	151	bashy --bashpp --source=go --go-file test/fixedbugs/bug513.go
150.6	fixedbugs/issue11771.go	interpreted	product	gosource: fmt.Fprintln requires a dependency-owned writer; original Write callbacks are unsupported	151	bashy --bashpp --source=go --go-file test/fixedbugs/issue11771.go
150.6	fixedbugs/issue14636.go	interpreted	product	fixedbugs/issue14636.go:43:15: gosource: native slice retention or mutation is unsupported for bytes.SplitN	151	bashy --bashpp --source=go --go-file test/fixedbugs/issue14636.go
150.6	fixedbugs/issue16037_run.go	interpreted	product	type *__gosource_import_0_0.Buffer has no method Bytes	151	bashy --bashpp --source=go --go-file test/fixedbugs/issue16037_run.go
150.6	fixedbugs/issue19658.go	interpreted	product	gosource: fmt.Fprintf requires a dependency-owned writer; original Write callbacks are unsupported	151	bashy --bashpp --source=go --go-file test/fixedbugs/issue19658.go
150.6	fixedbugs/issue20780b.go	interpreted	product	gosource: build dependency bridge: exit status 1: # command-line-arguments	151	bashy --bashpp --source=go --go-file test/fixedbugs/issue20780b.go
150.6	fixedbugs/issue21576.go	interpreted	product	gosource: native slice retention or mutation is unsupported for io/ioutil.WriteFile	151	bashy --bashpp --source=go --go-file test/fixedbugs/issue21576.go
150.6	fixedbugs/issue22660.go	interpreted	product	gosource: fmt.Fprintf requires a dependency-owned writer; original Write callbacks are unsupported	151	bashy --bashpp --source=go --go-file test/fixedbugs/issue22660.go
150.6	fixedbugs/issue26411.go	interpreted	product	gosource: native slice retention or mutation is unsupported for io/ioutil.WriteFile	151	bashy --bashpp --source=go --go-file test/fixedbugs/issue26411.go
150.6	fixedbugs/issue29329.go	interpreted	product	DouglasPeucker: cannot use "3602879701896397/36028797018963968" as float64 value for parameter threshold	151	bashy --bashpp --source=go --go-file test/fixedbugs/issue29329.go
150.6	fixedbugs/issue33555.go	interpreted	product	gosource: fmt.Fprintf requires a dependency-owned writer; original Write callbacks are unsupported	151	bashy --bashpp --source=go --go-file test/fixedbugs/issue33555.go
150.6	fixedbugs/issue34968.go	interpreted	product	fixedbugs/issue34968.go:12:8: could not import C (go list failed using go SDK go1.27.0 at /srv/sprint150/s150-dynamic/tmp/bashpp-s1506.PRAVbM/goroot/b	151/152	bashy --bashpp --source=go --go-file test/fixedbugs/issue34968.go
150.6	fixedbugs/issue35027.go	interpreted	product	fixedbugs/issue35027.go:18:45: BASHPP-EEXPR-FORM: unsupported scalar expression *syntax.BashPPAddressExpr	151	bashy --bashpp --source=go --go-file test/fixedbugs/issue35027.go
150.6	fixedbugs/issue35073a.go	interpreted	product	fixedbugs/issue35073a.go:21:6: fixedbugs/issue35073a.go:21:6: BASHPP-EEXPR-CONVERT: cannot convert Int to __gosource_import_0_1.Pointer	151	bashy --bashpp --source=go --go-file test/fixedbugs/issue35073a.go
150.6	fixedbugs/issue36516.go	interpreted	product	gosource: asynchronous or retained original function callbacks are unsupported for __gosource_import_0_1.AllocsPerRun	151	bashy --bashpp --source=go --go-file test/fixedbugs/issue36516.go
150.6	fixedbugs/issue40917.go	interpreted	product	fixedbugs/issue40917.go:13:22: BASHPP-EEXPR-FORM: unsupported scalar expression *syntax.BashPPAddressExpr	151	bashy --bashpp --source=go --go-file test/fixedbugs/issue40917.go
150.6	fixedbugs/issue46938.go	interpreted	product	fixedbugs/issue46938.go:25:22: BASHPP-EEXPR-FORM: unsupported scalar expression *syntax.BashPPAddressExpr	151	bashy --bashpp --source=go --go-file test/fixedbugs/issue46938.go
150.6	fixedbugs/issue47928.go	interpreted	product	panic: FAIL	153	bashy --bashpp --source=go --go-file test/fixedbugs/issue47928.go
150.6	fixedbugs/issue52127.go	interpreted	product	gosource: native slice retention or mutation is unsupported for os/exec.Command	151	bashy --bashpp --source=go --go-file test/fixedbugs/issue52127.go
150.6	fixedbugs/issue54542.go	interpreted	product	gosource: native slice retention or mutation is unsupported for os/exec.Command	151	bashy --bashpp --source=go --go-file test/fixedbugs/issue54542.go
150.6	fixedbugs/issue59334.go	interpreted	product	gosource: native slice retention or mutation is unsupported for crypto/subtle.XORBytes	151	bashy --bashpp --source=go --go-file test/fixedbugs/issue59334.go
150.6	fixedbugs/issue68415.go	interpreted	product	unknown imported symbol or method: __gosource_import_0_1.Make	151	bashy --bashpp --source=go --go-file test/fixedbugs/issue68415.go
150.6	fixedbugs/issue9355.go	interpreted	product	gosource: native slice retention or mutation is unsupported for os/exec.Command	151	bashy --bashpp --source=go --go-file test/fixedbugs/issue9355.go
150.6	inline_caller.go	interpreted	product	panic: skip=0 expected line 36, got line 586	153	bashy --bashpp --source=go --go-file test/inline_caller.go
150.6	inline_callers.go	interpreted	product	gosource: native slice retention or mutation is unsupported for runtime.Callers	151	bashy --bashpp --source=go --go-file test/inline_callers.go
150.6	linkobj.go	interpreted	product	gosource: native slice retention or mutation is unsupported for io/ioutil.WriteFile	151	bashy --bashpp --source=go --go-file test/linkobj.go
150.6	linkx_run.go	interpreted	product	BASHPP-ESELECTOR-ASSIGN: target is not a structured value	151	bashy --bashpp --source=go --go-file test/linkx_run.go
150.6	maymorestack.go	interpreted	product	unregistered bridge type "[1 << 10]byte"	151	bashy --bashpp --source=go --go-file test/maymorestack.go
150.6	nosplit.go	interpreted	product	nosplit.go:244:1: gosource: unsupported LabeledStmt	151	bashy --bashpp --source=go --go-file test/nosplit.go
150.6	typeparam/dictionaryCapture-noinline.go	interpreted	product	BASHPP-ESELECTOR-ROOT: g0 is not a structured value	151	bashy --bashpp --source=go --go-file test/typeparam/dictionaryCapture-noinline.go
150.6	typeparam/mdempsky/15.go	interpreted	product	typeparam/mdempsky/15.go:21:9: gosource: unsupported expression statement	151	bashy --bashpp --source=go --go-file test/typeparam/mdempsky/15.go
150.6	fixedbugs/issue16037_run.go	compiled	product	fixedbugs/issue16037_run.go:22:1: LOWER-ETYPE: cannot use __gosource_import_0_2.Must(((__gosource_import_0_2.New(string("main"))).Parse)(string(`	151	bashy transpile --bashpp --source=go --go-file test/fixedbugs/issue16037_run.go -o /tmp/main.go
150.6	fixedbugs/issue34968.go	compiled	product	fixedbugs/issue34968.go:12:8: could not import C (go list failed using go SDK go1.27.0 at /srv/sprint150/s150-dynamic/tmp/bashpp-s1506.PRAVbM/goroot/b	151/152	bashy transpile --bashpp --source=go --go-file test/fixedbugs/issue34968.go -o /tmp/main.go
150.6	fixedbugs/issue47928.go	compiled	product	panic: FAIL [recovered, repanicked]	153	bashy transpile --bashpp --source=go --go-file test/fixedbugs/issue47928.go -o /tmp/main.go
150.6	fixedbugs/issue68415.go	compiled	product	fixedbugs/issue68415.go:14:1: LOWER-ETYPE: cannot use __gosource_import_0_0.MustCompile(string(`^data\.\d+\.bin$`)) (value of type *regexp.Regexp) as 	151	bashy transpile --bashpp --source=go --go-file test/fixedbugs/issue68415.go -o /tmp/main.go
150.6	inline_caller.go	compiled	product	panic: skip=4 expected function main.main, got main.__bpp0_sourceMain [recovered, repanicked]	153	bashy transpile --bashpp --source=go --go-file test/inline_caller.go -o /tmp/main.go
150.6	inline_callers.go	compiled	product	testCallers(0):	153	bashy transpile --bashpp --source=go --go-file test/inline_callers.go -o /tmp/main.go
150.6	maymorestack.go	compiled	product	65 != 128	153	bashy transpile --bashpp --source=go --go-file test/maymorestack.go -o /tmp/main.go
150.6	nosplit.go	compiled	product	nosplit.go:244:1: gosource: unsupported LabeledStmt	151	bashy transpile --bashpp --source=go --go-file test/nosplit.go -o /tmp/main.go
150.6	typeparam/mdempsky/15.go	compiled	product	typeparam/mdempsky/15.go:21:9: gosource: unsupported expression statement	151	bashy transpile --bashpp --source=go --go-file test/typeparam/mdempsky/15.go -o /tmp/main.go
150.7	rangegen.go	interpreted	product	gosource: fmt.Fprintf requires a dependency-owned writer; original Write callbacks are unsupported	151	bashy --bashpp --source=go --go-file test/rangegen.go
150.7	rangegen.go	compiled	product	/srv/sprint150/s150-dynamic/tmp/Testrangegen.go1464047337/001/tmp__.go:9:1: gosource: unsupported labeled branch	151	bashy transpile --bashpp --source=go --go-file test/rangegen.go -o /tmp/main.go
150.4	asmhdr.go	interpreted	product	Bash++ backend unsupported generate phase: compile input "/srv/sprint150/s150-dynamic/tmp/bashpp-s1504.y3Ov31/goroot/test/asmhdr.dir/main.s" is not a Go source file	152	upstream generate phase over test/asmhdr.dir/*.s: non-Go input, no assembler
150.4	fixedbugs/issue37513.go	interpreted	product	Bash++ backend unsupported generate phase: compile input "/srv/sprint150/s150-dynamic/tmp/bashpp-s1504.y3Ov31/goroot/test/fixedbugs/issue37513.dir/sigill_amd64.s" is not a Go source file	152	upstream generate phase over test/fixedbugs/issue37513.dir/*.s: non-Go input, no assembler
150.4	linknameasm.go	interpreted	product	Bash++ backend unsupported generate phase: compile input "/srv/sprint150/s150-dynamic/tmp/bashpp-s1504.y3Ov31/goroot/test/linknameasm.dir/a_amd64.s" is not a Go source file	152	upstream generate phase over test/linknameasm.dir/*.s: non-Go input, no assembler
150.4	retjmp.go	interpreted	product	Bash++ backend unsupported generate phase: compile input "/srv/sprint150/s150-dynamic/tmp/bashpp-s1504.y3Ov31/goroot/test/retjmp.dir/a.s" is not a Go source file	152	upstream generate phase over test/retjmp.dir/*.s: non-Go input, no assembler
150.4	asmhdr.go	compiled	product	Bash++ backend unsupported generate phase: compile input "/srv/sprint150/s150-dynamic/tmp/bashpp-s1504.y3Ov31/goroot/test/asmhdr.dir/main.s" is not a Go source file	152	same as interpreted: the .s generate phase has no Go-source meaning
150.4	fixedbugs/issue37513.go	compiled	product	Bash++ backend unsupported generate phase: compile input "/srv/sprint150/s150-dynamic/tmp/bashpp-s1504.y3Ov31/goroot/test/fixedbugs/issue37513.dir/sigill_amd64.s" is not a Go source file	152	same as interpreted: the .s generate phase has no Go-source meaning
150.4	linknameasm.go	compiled	product	Bash++ backend unsupported generate phase: compile input "/srv/sprint150/s150-dynamic/tmp/bashpp-s1504.y3Ov31/goroot/test/linknameasm.dir/a_amd64.s" is not a Go source file	152	same as interpreted: the .s generate phase has no Go-source meaning
150.4	retjmp.go	compiled	product	Bash++ backend unsupported generate phase: compile input "/srv/sprint150/s150-dynamic/tmp/bashpp-s1504.y3Ov31/goroot/test/retjmp.dir/a.s" is not a Go source file	152	same as interpreted: the .s generate phase has no Go-source meaning
150.5	fixedbugs/issue46234.go	interpreted	product	gosource: native slice retention or mutation is unsupported for io/ioutil.WriteFile	151	bashy --bashpp --source=go --go-file test/fixedbugs/issue46234.go
150.2	fixedbugs/issue11656.go	interpreted	product	BASHPP-ECOLLECTION-ELEMENT: /srv/sprint150/s150-dynamic/tmp/Testfixedbugsissue11656.go412834740/001/src/issue11656.dir/issue11656.go:70:31: BASHPP-EEXPR-FORM: unsupported scalar expression *syntax.Bas	151	in the upstream module dir of test/fixedbugs/issue11656.dir: go list -json -deps . ; bashy --bashpp --source=go --go-import-path <mod> --go-package <mod/sub>=<files> --go-file <main files>
150.2	fixedbugs/issue15609.go	interpreted	product	Bash++ backend unsupported execute phase: module package issue15609.dir has non-Go inputs [call_amd64.s]	152	in the upstream module dir of test/fixedbugs/issue15609.dir: go list -json -deps . ; bashy --bashpp --source=go --go-import-path <mod> --go-package <mod/sub>=<files> --go-file <main files>
150.2	fixedbugs/issue20014.go	interpreted	product	bashy: --go-package, --go-import-base and --go-import-path require --check or --go-list; interpreted execution of an explicit package set is not supported	151	in the upstream module dir of test/fixedbugs/issue20014.dir: go list -json -deps . ; bashy --bashpp --source=go --go-import-path <mod> --go-package <mod/sub>=<files> --go-file <main files>
150.2	fixedbugs/issue29612.go	interpreted	product	/srv/sprint150/s150-dynamic/tmp/Testfixedbugsissue29612.go1238602817/001/src/issue29612.dir/main.go:34:9: gosource: unsupported expression statement	151	in the upstream module dir of test/fixedbugs/issue29612.dir: go list -json -deps . ; bashy --bashpp --source=go --go-import-path <mod> --go-package <mod/sub>=<files> --go-file <main files>
150.2	fixedbugs/issue30862.go	interpreted	product	bashy: --go-package, --go-import-base and --go-import-path require --check or --go-list; interpreted execution of an explicit package set is not supported	151	in the upstream module dir of test/fixedbugs/issue30862.dir: go list -json -deps . ; bashy --bashpp --source=go --go-import-path <mod> --go-package <mod/sub>=<files> --go-file <main files>
150.2	fixedbugs/issue44732.go	interpreted	product	bashy: --go-package, --go-import-base and --go-import-path require --check or --go-list; interpreted execution of an explicit package set is not supported	151	in the upstream module dir of test/fixedbugs/issue44732.dir: go list -json -deps . ; bashy --bashpp --source=go --go-import-path <mod> --go-package <mod/sub>=<files> --go-file <main files>
150.2	fixedbugs/issue46653.go	interpreted	product	bashy: --go-package, --go-import-base and --go-import-path require --check or --go-list; interpreted execution of an explicit package set is not supported	151	in the upstream module dir of test/fixedbugs/issue46653.dir: go list -json -deps . ; bashy --bashpp --source=go --go-import-path <mod> --go-package <mod/sub>=<files> --go-file <main files>
150.2	fixedbugs/issue47185.go	interpreted	product	Bash++ backend unsupported execute phase: module package issue47185.dir/bad has non-Go inputs [bad.go]	152	in the upstream module dir of test/fixedbugs/issue47185.dir: go list -json -deps . ; bashy --bashpp --source=go --go-import-path <mod> --go-package <mod/sub>=<files> --go-file <main files>
150.2	fixedbugs/issue68526.go	interpreted	product	bashy: --go-package, --go-import-base and --go-import-path require --check or --go-list; interpreted execution of an explicit package set is not supported	151	in the upstream module dir of test/fixedbugs/issue68526.dir: go list -json -deps . ; bashy --bashpp --source=go --go-import-path <mod> --go-package <mod/sub>=<files> --go-file <main files>
150.2	fixedbugs/issue74648.go	interpreted	product	Bash++ backend unsupported execute phase: module package issue74648.dir has non-Go inputs [a.s]	152	in the upstream module dir of test/fixedbugs/issue74648.dir: go list -json -deps . ; bashy --bashpp --source=go --go-import-path <mod> --go-package <mod/sub>=<files> --go-file <main files>
150.2	fixedbugs/issue15609.go	compiled	product	Bash++ backend unsupported execute phase: module package issue15609.dir has non-Go inputs [call_amd64.s]	152	same resolution, then bashy transpile --bashpp --source=go <map> --go-file <main files> -o /tmp/main.go && go build
150.2	fixedbugs/issue20014.go	compiled	product	main.go:9:8: no required module provides package issue20014.dir/a; to add it:	152	same resolution, then bashy transpile --bashpp --source=go <map> --go-file <main files> -o /tmp/main.go && go build
150.2	fixedbugs/issue29612.go	compiled	product	/srv/sprint150/s150-dynamic/tmp/Testfixedbugsissue29612.go2937243334/001/src/issue29612.dir/main.go:34:9: gosource: unsupported expression statement	151	same resolution, then bashy transpile --bashpp --source=go <map> --go-file <main files> -o /tmp/main.go && go build
150.2	fixedbugs/issue30862.go	compiled	product	main.go:9:8: no required module provides package issue30862.dir/b; to add it:	152	same resolution, then bashy transpile --bashpp --source=go <map> --go-file <main files> -o /tmp/main.go && go build
150.2	fixedbugs/issue44732.go	compiled	product	main.go:4:8: no required module provides package issue44732.dir/bar; to add it:	152	same resolution, then bashy transpile --bashpp --source=go <map> --go-file <main files> -o /tmp/main.go && go build
150.2	fixedbugs/issue46653.go	compiled	product	main.go:4:8: no required module provides package issue46653.dir/bad; to add it:	152	same resolution, then bashy transpile --bashpp --source=go <map> --go-file <main files> -o /tmp/main.go && go build
150.2	fixedbugs/issue47185.go	compiled	product	Bash++ backend unsupported execute phase: module package issue47185.dir/bad has non-Go inputs [bad.go]	152	same resolution, then bashy transpile --bashpp --source=go <map> --go-file <main files> -o /tmp/main.go && go build
150.2	fixedbugs/issue68526.go	compiled	product	main.go:5:8: no required module provides package issue68526.dir/a; to add it:	152	same resolution, then bashy transpile --bashpp --source=go <map> --go-file <main files> -o /tmp/main.go && go build
150.2	fixedbugs/issue74648.go	compiled	product	Bash++ backend unsupported execute phase: module package issue74648.dir has non-Go inputs [a.s]	152	same resolution, then bashy transpile --bashpp --source=go <map> --go-file <main files> -o /tmp/main.go && go build
150.3	closure3.go	interpreted	product	main.go:15: missing error "can inline main.func1"	154	bashy --bashpp --source=go --check --go-import-base test --go-import-path <pkg> [--go-package <earlier>=<files>] --go-file test/closure3.dir/<pkg files> (upstream errorCheck compares the -m/-d diagnostics)
150.3	fixedbugs/bug248.go	interpreted	product	/srv/sprint150/s150-dynamic/tmp/bashpp-s1503.5BGeim/goroot/test/fixedbugs/bug248.dir/bug2.go:41:13: cannot use t1(0) (constant 0 of float64 type t1) as I0 value in variable declaration: t1 does not im	151	bashy --bashpp --source=go --check --go-import-base test --go-import-path <pkg> [--go-package <earlier>=<files>] --go-file test/fixedbugs/bug248.dir/<pkg files> (upstream errorCheck compares the -m/-d diagnostics)
150.3	fixedbugs/issue37837.go	interpreted	product	/srv/sprint150/s150-dynamic/tmp/bashpp-s1503.5BGeim/goroot/test/fixedbugs/issue37837.dir/a.go:8:9: gosource: unsupported expression statement	151	bashy --bashpp --source=go --check --go-import-base test --go-import-path <pkg> [--go-package <earlier>=<files>] --go-file test/fixedbugs/issue37837.dir/<pkg files> (upstream errorCheck compares the -m/-d diagnostics)
150.3	intrinsic.go	interpreted	product	/srv/sprint150/s150-dynamic/tmp/bashpp-s1503.5BGeim/goroot/test/intrinsic.dir/main.go:9:4: could not import internal/runtime/sys (use of internal package internal/runtime/sys not allowed)	151	bashy --bashpp --source=go --check --go-import-base test --go-import-path <pkg> [--go-package <earlier>=<files>] --go-file test/intrinsic.dir/<pkg files> (upstream errorCheck compares the -m/-d diagnostics)
150.3	linkname.go	interpreted	product	linkname1.go:3: missing error "xs does not escape"	154	bashy --bashpp --source=go --check --go-import-base test --go-import-path <pkg> [--go-package <earlier>=<files>] --go-file test/linkname.dir/<pkg files> (upstream errorCheck compares the -m/-d diagnostics)
150.3	closure3.go	compiled	product	/srv/sprint150/s150-dynamic/tmp/bashpp-s1503.5BGeim/goroot/test/closure3.dir/main.go:154:3: LOWER-ETYPE: assignment mismatch: 2 variables but __bpp0_rt.MustValue returns 1 value	151	bashy transpile --bashpp --source=go <same map> -o /tmp/main.go && go build (upstream errorCheck compares)
150.3	fixedbugs/bug248.go	compiled	product	/srv/sprint150/s150-dynamic/tmp/bashpp-s1503.5BGeim/goroot/test/fixedbugs/bug248.dir/bug2.go:41:13: cannot use t1(0) (constant 0 of float64 type t1) as I0 value in variable declaration: t1 does not im	151	bashy transpile --bashpp --source=go <same map> -o /tmp/main.go && go build (upstream errorCheck compares)
150.3	fixedbugs/issue37837.go	compiled	product	/srv/sprint150/s150-dynamic/tmp/bashpp-s1503.5BGeim/goroot/test/fixedbugs/issue37837.dir/a.go:8:9: gosource: unsupported expression statement	151	bashy transpile --bashpp --source=go <same map> -o /tmp/main.go && go build (upstream errorCheck compares)
150.3	intrinsic.go	compiled	product	/srv/sprint150/s150-dynamic/tmp/bashpp-s1503.5BGeim/goroot/test/intrinsic.dir/main.go:9:4: could not import internal/runtime/sys (use of internal package internal/runtime/sys not allowed)	151	bashy transpile --bashpp --source=go <same map> -o /tmp/main.go && go build (upstream errorCheck compares)
150.3	linkname.go	compiled	product	panic: runtime error: invalid memory address or nil pointer dereference	153	bashy transpile --bashpp --source=go <same map> -o /tmp/main.go && go build (upstream errorCheck compares)
150.1	alias3.go	interpreted	product	bashy: --go-package, --go-import-base and --go-import-path require --check or --go-list; interpreted execution of an explicit package set is not supported	151	bashy --bashpp --source=go --check --go-import-base test --go-import-path <pkg> [--go-package <earlier>=<files>] --go-file test/alias3.dir/<pkg files>; then the last package run with the same map
150.1	ddd2.go	interpreted	product	bashy: --go-package, --go-import-base and --go-import-path require --check or --go-list; interpreted execution of an explicit package set is not supported	151	bashy --bashpp --source=go --check --go-import-base test --go-import-path <pkg> [--go-package <earlier>=<files>] --go-file test/ddd2.dir/<pkg files>; then the last package run with the same map
150.1	fixedbugs/bug160.go	interpreted	product	bashy: --go-package, --go-import-base and --go-import-path require --check or --go-list; interpreted execution of an explicit package set is not supported	151	bashy --bashpp --source=go --check --go-import-base test --go-import-path <pkg> [--go-package <earlier>=<files>] --go-file test/fixedbugs/bug160.dir/<pkg files>; then the last package run with the same map
150.1	fixedbugs/bug191.go	interpreted	product	bashy: --go-package, --go-import-base and --go-import-path require --check or --go-list; interpreted execution of an explicit package set is not supported	151	bashy --bashpp --source=go --check --go-import-base test --go-import-path <pkg> [--go-package <earlier>=<files>] --go-file test/fixedbugs/bug191.dir/<pkg files>; then the last package run with the same map
150.1	fixedbugs/bug322.go	interpreted	product	bashy: --go-package, --go-import-base and --go-import-path require --check or --go-list; interpreted execution of an explicit package set is not supported	151	bashy --bashpp --source=go --check --go-import-base test --go-import-path <pkg> [--go-package <earlier>=<files>] --go-file test/fixedbugs/bug322.dir/<pkg files>; then the last package run with the same map
150.1	fixedbugs/bug324.go	interpreted	product	bashy: --go-package, --go-import-base and --go-import-path require --check or --go-list; interpreted execution of an explicit package set is not supported	151	bashy --bashpp --source=go --check --go-import-base test --go-import-path <pkg> [--go-package <earlier>=<files>] --go-file test/fixedbugs/bug324.dir/<pkg files>; then the last package run with the same map
150.1	fixedbugs/bug367.go	interpreted	product	bashy: --go-package, --go-import-base and --go-import-path require --check or --go-list; interpreted execution of an explicit package set is not supported	151	bashy --bashpp --source=go --check --go-import-base test --go-import-path <pkg> [--go-package <earlier>=<files>] --go-file test/fixedbugs/bug367.dir/<pkg files>; then the last package run with the same map
150.1	fixedbugs/bug414.go	interpreted	product	bashy: --go-package, --go-import-base and --go-import-path require --check or --go-list; interpreted execution of an explicit package set is not supported	151	bashy --bashpp --source=go --check --go-import-base test --go-import-path <pkg> [--go-package <earlier>=<files>] --go-file test/fixedbugs/bug414.dir/<pkg files>; then the last package run with the same map
150.1	fixedbugs/bug424.go	interpreted	product	bashy: --go-package, --go-import-base and --go-import-path require --check or --go-list; interpreted execution of an explicit package set is not supported	151	bashy --bashpp --source=go --check --go-import-base test --go-import-path <pkg> [--go-package <earlier>=<files>] --go-file test/fixedbugs/bug424.dir/<pkg files>; then the last package run with the same map
150.1	fixedbugs/bug437.go	interpreted	product	bashy: --go-package, --go-import-base and --go-import-path require --check or --go-list; interpreted execution of an explicit package set is not supported	151	bashy --bashpp --source=go --check --go-import-base test --go-import-path <pkg> [--go-package <earlier>=<files>] --go-file test/fixedbugs/bug437.dir/<pkg files>; then the last package run with the same map
150.1	fixedbugs/bug465.go	interpreted	product	bashy: --go-package, --go-import-base and --go-import-path require --check or --go-list; interpreted execution of an explicit package set is not supported	151	bashy --bashpp --source=go --check --go-import-base test --go-import-path <pkg> [--go-package <earlier>=<files>] --go-file test/fixedbugs/bug465.dir/<pkg files>; then the last package run with the same map
150.1	fixedbugs/bug466.go	interpreted	product	bashy: --go-package, --go-import-base and --go-import-path require --check or --go-list; interpreted execution of an explicit package set is not supported	151	bashy --bashpp --source=go --check --go-import-base test --go-import-path <pkg> [--go-package <earlier>=<files>] --go-file test/fixedbugs/bug466.dir/<pkg files>; then the last package run with the same map
150.1	fixedbugs/bug468.go	interpreted	product	bashy: --go-package, --go-import-base and --go-import-path require --check or --go-list; interpreted execution of an explicit package set is not supported	151	bashy --bashpp --source=go --check --go-import-base test --go-import-path <pkg> [--go-package <earlier>=<files>] --go-file test/fixedbugs/bug468.dir/<pkg files>; then the last package run with the same map
150.1	fixedbugs/bug472.go	interpreted	product	bashy: --go-package, --go-import-base and --go-import-path require --check or --go-list; interpreted execution of an explicit package set is not supported	151	bashy --bashpp --source=go --check --go-import-base test --go-import-path <pkg> [--go-package <earlier>=<files>] --go-file test/fixedbugs/bug472.dir/<pkg files>; then the last package run with the same map
150.1	fixedbugs/bug479.go	interpreted	product	bashy: --go-package, --go-import-base and --go-import-path require --check or --go-list; interpreted execution of an explicit package set is not supported	151	bashy --bashpp --source=go --check --go-import-base test --go-import-path <pkg> [--go-package <earlier>=<files>] --go-file test/fixedbugs/bug479.dir/<pkg files>; then the last package run with the same map
150.1	fixedbugs/bug492.go	interpreted	product	bashy: --go-package, --go-import-base and --go-import-path require --check or --go-list; interpreted execution of an explicit package set is not supported	151	bashy --bashpp --source=go --check --go-import-base test --go-import-path <pkg> [--go-package <earlier>=<files>] --go-file test/fixedbugs/bug492.dir/<pkg files>; then the last package run with the same map
150.1	fixedbugs/bug506.go	interpreted	product	bashy: --go-package, --go-import-base and --go-import-path require --check or --go-list; interpreted execution of an explicit package set is not supported	151	bashy --bashpp --source=go --check --go-import-base test --go-import-path <pkg> [--go-package <earlier>=<files>] --go-file test/fixedbugs/bug506.dir/<pkg files>; then the last package run with the same map
150.1	fixedbugs/bug510.go	interpreted	product	bashy: --go-package, --go-import-base and --go-import-path require --check or --go-list; interpreted execution of an explicit package set is not supported	151	bashy --bashpp --source=go --check --go-import-base test --go-import-path <pkg> [--go-package <earlier>=<files>] --go-file test/fixedbugs/bug510.dir/<pkg files>; then the last package run with the same map
150.1	fixedbugs/issue11053.go	interpreted	product	bashy: --go-package, --go-import-base and --go-import-path require --check or --go-list; interpreted execution of an explicit package set is not supported	151	bashy --bashpp --source=go --check --go-import-base test --go-import-path <pkg> [--go-package <earlier>=<files>] --go-file test/fixedbugs/issue11053.dir/<pkg files>; then the last package run with the same map
150.1	fixedbugs/issue13777.go	interpreted	product	bashy: --go-package, --go-import-base and --go-import-path require --check or --go-list; interpreted execution of an explicit package set is not supported	151	bashy --bashpp --source=go --check --go-import-base test --go-import-path <pkg> [--go-package <earlier>=<files>] --go-file test/fixedbugs/issue13777.dir/<pkg files>; then the last package run with the same map
150.1	fixedbugs/issue15071.go	interpreted	product	bashy: --go-package, --go-import-base and --go-import-path require --check or --go-list; interpreted execution of an explicit package set is not supported	151	bashy --bashpp --source=go --check --go-import-base test --go-import-path <pkg> [--go-package <earlier>=<files>] --go-file test/fixedbugs/issue15071.dir/<pkg files>; then the last package run with the same map
150.1	fixedbugs/issue15646.go	interpreted	product	bashy: --go-package, --go-import-base and --go-import-path require --check or --go-list; interpreted execution of an explicit package set is not supported	151	bashy --bashpp --source=go --check --go-import-base test --go-import-path <pkg> [--go-package <earlier>=<files>] --go-file test/fixedbugs/issue15646.dir/<pkg files>; then the last package run with the same map
150.1	fixedbugs/issue18911.go	interpreted	product	bashy: --go-package, --go-import-base and --go-import-path require --check or --go-list; interpreted execution of an explicit package set is not supported	151	bashy --bashpp --source=go --check --go-import-base test --go-import-path <pkg> [--go-package <earlier>=<files>] --go-file test/fixedbugs/issue18911.dir/<pkg files>; then the last package run with the same map
150.1	fixedbugs/issue19028.go	interpreted	product	bashy: --go-package, --go-import-base and --go-import-path require --check or --go-list; interpreted execution of an explicit package set is not supported	151	bashy --bashpp --source=go --check --go-import-base test --go-import-path <pkg> [--go-package <earlier>=<files>] --go-file test/fixedbugs/issue19028.dir/<pkg files>; then the last package run with the same map
150.1	fixedbugs/issue19467.go	interpreted	product	bashy: --go-package, --go-import-base and --go-import-path require --check or --go-list; interpreted execution of an explicit package set is not supported	151	bashy --bashpp --source=go --check --go-import-base test --go-import-path <pkg> [--go-package <earlier>=<files>] --go-file test/fixedbugs/issue19467.dir/<pkg files>; then the last package run with the same map
150.1	fixedbugs/issue19548.go	interpreted	product	bashy: --go-package, --go-import-base and --go-import-path require --check or --go-list; interpreted execution of an explicit package set is not supported	151	bashy --bashpp --source=go --check --go-import-base test --go-import-path <pkg> [--go-package <earlier>=<files>] --go-file test/fixedbugs/issue19548.dir/<pkg files>; then the last package run with the same map
150.1	fixedbugs/issue19764.go	interpreted	product	bashy: --go-package, --go-import-base and --go-import-path require --check or --go-list; interpreted execution of an explicit package set is not supported	151	bashy --bashpp --source=go --check --go-import-base test --go-import-path <pkg> [--go-package <earlier>=<files>] --go-file test/fixedbugs/issue19764.dir/<pkg files>; then the last package run with the same map
150.1	fixedbugs/issue21120.go	interpreted	product	bashy: --go-package, --go-import-base and --go-import-path require --check or --go-list; interpreted execution of an explicit package set is not supported	151	bashy --bashpp --source=go --check --go-import-base test --go-import-path <pkg> [--go-package <earlier>=<files>] --go-file test/fixedbugs/issue21120.dir/<pkg files>; then the last package run with the same map
150.1	fixedbugs/issue22941.go	interpreted	product	bashy: --go-package, --go-import-base and --go-import-path require --check or --go-list; interpreted execution of an explicit package set is not supported	151	bashy --bashpp --source=go --check --go-import-base test --go-import-path <pkg> [--go-package <earlier>=<files>] --go-file test/fixedbugs/issue22941.dir/<pkg files>; then the last package run with the same map
150.1	fixedbugs/issue24693.go	interpreted	product	bashy: --go-package, --go-import-base and --go-import-path require --check or --go-list; interpreted execution of an explicit package set is not supported	151	bashy --bashpp --source=go --check --go-import-base test --go-import-path <pkg> [--go-package <earlier>=<files>] --go-file test/fixedbugs/issue24693.dir/<pkg files>; then the last package run with the same map
150.1	fixedbugs/issue29610.go	interpreted	product	bashy: --go-package, --go-import-base and --go-import-path require --check or --go-list; interpreted execution of an explicit package set is not supported	151	bashy --bashpp --source=go --check --go-import-base test --go-import-path <pkg> [--go-package <earlier>=<files>] --go-file test/fixedbugs/issue29610.dir/<pkg files>; then the last package run with the same map
150.1	fixedbugs/issue29919.go	interpreted	product	bashy: --go-package, --go-import-base and --go-import-path require --check or --go-list; interpreted execution of an explicit package set is not supported	151	bashy --bashpp --source=go --check --go-import-base test --go-import-path <pkg> [--go-package <earlier>=<files>] --go-file test/fixedbugs/issue29919.dir/<pkg files>; then the last package run with the same map
150.1	fixedbugs/issue30908.go	interpreted	product	bashy: --go-package, --go-import-base and --go-import-path require --check or --go-list; interpreted execution of an explicit package set is not supported	151	bashy --bashpp --source=go --check --go-import-base test --go-import-path <pkg> [--go-package <earlier>=<files>] --go-file test/fixedbugs/issue30908.dir/<pkg files>; then the last package run with the same map
150.1	fixedbugs/issue31636.go	interpreted	product	bashy: --go-package, --go-import-base and --go-import-path require --check or --go-list; interpreted execution of an explicit package set is not supported	151	bashy --bashpp --source=go --check --go-import-base test --go-import-path <pkg> [--go-package <earlier>=<files>] --go-file test/fixedbugs/issue31636.dir/<pkg files>; then the last package run with the same map
150.1	fixedbugs/issue31959.go	interpreted	product	bashy: --go-package, --go-import-base and --go-import-path require --check or --go-list; interpreted execution of an explicit package set is not supported	151	bashy --bashpp --source=go --check --go-import-base test --go-import-path <pkg> [--go-package <earlier>=<files>] --go-file test/fixedbugs/issue31959.dir/<pkg files>; then the last package run with the same map
150.1	fixedbugs/issue32595.go	interpreted	product	bashy: --go-package, --go-import-base and --go-import-path require --check or --go-list; interpreted execution of an explicit package set is not supported	151	bashy --bashpp --source=go --check --go-import-base test --go-import-path <pkg> [--go-package <earlier>=<files>] --go-file test/fixedbugs/issue32595.dir/<pkg files>; then the last package run with the same map
150.1	fixedbugs/issue32901.go	interpreted	product	bashy: --go-package, --go-import-base and --go-import-path require --check or --go-list; interpreted execution of an explicit package set is not supported	151	bashy --bashpp --source=go --check --go-import-base test --go-import-path <pkg> [--go-package <earlier>=<files>] --go-file test/fixedbugs/issue32901.dir/<pkg files>; then the last package run with the same map
150.1	fixedbugs/issue33739.go	interpreted	product	bashy: --go-package, --go-import-base and --go-import-path require --check or --go-list; interpreted execution of an explicit package set is not supported	151	bashy --bashpp --source=go --check --go-import-base test --go-import-path <pkg> [--go-package <earlier>=<files>] --go-file test/fixedbugs/issue33739.dir/<pkg files>; then the last package run with the same map
150.1	fixedbugs/issue40252.go	interpreted	product	bashy: --go-package, --go-import-base and --go-import-path require --check or --go-list; interpreted execution of an explicit package set is not supported	151	bashy --bashpp --source=go --check --go-import-base test --go-import-path <pkg> [--go-package <earlier>=<files>] --go-file test/fixedbugs/issue40252.dir/<pkg files>; then the last package run with the same map
150.1	fixedbugs/issue42401.go	interpreted	product	bashy: --go-package, --go-import-base and --go-import-path require --check or --go-list; interpreted execution of an explicit package set is not supported	151	bashy --bashpp --source=go --check --go-import-base test --go-import-path <pkg> [--go-package <earlier>=<files>] --go-file test/fixedbugs/issue42401.dir/<pkg files>; then the last package run with the same map
150.1	fixedbugs/issue4252.go	interpreted	product	bashy: --go-package, --go-import-base and --go-import-path require --check or --go-list; interpreted execution of an explicit package set is not supported	151	bashy --bashpp --source=go --check --go-import-base test --go-import-path <pkg> [--go-package <earlier>=<files>] --go-file test/fixedbugs/issue4252.dir/<pkg files>; then the last package run with the same map
150.1	fixedbugs/issue43633.go	interpreted	product	bashy: --go-package, --go-import-base and --go-import-path require --check or --go-list; interpreted execution of an explicit package set is not supported	151	bashy --bashpp --source=go --check --go-import-base test --go-import-path <pkg> [--go-package <earlier>=<files>] --go-file test/fixedbugs/issue43633.dir/<pkg files>; then the last package run with the same map
150.1	fixedbugs/issue44330.go	interpreted	product	bashy: --go-package, --go-import-base and --go-import-path require --check or --go-list; interpreted execution of an explicit package set is not supported	151	bashy --bashpp --source=go --check --go-import-base test --go-import-path <pkg> [--go-package <earlier>=<files>] --go-file test/fixedbugs/issue44330.dir/<pkg files>; then the last package run with the same map
150.1	fixedbugs/issue4590.go	interpreted	product	bashy: --go-package, --go-import-base and --go-import-path require --check or --go-list; interpreted execution of an explicit package set is not supported	151	bashy --bashpp --source=go --check --go-import-base test --go-import-path <pkg> [--go-package <earlier>=<files>] --go-file test/fixedbugs/issue4590.dir/<pkg files>; then the last package run with the same map
150.1	fixedbugs/issue47068.go	interpreted	product	bashy: --go-package, --go-import-base and --go-import-path require --check or --go-list; interpreted execution of an explicit package set is not supported	151	bashy --bashpp --source=go --check --go-import-base test --go-import-path <pkg> [--go-package <earlier>=<files>] --go-file test/fixedbugs/issue47068.dir/<pkg files>; then the last package run with the same map
150.1	fixedbugs/issue47087.go	interpreted	product	bashy: --go-package, --go-import-base and --go-import-path require --check or --go-list; interpreted execution of an explicit package set is not supported	151	bashy --bashpp --source=go --check --go-import-base test --go-import-path <pkg> [--go-package <earlier>=<files>] --go-file test/fixedbugs/issue47087.dir/<pkg files>; then the last package run with the same map
150.1	fixedbugs/issue4964.go	interpreted	product	bashy: --go-package, --go-import-base and --go-import-path require --check or --go-list; interpreted execution of an explicit package set is not supported	151	bashy --bashpp --source=go --check --go-import-base test --go-import-path <pkg> [--go-package <earlier>=<files>] --go-file test/fixedbugs/issue4964.dir/<pkg files>; then the last package run with the same map
150.1	fixedbugs/issue5105.go	interpreted	product	bashy: --go-package, --go-import-base and --go-import-path require --check or --go-list; interpreted execution of an explicit package set is not supported	151	bashy --bashpp --source=go --check --go-import-base test --go-import-path <pkg> [--go-package <earlier>=<files>] --go-file test/fixedbugs/issue5105.dir/<pkg files>; then the last package run with the same map
150.1	fixedbugs/issue52279.go	interpreted	product	bashy: --go-package, --go-import-base and --go-import-path require --check or --go-list; interpreted execution of an explicit package set is not supported	151	bashy --bashpp --source=go --check --go-import-base test --go-import-path <pkg> [--go-package <earlier>=<files>] --go-file test/fixedbugs/issue52279.dir/<pkg files>; then the last package run with the same map
150.1	fixedbugs/issue5260.go	interpreted	product	bashy: --go-package, --go-import-base and --go-import-path require --check or --go-list; interpreted execution of an explicit package set is not supported	151	bashy --bashpp --source=go --check --go-import-base test --go-import-path <pkg> [--go-package <earlier>=<files>] --go-file test/fixedbugs/issue5260.dir/<pkg files>; then the last package run with the same map
150.1	fixedbugs/issue52856.go	interpreted	product	bashy: --go-package, --go-import-base and --go-import-path require --check or --go-list; interpreted execution of an explicit package set is not supported	151	bashy --bashpp --source=go --check --go-import-base test --go-import-path <pkg> [--go-package <earlier>=<files>] --go-file test/fixedbugs/issue52856.dir/<pkg files>; then the last package run with the same map
150.1	fixedbugs/issue5291.go	interpreted	product	bashy: --go-package, --go-import-base and --go-import-path require --check or --go-list; interpreted execution of an explicit package set is not supported	151	bashy --bashpp --source=go --check --go-import-base test --go-import-path <pkg> [--go-package <earlier>=<files>] --go-file test/fixedbugs/issue5291.dir/<pkg files>; then the last package run with the same map
150.1	fixedbugs/issue54912.go	interpreted	product	bashy: --go-package, --go-import-base and --go-import-path require --check or --go-list; interpreted execution of an explicit package set is not supported	151	bashy --bashpp --source=go --check --go-import-base test --go-import-path <pkg> [--go-package <earlier>=<files>] --go-file test/fixedbugs/issue54912.dir/<pkg files>; then the last package run with the same map
150.1	fixedbugs/issue59709.go	interpreted	product	bashy: --go-package, --go-import-base and --go-import-path require --check or --go-list; interpreted execution of an explicit package set is not supported	151	bashy --bashpp --source=go --check --go-import-base test --go-import-path <pkg> [--go-package <earlier>=<files>] --go-file test/fixedbugs/issue59709.dir/<pkg files>; then the last package run with the same map
150.1	fixedbugs/issue62498.go	interpreted	product	bashy: --go-package, --go-import-base and --go-import-path require --check or --go-list; interpreted execution of an explicit package set is not supported	151	bashy --bashpp --source=go --check --go-import-base test --go-import-path <pkg> [--go-package <earlier>=<files>] --go-file test/fixedbugs/issue62498.dir/<pkg files>; then the last package run with the same map
150.1	fixedbugs/issue65957.go	interpreted	product	/srv/sprint150/s150-dynamic/tmp/bashpp-s1501.i1zUCx/goroot/test/fixedbugs/issue65957.dir/a.go:11:10: gosource: unsupported expression *ast.ArrayType	151	bashy --bashpp --source=go --check --go-import-base test --go-import-path <pkg> [--go-package <earlier>=<files>] --go-file test/fixedbugs/issue65957.dir/<pkg files>; then the last package run with the same map
150.1	fixedbugs/issue6789.go	interpreted	product	bashy: --go-package, --go-import-base and --go-import-path require --check or --go-list; interpreted execution of an explicit package set is not supported	151	bashy --bashpp --source=go --check --go-import-base test --go-import-path <pkg> [--go-package <earlier>=<files>] --go-file test/fixedbugs/issue6789.dir/<pkg files>; then the last package run with the same map
150.1	fixedbugs/issue7995b.go	interpreted	product	bashy: --go-package, --go-import-base and --go-import-path require --check or --go-list; interpreted execution of an explicit package set is not supported	151	bashy --bashpp --source=go --check --go-import-base test --go-import-path <pkg> [--go-package <earlier>=<files>] --go-file test/fixedbugs/issue7995b.dir/<pkg files>; then the last package run with the same map
150.1	fixedbugs/issue9537.go	interpreted	product	bashy: --go-package, --go-import-base and --go-import-path require --check or --go-list; interpreted execution of an explicit package set is not supported	151	bashy --bashpp --source=go --check --go-import-base test --go-import-path <pkg> [--go-package <earlier>=<files>] --go-file test/fixedbugs/issue9537.dir/<pkg files>; then the last package run with the same map
150.1	interface/embed1.go	interpreted	product	bashy: --go-package, --go-import-base and --go-import-path require --check or --go-list; interpreted execution of an explicit package set is not supported	151	bashy --bashpp --source=go --check --go-import-base test --go-import-path <pkg> [--go-package <earlier>=<files>] --go-file test/interface/embed1.dir/<pkg files>; then the last package run with the same map
150.1	interface/embed3.go	interpreted	product	bashy: --go-package, --go-import-base and --go-import-path require --check or --go-list; interpreted execution of an explicit package set is not supported	151	bashy --bashpp --source=go --check --go-import-base test --go-import-path <pkg> [--go-package <earlier>=<files>] --go-file test/interface/embed3.dir/<pkg files>; then the last package run with the same map
150.1	method4.go	interpreted	product	/srv/sprint150/s150-dynamic/tmp/bashpp-s1501.i1zUCx/goroot/test/method4.dir/prog.go:78:9: gosource: unsupported expression *ast.InterfaceType	151	bashy --bashpp --source=go --check --go-import-base test --go-import-path <pkg> [--go-package <earlier>=<files>] --go-file test/method4.dir/<pkg files>; then the last package run with the same map
150.1	typeparam/absdiffimp.go	interpreted	product	bashy: --go-package, --go-import-base and --go-import-path require --check or --go-list; interpreted execution of an explicit package set is not supported	151	bashy --bashpp --source=go --check --go-import-base test --go-import-path <pkg> [--go-package <earlier>=<files>] --go-file test/typeparam/absdiffimp.dir/<pkg files>; then the last package run with the same map
150.1	typeparam/absdiffimp2.go	interpreted	product	bashy: --go-package, --go-import-base and --go-import-path require --check or --go-list; interpreted execution of an explicit package set is not supported	151	bashy --bashpp --source=go --check --go-import-base test --go-import-path <pkg> [--go-package <earlier>=<files>] --go-file test/typeparam/absdiffimp2.dir/<pkg files>; then the last package run with the same map
150.1	typeparam/aliasimp.go	interpreted	product	bashy: --go-package, --go-import-base and --go-import-path require --check or --go-list; interpreted execution of an explicit package set is not supported	151	bashy --bashpp --source=go --check --go-import-base test --go-import-path <pkg> [--go-package <earlier>=<files>] --go-file test/typeparam/aliasimp.dir/<pkg files>; then the last package run with the same map
150.1	typeparam/chansimp.go	interpreted	product	bashy: --go-package, --go-import-base and --go-import-path require --check or --go-list; interpreted execution of an explicit package set is not supported	151	bashy --bashpp --source=go --check --go-import-base test --go-import-path <pkg> [--go-package <earlier>=<files>] --go-file test/typeparam/chansimp.dir/<pkg files>; then the last package run with the same map
150.1	typeparam/dedup.go	interpreted	product	bashy: --go-package, --go-import-base and --go-import-path require --check or --go-list; interpreted execution of an explicit package set is not supported	151	bashy --bashpp --source=go --check --go-import-base test --go-import-path <pkg> [--go-package <earlier>=<files>] --go-file test/typeparam/dedup.dir/<pkg files>; then the last package run with the same map
150.1	typeparam/factimp.go	interpreted	product	bashy: --go-package, --go-import-base and --go-import-path require --check or --go-list; interpreted execution of an explicit package set is not supported	151	bashy --bashpp --source=go --check --go-import-base test --go-import-path <pkg> [--go-package <earlier>=<files>] --go-file test/typeparam/factimp.dir/<pkg files>; then the last package run with the same map
150.1	typeparam/gencrawler.go	interpreted	product	bashy: --go-package, --go-import-base and --go-import-path require --check or --go-list; interpreted execution of an explicit package set is not supported	151	bashy --bashpp --source=go --check --go-import-base test --go-import-path <pkg> [--go-package <earlier>=<files>] --go-file test/typeparam/gencrawler.dir/<pkg files>; then the last package run with the same map
150.1	typeparam/geninline.go	interpreted	product	bashy: --go-package, --go-import-base and --go-import-path require --check or --go-list; interpreted execution of an explicit package set is not supported	151	bashy --bashpp --source=go --check --go-import-base test --go-import-path <pkg> [--go-package <earlier>=<files>] --go-file test/typeparam/geninline.dir/<pkg files>; then the last package run with the same map
150.1	typeparam/issue47514c.go	interpreted	product	bashy: --go-package, --go-import-base and --go-import-path require --check or --go-list; interpreted execution of an explicit package set is not supported	151	bashy --bashpp --source=go --check --go-import-base test --go-import-path <pkg> [--go-package <earlier>=<files>] --go-file test/typeparam/issue47514c.dir/<pkg files>; then the last package run with the same map
150.1	typeparam/issue47775.go	interpreted	product	bashy: --go-package, --go-import-base and --go-import-path require --check or --go-list; interpreted execution of an explicit package set is not supported	151	bashy --bashpp --source=go --check --go-import-base test --go-import-path <pkg> [--go-package <earlier>=<files>] --go-file test/typeparam/issue47775.dir/<pkg files>; then the last package run with the same map
150.1	typeparam/issue47892.go	interpreted	product	bashy: --go-package, --go-import-base and --go-import-path require --check or --go-list; interpreted execution of an explicit package set is not supported	151	bashy --bashpp --source=go --check --go-import-base test --go-import-path <pkg> [--go-package <earlier>=<files>] --go-file test/typeparam/issue47892.dir/<pkg files>; then the last package run with the same map
150.1	typeparam/issue48094.go	interpreted	product	bashy: --go-package, --go-import-base and --go-import-path require --check or --go-list; interpreted execution of an explicit package set is not supported	151	bashy --bashpp --source=go --check --go-import-base test --go-import-path <pkg> [--go-package <earlier>=<files>] --go-file test/typeparam/issue48094.dir/<pkg files>; then the last package run with the same map
150.1	typeparam/issue48185a.go	interpreted	product	bashy: --go-package, --go-import-base and --go-import-path require --check or --go-list; interpreted execution of an explicit package set is not supported	151	bashy --bashpp --source=go --check --go-import-base test --go-import-path <pkg> [--go-package <earlier>=<files>] --go-file test/typeparam/issue48185a.dir/<pkg files>; then the last package run with the same map
150.1	typeparam/issue48185b.go	interpreted	product	bashy: --go-package, --go-import-base and --go-import-path require --check or --go-list; interpreted execution of an explicit package set is not supported	151	bashy --bashpp --source=go --check --go-import-base test --go-import-path <pkg> [--go-package <earlier>=<files>] --go-file test/typeparam/issue48185b.dir/<pkg files>; then the last package run with the same map
150.1	typeparam/issue48280.go	interpreted	product	bashy: --go-package, --go-import-base and --go-import-path require --check or --go-list; interpreted execution of an explicit package set is not supported	151	bashy --bashpp --source=go --check --go-import-base test --go-import-path <pkg> [--go-package <earlier>=<files>] --go-file test/typeparam/issue48280.dir/<pkg files>; then the last package run with the same map
150.1	typeparam/issue48306.go	interpreted	product	bashy: --go-package, --go-import-base and --go-import-path require --check or --go-list; interpreted execution of an explicit package set is not supported	151	bashy --bashpp --source=go --check --go-import-base test --go-import-path <pkg> [--go-package <earlier>=<files>] --go-file test/typeparam/issue48306.dir/<pkg files>; then the last package run with the same map
150.1	typeparam/issue48337a.go	interpreted	product	bashy: --go-package, --go-import-base and --go-import-path require --check or --go-list; interpreted execution of an explicit package set is not supported	151	bashy --bashpp --source=go --check --go-import-base test --go-import-path <pkg> [--go-package <earlier>=<files>] --go-file test/typeparam/issue48337a.dir/<pkg files>; then the last package run with the same map
150.1	typeparam/issue48337b.go	interpreted	product	bashy: --go-package, --go-import-base and --go-import-path require --check or --go-list; interpreted execution of an explicit package set is not supported	151	bashy --bashpp --source=go --check --go-import-base test --go-import-path <pkg> [--go-package <earlier>=<files>] --go-file test/typeparam/issue48337b.dir/<pkg files>; then the last package run with the same map
150.1	typeparam/issue48454.go	interpreted	product	bashy: --go-package, --go-import-base and --go-import-path require --check or --go-list; interpreted execution of an explicit package set is not supported	151	bashy --bashpp --source=go --check --go-import-base test --go-import-path <pkg> [--go-package <earlier>=<files>] --go-file test/typeparam/issue48454.dir/<pkg files>; then the last package run with the same map
150.1	typeparam/issue48462.go	interpreted	product	/srv/sprint150/s150-dynamic/tmp/bashpp-s1501.i1zUCx/goroot/test/typeparam/issue48462.dir/a.go:10:1: gosource: unsupported LabeledStmt	151	bashy --bashpp --source=go --check --go-import-base test --go-import-path <pkg> [--go-package <earlier>=<files>] --go-file test/typeparam/issue48462.dir/<pkg files>; then the last package run with the same map
150.1	typeparam/issue48716.go	interpreted	product	bashy: --go-package, --go-import-base and --go-import-path require --check or --go-list; interpreted execution of an explicit package set is not supported	151	bashy --bashpp --source=go --check --go-import-base test --go-import-path <pkg> [--go-package <earlier>=<files>] --go-file test/typeparam/issue48716.dir/<pkg files>; then the last package run with the same map
150.1	typeparam/issue49027.go	interpreted	product	bashy: --go-package, --go-import-base and --go-import-path require --check or --go-list; interpreted execution of an explicit package set is not supported	151	bashy --bashpp --source=go --check --go-import-base test --go-import-path <pkg> [--go-package <earlier>=<files>] --go-file test/typeparam/issue49027.dir/<pkg files>; then the last package run with the same map
150.1	typeparam/issue49241.go	interpreted	product	bashy: --go-package, --go-import-base and --go-import-path require --check or --go-list; interpreted execution of an explicit package set is not supported	151	bashy --bashpp --source=go --check --go-import-base test --go-import-path <pkg> [--go-package <earlier>=<files>] --go-file test/typeparam/issue49241.dir/<pkg files>; then the last package run with the same map
150.1	typeparam/issue49497.go	interpreted	product	bashy: --go-package, --go-import-base and --go-import-path require --check or --go-list; interpreted execution of an explicit package set is not supported	151	bashy --bashpp --source=go --check --go-import-base test --go-import-path <pkg> [--go-package <earlier>=<files>] --go-file test/typeparam/issue49497.dir/<pkg files>; then the last package run with the same map
150.1	typeparam/issue49524.go	interpreted	product	bashy: --go-package, --go-import-base and --go-import-path require --check or --go-list; interpreted execution of an explicit package set is not supported	151	bashy --bashpp --source=go --check --go-import-base test --go-import-path <pkg> [--go-package <earlier>=<files>] --go-file test/typeparam/issue49524.dir/<pkg files>; then the last package run with the same map
150.1	typeparam/issue49667.go	interpreted	product	bashy: --go-package, --go-import-base and --go-import-path require --check or --go-list; interpreted execution of an explicit package set is not supported	151	bashy --bashpp --source=go --check --go-import-base test --go-import-path <pkg> [--go-package <earlier>=<files>] --go-file test/typeparam/issue49667.dir/<pkg files>; then the last package run with the same map
150.1	typeparam/issue50121.go	interpreted	product	bashy: --go-package, --go-import-base and --go-import-path require --check or --go-list; interpreted execution of an explicit package set is not supported	151	bashy --bashpp --source=go --check --go-import-base test --go-import-path <pkg> [--go-package <earlier>=<files>] --go-file test/typeparam/issue50121.dir/<pkg files>; then the last package run with the same map
150.1	typeparam/issue50121b.go	interpreted	product	bashy: --go-package, --go-import-base and --go-import-path require --check or --go-list; interpreted execution of an explicit package set is not supported	151	bashy --bashpp --source=go --check --go-import-base test --go-import-path <pkg> [--go-package <earlier>=<files>] --go-file test/typeparam/issue50121b.dir/<pkg files>; then the last package run with the same map
150.1	typeparam/issue50481b.go	interpreted	product	bashy: --go-package, --go-import-base and --go-import-path require --check or --go-list; interpreted execution of an explicit package set is not supported	151	bashy --bashpp --source=go --check --go-import-base test --go-import-path <pkg> [--go-package <earlier>=<files>] --go-file test/typeparam/issue50481b.dir/<pkg files>; then the last package run with the same map
150.1	typeparam/issue50481c.go	interpreted	product	bashy: --go-package, --go-import-base and --go-import-path require --check or --go-list; interpreted execution of an explicit package set is not supported	151	bashy --bashpp --source=go --check --go-import-base test --go-import-path <pkg> [--go-package <earlier>=<files>] --go-file test/typeparam/issue50481c.dir/<pkg files>; then the last package run with the same map
150.1	typeparam/issue50598.go	interpreted	product	bashy: --go-package, --go-import-base and --go-import-path require --check or --go-list; interpreted execution of an explicit package set is not supported	151	bashy --bashpp --source=go --check --go-import-base test --go-import-path <pkg> [--go-package <earlier>=<files>] --go-file test/typeparam/issue50598.dir/<pkg files>; then the last package run with the same map
150.1	typeparam/issue51219.go	interpreted	product	bashy: --go-package, --go-import-base and --go-import-path require --check or --go-list; interpreted execution of an explicit package set is not supported	151	bashy --bashpp --source=go --check --go-import-base test --go-import-path <pkg> [--go-package <earlier>=<files>] --go-file test/typeparam/issue51219.dir/<pkg files>; then the last package run with the same map
150.1	typeparam/issue51250a.go	interpreted	product	/srv/sprint150/s150-dynamic/tmp/bashpp-s1501.i1zUCx/goroot/test/typeparam/issue51250a.dir/b.go:15:9: gosource: unsupported expression statement	151	bashy --bashpp --source=go --check --go-import-base test --go-import-path <pkg> [--go-package <earlier>=<files>] --go-file test/typeparam/issue51250a.dir/<pkg files>; then the last package run with the same map
150.1	typeparam/issue51367.go	interpreted	product	bashy: --go-package, --go-import-base and --go-import-path require --check or --go-list; interpreted execution of an explicit package set is not supported	151	bashy --bashpp --source=go --check --go-import-base test --go-import-path <pkg> [--go-package <earlier>=<files>] --go-file test/typeparam/issue51367.dir/<pkg files>; then the last package run with the same map
150.1	typeparam/issue54302.go	interpreted	product	bashy: --go-package, --go-import-base and --go-import-path require --check or --go-list; interpreted execution of an explicit package set is not supported	151	bashy --bashpp --source=go --check --go-import-base test --go-import-path <pkg> [--go-package <earlier>=<files>] --go-file test/typeparam/issue54302.dir/<pkg files>; then the last package run with the same map
150.1	typeparam/listimp.go	interpreted	product	bashy: --go-package, --go-import-base and --go-import-path require --check or --go-list; interpreted execution of an explicit package set is not supported	151	bashy --bashpp --source=go --check --go-import-base test --go-import-path <pkg> [--go-package <earlier>=<files>] --go-file test/typeparam/listimp.dir/<pkg files>; then the last package run with the same map
150.1	typeparam/listimp2.go	interpreted	product	bashy: --go-package, --go-import-base and --go-import-path require --check or --go-list; interpreted execution of an explicit package set is not supported	151	bashy --bashpp --source=go --check --go-import-base test --go-import-path <pkg> [--go-package <earlier>=<files>] --go-file test/typeparam/listimp2.dir/<pkg files>; then the last package run with the same map
150.1	typeparam/mapimp.go	interpreted	product	bashy: --go-package, --go-import-base and --go-import-path require --check or --go-list; interpreted execution of an explicit package set is not supported	151	bashy --bashpp --source=go --check --go-import-base test --go-import-path <pkg> [--go-package <earlier>=<files>] --go-file test/typeparam/mapimp.dir/<pkg files>; then the last package run with the same map
150.1	typeparam/mapsimp.go	interpreted	product	bashy: --go-package, --go-import-base and --go-import-path require --check or --go-list; interpreted execution of an explicit package set is not supported	151	bashy --bashpp --source=go --check --go-import-base test --go-import-path <pkg> [--go-package <earlier>=<files>] --go-file test/typeparam/mapsimp.dir/<pkg files>; then the last package run with the same map
150.1	typeparam/mdempsky/10.go	interpreted	product	bashy: --go-package, --go-import-base and --go-import-path require --check or --go-list; interpreted execution of an explicit package set is not supported	151	bashy --bashpp --source=go --check --go-import-base test --go-import-path <pkg> [--go-package <earlier>=<files>] --go-file test/typeparam/mdempsky/10.dir/<pkg files>; then the last package run with the same map
150.1	typeparam/mdempsky/12.go	interpreted	product	bashy: --go-package, --go-import-base and --go-import-path require --check or --go-list; interpreted execution of an explicit package set is not supported	151	bashy --bashpp --source=go --check --go-import-base test --go-import-path <pkg> [--go-package <earlier>=<files>] --go-file test/typeparam/mdempsky/12.dir/<pkg files>; then the last package run with the same map
150.1	typeparam/minimp.go	interpreted	product	bashy: --go-package, --go-import-base and --go-import-path require --check or --go-list; interpreted execution of an explicit package set is not supported	151	bashy --bashpp --source=go --check --go-import-base test --go-import-path <pkg> [--go-package <earlier>=<files>] --go-file test/typeparam/minimp.dir/<pkg files>; then the last package run with the same map
150.1	typeparam/orderedmapsimp.go	interpreted	product	bashy: --go-package, --go-import-base and --go-import-path require --check or --go-list; interpreted execution of an explicit package set is not supported	151	bashy --bashpp --source=go --check --go-import-base test --go-import-path <pkg> [--go-package <earlier>=<files>] --go-file test/typeparam/orderedmapsimp.dir/<pkg files>; then the last package run with the same map
150.1	typeparam/pairimp.go	interpreted	product	bashy: --go-package, --go-import-base and --go-import-path require --check or --go-list; interpreted execution of an explicit package set is not supported	151	bashy --bashpp --source=go --check --go-import-base test --go-import-path <pkg> [--go-package <earlier>=<files>] --go-file test/typeparam/pairimp.dir/<pkg files>; then the last package run with the same map
150.1	typeparam/recoverimp.go	interpreted	product	bashy: --go-package, --go-import-base and --go-import-path require --check or --go-list; interpreted execution of an explicit package set is not supported	151	bashy --bashpp --source=go --check --go-import-base test --go-import-path <pkg> [--go-package <earlier>=<files>] --go-file test/typeparam/recoverimp.dir/<pkg files>; then the last package run with the same map
150.1	typeparam/select.go	interpreted	product	bashy: --go-package, --go-import-base and --go-import-path require --check or --go-list; interpreted execution of an explicit package set is not supported	151	bashy --bashpp --source=go --check --go-import-base test --go-import-path <pkg> [--go-package <earlier>=<files>] --go-file test/typeparam/select.dir/<pkg files>; then the last package run with the same map
150.1	typeparam/setsimp.go	interpreted	product	bashy: --go-package, --go-import-base and --go-import-path require --check or --go-list; interpreted execution of an explicit package set is not supported	151	bashy --bashpp --source=go --check --go-import-base test --go-import-path <pkg> [--go-package <earlier>=<files>] --go-file test/typeparam/setsimp.dir/<pkg files>; then the last package run with the same map
150.1	typeparam/sliceimp.go	interpreted	product	bashy: --go-package, --go-import-base and --go-import-path require --check or --go-list; interpreted execution of an explicit package set is not supported	151	bashy --bashpp --source=go --check --go-import-base test --go-import-path <pkg> [--go-package <earlier>=<files>] --go-file test/typeparam/sliceimp.dir/<pkg files>; then the last package run with the same map
150.1	typeparam/stringerimp.go	interpreted	product	bashy: --go-package, --go-import-base and --go-import-path require --check or --go-list; interpreted execution of an explicit package set is not supported	151	bashy --bashpp --source=go --check --go-import-base test --go-import-path <pkg> [--go-package <earlier>=<files>] --go-file test/typeparam/stringerimp.dir/<pkg files>; then the last package run with the same map
150.1	typeparam/structinit.go	interpreted	product	bashy: --go-package, --go-import-base and --go-import-path require --check or --go-list; interpreted execution of an explicit package set is not supported	151	bashy --bashpp --source=go --check --go-import-base test --go-import-path <pkg> [--go-package <earlier>=<files>] --go-file test/typeparam/structinit.dir/<pkg files>; then the last package run with the same map
150.1	typeparam/valimp.go	interpreted	product	bashy: --go-package, --go-import-base and --go-import-path require --check or --go-list; interpreted execution of an explicit package set is not supported	151	bashy --bashpp --source=go --check --go-import-base test --go-import-path <pkg> [--go-package <earlier>=<files>] --go-file test/typeparam/valimp.dir/<pkg files>; then the last package run with the same map
150.1	uintptrescapes.go	interpreted	product	bashy: --go-package, --go-import-base and --go-import-path require --check or --go-list; interpreted execution of an explicit package set is not supported	151	bashy --bashpp --source=go --check --go-import-base test --go-import-path <pkg> [--go-package <earlier>=<files>] --go-file test/uintptrescapes.dir/<pkg files>; then the last package run with the same map
150.1	alias3.go	compiled	product	main.go:5:8: "./a" is relative, but relative import paths are not supported in module mode	152	bashy transpile --bashpp --source=go --go-import-base test --go-import-path <pkg> [--go-package <earlier>=<files>] --go-file test/alias3.dir/<pkg files> -o /tmp/main.go && go build
150.1	ddd2.go	compiled	product	main.go:4:8: "./ddd2" is relative, but relative import paths are not supported in module mode	152	bashy transpile --bashpp --source=go --go-import-base test --go-import-path <pkg> [--go-package <earlier>=<files>] --go-file test/ddd2.dir/<pkg files> -o /tmp/main.go && go build
150.1	dwarf/dwarf.go	compiled	product	# bashpp_s1572	152	bashy transpile --bashpp --source=go --go-import-base test --go-import-path <pkg> [--go-package <earlier>=<files>] --go-file test/dwarf/dwarf.dir/<pkg files> -o /tmp/main.go && go build
150.1	fixedbugs/bug160.go	compiled	product	main.go:8:8: "./x" is relative, but relative import paths are not supported in module mode	152	bashy transpile --bashpp --source=go --go-import-base test --go-import-path <pkg> [--go-package <earlier>=<files>] --go-file test/fixedbugs/bug160.dir/<pkg files> -o /tmp/main.go && go build
150.1	fixedbugs/bug191.go	compiled	product	/srv/sprint150/s150-dynamic/tmp/bashpp-s1501.i1zUCx/goroot/test/fixedbugs/bug191.dir/main.go:10:1: LOWER-EUNDEFINED: undefined: T	152	bashy transpile --bashpp --source=go --go-import-base test --go-import-path <pkg> [--go-package <earlier>=<files>] --go-file test/fixedbugs/bug191.dir/<pkg files> -o /tmp/main.go && go build
150.1	fixedbugs/bug322.go	compiled	product	main.go:4:8: "./lib" is relative, but relative import paths are not supported in module mode	152	bashy transpile --bashpp --source=go --go-import-base test --go-import-path <pkg> [--go-package <earlier>=<files>] --go-file test/fixedbugs/bug322.dir/<pkg files> -o /tmp/main.go && go build
150.1	fixedbugs/bug324.go	compiled	product	/srv/sprint150/s150-dynamic/tmp/bashpp-s1501.i1zUCx/goroot/test/fixedbugs/bug324.dir/p.go:15:1: LOWER-EUNDEFINED: undefined: p	152	bashy transpile --bashpp --source=go --go-import-base test --go-import-path <pkg> [--go-package <earlier>=<files>] --go-file test/fixedbugs/bug324.dir/<pkg files> -o /tmp/main.go && go build
150.1	fixedbugs/bug367.go	compiled	product	/srv/sprint150/s150-dynamic/tmp/bashpp-s1501.i1zUCx/goroot/test/fixedbugs/bug367.dir/prog.go:24:2: LOWER-ETYPE: assignment mismatch: 2 variables but __bpp0_rt.MustValue returns 1 value	152	bashy transpile --bashpp --source=go --go-import-base test --go-import-path <pkg> [--go-package <earlier>=<files>] --go-file test/fixedbugs/bug367.dir/<pkg files> -o /tmp/main.go && go build
150.1	fixedbugs/bug414.go	compiled	product	main.go:4:8: "./p1" is relative, but relative import paths are not supported in module mode	152	bashy transpile --bashpp --source=go --go-import-base test --go-import-path <pkg> [--go-package <earlier>=<files>] --go-file test/fixedbugs/bug414.dir/<pkg files> -o /tmp/main.go && go build
150.1	fixedbugs/bug424.go	compiled	product	main.go:7:8: "./lib" is relative, but relative import paths are not supported in module mode	152	bashy transpile --bashpp --source=go --go-import-base test --go-import-path <pkg> [--go-package <earlier>=<files>] --go-file test/fixedbugs/bug424.dir/<pkg files> -o /tmp/main.go && go build
150.1	fixedbugs/bug437.go	compiled	product	main.go:4:8: "./one" is relative, but relative import paths are not supported in module mode	152	bashy transpile --bashpp --source=go --go-import-base test --go-import-path <pkg> [--go-package <earlier>=<files>] --go-file test/fixedbugs/bug437.dir/<pkg files> -o /tmp/main.go && go build
150.1	fixedbugs/bug465.go	compiled	product	main.go:7:8: "./a" is relative, but relative import paths are not supported in module mode	152	bashy transpile --bashpp --source=go --go-import-base test --go-import-path <pkg> [--go-package <earlier>=<files>] --go-file test/fixedbugs/bug465.dir/<pkg files> -o /tmp/main.go && go build
150.1	fixedbugs/bug466.go	compiled	product	main.go:4:8: "./a" is relative, but relative import paths are not supported in module mode	152	bashy transpile --bashpp --source=go --go-import-base test --go-import-path <pkg> [--go-package <earlier>=<files>] --go-file test/fixedbugs/bug466.dir/<pkg files> -o /tmp/main.go && go build
150.1	fixedbugs/bug468.go	compiled	product	main.go:5:8: "./p1" is relative, but relative import paths are not supported in module mode	152	bashy transpile --bashpp --source=go --go-import-base test --go-import-path <pkg> [--go-package <earlier>=<files>] --go-file test/fixedbugs/bug468.dir/<pkg files> -o /tmp/main.go && go build
150.1	fixedbugs/bug472.go	compiled	product	main.go:4:8: "./p2" is relative, but relative import paths are not supported in module mode	152	bashy transpile --bashpp --source=go --go-import-base test --go-import-path <pkg> [--go-package <earlier>=<files>] --go-file test/fixedbugs/bug472.dir/<pkg files> -o /tmp/main.go && go build
150.1	fixedbugs/bug479.go	compiled	product	/srv/sprint150/s150-dynamic/tmp/bashpp-s1501.i1zUCx/goroot/test/fixedbugs/bug479.dir/a.go:7:1: LOWER-ETYPE: "unsafe" imported as __gosource_import_0_0 and not used	152	bashy transpile --bashpp --source=go --go-import-base test --go-import-path <pkg> [--go-package <earlier>=<files>] --go-file test/fixedbugs/bug479.dir/<pkg files> -o /tmp/main.go && go build
150.1	fixedbugs/bug492.go	compiled	product	main.go:4:8: "./a" is relative, but relative import paths are not supported in module mode	152	bashy transpile --bashpp --source=go --go-import-base test --go-import-path <pkg> [--go-package <earlier>=<files>] --go-file test/fixedbugs/bug492.dir/<pkg files> -o /tmp/main.go && go build
150.1	fixedbugs/bug506.go	compiled	product	main.go:8:8: "./a" is relative, but relative import paths are not supported in module mode	152	bashy transpile --bashpp --source=go --go-import-base test --go-import-path <pkg> [--go-package <earlier>=<files>] --go-file test/fixedbugs/bug506.dir/<pkg files> -o /tmp/main.go && go build
150.1	fixedbugs/bug510.go	compiled	product	main.go:7:8: "./a" is relative, but relative import paths are not supported in module mode	152	bashy transpile --bashpp --source=go --go-import-base test --go-import-path <pkg> [--go-package <earlier>=<files>] --go-file test/fixedbugs/bug510.dir/<pkg files> -o /tmp/main.go && go build
150.1	fixedbugs/issue11053.go	compiled	product	main.go:7:8: "./p" is relative, but relative import paths are not supported in module mode	152	bashy transpile --bashpp --source=go --go-import-base test --go-import-path <pkg> [--go-package <earlier>=<files>] --go-file test/fixedbugs/issue11053.dir/<pkg files> -o /tmp/main.go && go build
150.1	fixedbugs/issue13777.go	compiled	product	main.go:4:8: "./burnin" is relative, but relative import paths are not supported in module mode	152	bashy transpile --bashpp --source=go --go-import-base test --go-import-path <pkg> [--go-package <earlier>=<files>] --go-file test/fixedbugs/issue13777.dir/<pkg files> -o /tmp/main.go && go build
150.1	fixedbugs/issue15071.go	compiled	product	main.go:8:8: "./exp" is relative, but relative import paths are not supported in module mode	152	bashy transpile --bashpp --source=go --go-import-base test --go-import-path <pkg> [--go-package <earlier>=<files>] --go-file test/fixedbugs/issue15071.dir/<pkg files> -o /tmp/main.go && go build
150.1	fixedbugs/issue15646.go	compiled	product	main.go:4:8: "./a" is relative, but relative import paths are not supported in module mode	152	bashy transpile --bashpp --source=go --go-import-base test --go-import-path <pkg> [--go-package <earlier>=<files>] --go-file test/fixedbugs/issue15646.dir/<pkg files> -o /tmp/main.go && go build
150.1	fixedbugs/issue18911.go	compiled	product	main.go:7:8: "./a" is relative, but relative import paths are not supported in module mode	152	bashy transpile --bashpp --source=go --go-import-base test --go-import-path <pkg> [--go-package <earlier>=<files>] --go-file test/fixedbugs/issue18911.dir/<pkg files> -o /tmp/main.go && go build
150.1	fixedbugs/issue19028.go	compiled	product	main.go:5:8: "./a" is relative, but relative import paths are not supported in module mode	152	bashy transpile --bashpp --source=go --go-import-base test --go-import-path <pkg> [--go-package <earlier>=<files>] --go-file test/fixedbugs/issue19028.dir/<pkg files> -o /tmp/main.go && go build
150.1	fixedbugs/issue19467.go	compiled	product	main.go:9:8: "./mysync" is relative, but relative import paths are not supported in module mode	152	bashy transpile --bashpp --source=go --go-import-base test --go-import-path <pkg> [--go-package <earlier>=<files>] --go-file test/fixedbugs/issue19467.dir/<pkg files> -o /tmp/main.go && go build
150.1	fixedbugs/issue19548.go	compiled	product	main.go:4:8: "./a" is relative, but relative import paths are not supported in module mode	152	bashy transpile --bashpp --source=go --go-import-base test --go-import-path <pkg> [--go-package <earlier>=<files>] --go-file test/fixedbugs/issue19548.dir/<pkg files> -o /tmp/main.go && go build
150.1	fixedbugs/issue19764.go	compiled	product	main.go:4:8: "./a" is relative, but relative import paths are not supported in module mode	152	bashy transpile --bashpp --source=go --go-import-base test --go-import-path <pkg> [--go-package <earlier>=<files>] --go-file test/fixedbugs/issue19764.dir/<pkg files> -o /tmp/main.go && go build
150.1	fixedbugs/issue21120.go	compiled	product	main.go:6:8: "./a" is relative, but relative import paths are not supported in module mode	152	bashy transpile --bashpp --source=go --go-import-base test --go-import-path <pkg> [--go-package <earlier>=<files>] --go-file test/fixedbugs/issue21120.dir/<pkg files> -o /tmp/main.go && go build
150.1	fixedbugs/issue22941.go	compiled	product	main.go:7:8: "./a" is relative, but relative import paths are not supported in module mode	152	bashy transpile --bashpp --source=go --go-import-base test --go-import-path <pkg> [--go-package <earlier>=<files>] --go-file test/fixedbugs/issue22941.dir/<pkg files> -o /tmp/main.go && go build
150.1	fixedbugs/issue24693.go	compiled	product	main.go:4:8: "./a" is relative, but relative import paths are not supported in module mode	152	bashy transpile --bashpp --source=go --go-import-base test --go-import-path <pkg> [--go-package <earlier>=<files>] --go-file test/fixedbugs/issue24693.dir/<pkg files> -o /tmp/main.go && go build
150.1	fixedbugs/issue29610.go	compiled	product	main.go:4:8: "./a" is relative, but relative import paths are not supported in module mode	152	bashy transpile --bashpp --source=go --go-import-base test --go-import-path <pkg> [--go-package <earlier>=<files>] --go-file test/fixedbugs/issue29610.dir/<pkg files> -o /tmp/main.go && go build
150.1	fixedbugs/issue29919.go	compiled	product	main.go:4:8: "./a" is relative, but relative import paths are not supported in module mode	152	bashy transpile --bashpp --source=go --go-import-base test --go-import-path <pkg> [--go-package <earlier>=<files>] --go-file test/fixedbugs/issue29919.dir/<pkg files> -o /tmp/main.go && go build
150.1	fixedbugs/issue30908.go	compiled	product	main.go:5:8: "./a" is relative, but relative import paths are not supported in module mode	152	bashy transpile --bashpp --source=go --go-import-base test --go-import-path <pkg> [--go-package <earlier>=<files>] --go-file test/fixedbugs/issue30908.dir/<pkg files> -o /tmp/main.go && go build
150.1	fixedbugs/issue31636.go	compiled	product	main.go:4:8: "./a" is relative, but relative import paths are not supported in module mode	152	bashy transpile --bashpp --source=go --go-import-base test --go-import-path <pkg> [--go-package <earlier>=<files>] --go-file test/fixedbugs/issue31636.dir/<pkg files> -o /tmp/main.go && go build
150.1	fixedbugs/issue31959.go	compiled	product	main.go:5:8: "./a" is relative, but relative import paths are not supported in module mode	152	bashy transpile --bashpp --source=go --go-import-base test --go-import-path <pkg> [--go-package <earlier>=<files>] --go-file test/fixedbugs/issue31959.dir/<pkg files> -o /tmp/main.go && go build
150.1	fixedbugs/issue32595.go	compiled	product	main.go:4:8: "./a" is relative, but relative import paths are not supported in module mode	152	bashy transpile --bashpp --source=go --go-import-base test --go-import-path <pkg> [--go-package <earlier>=<files>] --go-file test/fixedbugs/issue32595.dir/<pkg files> -o /tmp/main.go && go build
150.1	fixedbugs/issue32901.go	compiled	product	main.go:4:8: "./a" is relative, but relative import paths are not supported in module mode	152	bashy transpile --bashpp --source=go --go-import-base test --go-import-path <pkg> [--go-package <earlier>=<files>] --go-file test/fixedbugs/issue32901.dir/<pkg files> -o /tmp/main.go && go build
150.1	fixedbugs/issue33739.go	compiled	product	main.go:4:8: "./a" is relative, but relative import paths are not supported in module mode	152	bashy transpile --bashpp --source=go --go-import-base test --go-import-path <pkg> [--go-package <earlier>=<files>] --go-file test/fixedbugs/issue33739.dir/<pkg files> -o /tmp/main.go && go build
150.1	fixedbugs/issue40252.go	compiled	product	main.go:4:8: "./a" is relative, but relative import paths are not supported in module mode	152	bashy transpile --bashpp --source=go --go-import-base test --go-import-path <pkg> [--go-package <earlier>=<files>] --go-file test/fixedbugs/issue40252.dir/<pkg files> -o /tmp/main.go && go build
150.1	fixedbugs/issue42401.go	compiled	product	main.go:5:8: "./a" is relative, but relative import paths are not supported in module mode	152	bashy transpile --bashpp --source=go --go-import-base test --go-import-path <pkg> [--go-package <earlier>=<files>] --go-file test/fixedbugs/issue42401.dir/<pkg files> -o /tmp/main.go && go build
150.1	fixedbugs/issue4252.go	compiled	product	main.go:4:8: "./a" is relative, but relative import paths are not supported in module mode	152	bashy transpile --bashpp --source=go --go-import-base test --go-import-path <pkg> [--go-package <earlier>=<files>] --go-file test/fixedbugs/issue4252.dir/<pkg files> -o /tmp/main.go && go build
150.1	fixedbugs/issue43633.go	compiled	product	main.go:4:8: "./a" is relative, but relative import paths are not supported in module mode	152	bashy transpile --bashpp --source=go --go-import-base test --go-import-path <pkg> [--go-package <earlier>=<files>] --go-file test/fixedbugs/issue43633.dir/<pkg files> -o /tmp/main.go && go build
150.1	fixedbugs/issue44330.go	compiled	product	main.go:4:8: "./a" is relative, but relative import paths are not supported in module mode	152	bashy transpile --bashpp --source=go --go-import-base test --go-import-path <pkg> [--go-package <earlier>=<files>] --go-file test/fixedbugs/issue44330.dir/<pkg files> -o /tmp/main.go && go build
150.1	fixedbugs/issue4590.go	compiled	product	/srv/sprint150/s150-dynamic/tmp/bashpp-s1501.i1zUCx/goroot/test/fixedbugs/issue4590.dir/pkg1.go:20:1: LOWER-EUNDEFINED: undefined: pkg1	152	bashy transpile --bashpp --source=go --go-import-base test --go-import-path <pkg> [--go-package <earlier>=<files>] --go-file test/fixedbugs/issue4590.dir/<pkg files> -o /tmp/main.go && go build
150.1	fixedbugs/issue47068.go	compiled	product	main.go:4:8: "./a" is relative, but relative import paths are not supported in module mode	152	bashy transpile --bashpp --source=go --go-import-base test --go-import-path <pkg> [--go-package <earlier>=<files>] --go-file test/fixedbugs/issue47068.dir/<pkg files> -o /tmp/main.go && go build
150.1	fixedbugs/issue47087.go	compiled	product	main.go:7:8: "./a" is relative, but relative import paths are not supported in module mode	152	bashy transpile --bashpp --source=go --go-import-base test --go-import-path <pkg> [--go-package <earlier>=<files>] --go-file test/fixedbugs/issue47087.dir/<pkg files> -o /tmp/main.go && go build
150.1	fixedbugs/issue4964.go	compiled	product	main.go:7:8: "./a" is relative, but relative import paths are not supported in module mode	152	bashy transpile --bashpp --source=go --go-import-base test --go-import-path <pkg> [--go-package <earlier>=<files>] --go-file test/fixedbugs/issue4964.dir/<pkg files> -o /tmp/main.go && go build
150.1	fixedbugs/issue5105.go	compiled	product	main.go:7:8: "./a" is relative, but relative import paths are not supported in module mode	152	bashy transpile --bashpp --source=go --go-import-base test --go-import-path <pkg> [--go-package <earlier>=<files>] --go-file test/fixedbugs/issue5105.dir/<pkg files> -o /tmp/main.go && go build
150.1	fixedbugs/issue52279.go	compiled	product	/srv/sprint150/s150-dynamic/tmp/bashpp-s1501.i1zUCx/goroot/test/fixedbugs/issue52279.dir/lib.go:17:1: LOWER-EUNDEFINED: undefined: lib	152	bashy transpile --bashpp --source=go --go-import-base test --go-import-path <pkg> [--go-package <earlier>=<files>] --go-file test/fixedbugs/issue52279.dir/<pkg files> -o /tmp/main.go && go build
150.1	fixedbugs/issue5260.go	compiled	product	main.go:7:8: "./a" is relative, but relative import paths are not supported in module mode	152	bashy transpile --bashpp --source=go --go-import-base test --go-import-path <pkg> [--go-package <earlier>=<files>] --go-file test/fixedbugs/issue5260.dir/<pkg files> -o /tmp/main.go && go build
150.1	fixedbugs/issue52856.go	compiled	product	main.go:7:8: "./a" is relative, but relative import paths are not supported in module mode	152	bashy transpile --bashpp --source=go --go-import-base test --go-import-path <pkg> [--go-package <earlier>=<files>] --go-file test/fixedbugs/issue52856.dir/<pkg files> -o /tmp/main.go && go build
150.1	fixedbugs/issue5291.go	compiled	product	main.go:4:8: "./pkg1" is relative, but relative import paths are not supported in module mode	152	bashy transpile --bashpp --source=go --go-import-base test --go-import-path <pkg> [--go-package <earlier>=<files>] --go-file test/fixedbugs/issue5291.dir/<pkg files> -o /tmp/main.go && go build
150.1	fixedbugs/issue54912.go	compiled	product	main.go:4:8: package test/a is not in std (/srv/sprint150/s150-dynamic/tmp/bashpp-s1501.i1zUCx/goroot/src/test/a)	151	bashy transpile --bashpp --source=go --go-import-base test --go-import-path <pkg> [--go-package <earlier>=<files>] --go-file test/fixedbugs/issue54912.dir/<pkg files> -o /tmp/main.go && go build
150.1	fixedbugs/issue59709.go	compiled	product	main.go:7:8: "./aconfig" is relative, but relative import paths are not supported in module mode	152	bashy transpile --bashpp --source=go --go-import-base test --go-import-path <pkg> [--go-package <earlier>=<files>] --go-file test/fixedbugs/issue59709.dir/<pkg files> -o /tmp/main.go && go build
150.1	fixedbugs/issue62498.go	compiled	product	main.go:4:8: "./a" is relative, but relative import paths are not supported in module mode	152	bashy transpile --bashpp --source=go --go-import-base test --go-import-path <pkg> [--go-package <earlier>=<files>] --go-file test/fixedbugs/issue62498.dir/<pkg files> -o /tmp/main.go && go build
150.1	fixedbugs/issue65957.go	compiled	product	/srv/sprint150/s150-dynamic/tmp/bashpp-s1501.i1zUCx/goroot/test/fixedbugs/issue65957.dir/a.go:11:10: gosource: unsupported expression *ast.ArrayType	151	bashy transpile --bashpp --source=go --go-import-base test --go-import-path <pkg> [--go-package <earlier>=<files>] --go-file test/fixedbugs/issue65957.dir/<pkg files> -o /tmp/main.go && go build
150.1	fixedbugs/issue6789.go	compiled	product	main.go:4:8: "./a" is relative, but relative import paths are not supported in module mode	152	bashy transpile --bashpp --source=go --go-import-base test --go-import-path <pkg> [--go-package <earlier>=<files>] --go-file test/fixedbugs/issue6789.dir/<pkg files> -o /tmp/main.go && go build
150.1	fixedbugs/issue7995b.go	compiled	product	main.go:7:8: "./x1" is relative, but relative import paths are not supported in module mode	152	bashy transpile --bashpp --source=go --go-import-base test --go-import-path <pkg> [--go-package <earlier>=<files>] --go-file test/fixedbugs/issue7995b.dir/<pkg files> -o /tmp/main.go && go build
150.1	fixedbugs/issue9537.go	compiled	product	main.go:8:8: "./a" is relative, but relative import paths are not supported in module mode	152	bashy transpile --bashpp --source=go --go-import-base test --go-import-path <pkg> [--go-package <earlier>=<files>] --go-file test/fixedbugs/issue9537.dir/<pkg files> -o /tmp/main.go && go build
150.1	fixedbugs/issue9608.go	compiled	product	panic: runtime error: invalid memory address or nil pointer dereference	153	bashy transpile --bashpp --source=go --go-import-base test --go-import-path <pkg> [--go-package <earlier>=<files>] --go-file test/fixedbugs/issue9608.dir/<pkg files> -o /tmp/main.go && go build
150.1	interface/embed1.go	compiled	product	main.go:4:8: "./embed0" is relative, but relative import paths are not supported in module mode	152	bashy transpile --bashpp --source=go --go-import-base test --go-import-path <pkg> [--go-package <earlier>=<files>] --go-file test/interface/embed1.dir/<pkg files> -o /tmp/main.go && go build
150.1	interface/embed3.go	compiled	product	main.go:7:8: "./embed0" is relative, but relative import paths are not supported in module mode	152	bashy transpile --bashpp --source=go --go-import-base test --go-import-path <pkg> [--go-package <earlier>=<files>] --go-file test/interface/embed3.dir/<pkg files> -o /tmp/main.go && go build
150.1	method4.go	compiled	product	/srv/sprint150/s150-dynamic/tmp/bashpp-s1501.i1zUCx/goroot/test/method4.dir/prog.go:78:9: gosource: unsupported expression *ast.InterfaceType	151	bashy transpile --bashpp --source=go --go-import-base test --go-import-path <pkg> [--go-package <earlier>=<files>] --go-file test/method4.dir/<pkg files> -o /tmp/main.go && go build
150.1	typeparam/absdiffimp2.go	compiled	product	/srv/sprint150/s150-dynamic/tmp/bashpp-s1501.i1zUCx/goroot/test/typeparam/absdiffimp2.dir/a.go:75:7: LOWER-EUNDEFINED: undefined: complex64	152	bashy transpile --bashpp --source=go --go-import-base test --go-import-path <pkg> [--go-package <earlier>=<files>] --go-file test/typeparam/absdiffimp2.dir/<pkg files> -o /tmp/main.go && go build
150.1	typeparam/aliasimp.go	compiled	product	main.go:7:8: "./a" is relative, but relative import paths are not supported in module mode	152	bashy transpile --bashpp --source=go --go-import-base test --go-import-path <pkg> [--go-package <earlier>=<files>] --go-file test/typeparam/aliasimp.dir/<pkg files> -o /tmp/main.go && go build
150.1	typeparam/chansimp.go	compiled	product	main.go:7:8: "./a" is relative, but relative import paths are not supported in module mode	152	bashy transpile --bashpp --source=go --go-import-base test --go-import-path <pkg> [--go-package <earlier>=<files>] --go-file test/typeparam/chansimp.dir/<pkg files> -o /tmp/main.go && go build
150.1	typeparam/dedup.go	compiled	product	main.go:4:8: "./a" is relative, but relative import paths are not supported in module mode	152	bashy transpile --bashpp --source=go --go-import-base test --go-import-path <pkg> [--go-package <earlier>=<files>] --go-file test/typeparam/dedup.dir/<pkg files> -o /tmp/main.go && go build
150.1	typeparam/factimp.go	compiled	product	main.go:4:8: "./a" is relative, but relative import paths are not supported in module mode	152	bashy transpile --bashpp --source=go --go-import-base test --go-import-path <pkg> [--go-package <earlier>=<files>] --go-file test/typeparam/factimp.dir/<pkg files> -o /tmp/main.go && go build
150.1	typeparam/gencrawler.go	compiled	product	main.go:7:8: "./a" is relative, but relative import paths are not supported in module mode	152	bashy transpile --bashpp --source=go --go-import-base test --go-import-path <pkg> [--go-package <earlier>=<files>] --go-file test/typeparam/gencrawler.dir/<pkg files> -o /tmp/main.go && go build
150.1	typeparam/geninline.go	compiled	product	main.go:4:8: "./a" is relative, but relative import paths are not supported in module mode	152	bashy transpile --bashpp --source=go --go-import-base test --go-import-path <pkg> [--go-package <earlier>=<files>] --go-file test/typeparam/geninline.dir/<pkg files> -o /tmp/main.go && go build
150.1	typeparam/issue47514c.go	compiled	product	main.go:4:8: "./a" is relative, but relative import paths are not supported in module mode	152	bashy transpile --bashpp --source=go --go-import-base test --go-import-path <pkg> [--go-package <earlier>=<files>] --go-file test/typeparam/issue47514c.dir/<pkg files> -o /tmp/main.go && go build
150.1	typeparam/issue47775.go	compiled	product	main.go:4:8: "./b" is relative, but relative import paths are not supported in module mode	152	bashy transpile --bashpp --source=go --go-import-base test --go-import-path <pkg> [--go-package <earlier>=<files>] --go-file test/typeparam/issue47775.dir/<pkg files> -o /tmp/main.go && go build
150.1	typeparam/issue47892.go	compiled	product	main.go:4:8: "./a" is relative, but relative import paths are not supported in module mode	152	bashy transpile --bashpp --source=go --go-import-base test --go-import-path <pkg> [--go-package <earlier>=<files>] --go-file test/typeparam/issue47892.dir/<pkg files> -o /tmp/main.go && go build
150.1	typeparam/issue48094.go	compiled	product	main.go:4:8: "./a" is relative, but relative import paths are not supported in module mode	152	bashy transpile --bashpp --source=go --go-import-base test --go-import-path <pkg> [--go-package <earlier>=<files>] --go-file test/typeparam/issue48094.dir/<pkg files> -o /tmp/main.go && go build
150.1	typeparam/issue48185a.go	compiled	product	main.go:4:8: "./p" is relative, but relative import paths are not supported in module mode	152	bashy transpile --bashpp --source=go --go-import-base test --go-import-path <pkg> [--go-package <earlier>=<files>] --go-file test/typeparam/issue48185a.dir/<pkg files> -o /tmp/main.go && go build
150.1	typeparam/issue48185b.go	compiled	product	main.go:4:8: "./a" is relative, but relative import paths are not supported in module mode	152	bashy transpile --bashpp --source=go --go-import-base test --go-import-path <pkg> [--go-package <earlier>=<files>] --go-file test/typeparam/issue48185b.dir/<pkg files> -o /tmp/main.go && go build
150.1	typeparam/issue48280.go	compiled	product	main.go:4:8: "./a" is relative, but relative import paths are not supported in module mode	152	bashy transpile --bashpp --source=go --go-import-base test --go-import-path <pkg> [--go-package <earlier>=<files>] --go-file test/typeparam/issue48280.dir/<pkg files> -o /tmp/main.go && go build
150.1	typeparam/issue48306.go	compiled	product	main.go:4:8: "./a" is relative, but relative import paths are not supported in module mode	152	bashy transpile --bashpp --source=go --go-import-base test --go-import-path <pkg> [--go-package <earlier>=<files>] --go-file test/typeparam/issue48306.dir/<pkg files> -o /tmp/main.go && go build
150.1	typeparam/issue48337a.go	compiled	product	main.go:4:8: "./a" is relative, but relative import paths are not supported in module mode	152	bashy transpile --bashpp --source=go --go-import-base test --go-import-path <pkg> [--go-package <earlier>=<files>] --go-file test/typeparam/issue48337a.dir/<pkg files> -o /tmp/main.go && go build
150.1	typeparam/issue48337b.go	compiled	product	main.go:4:8: "./a" is relative, but relative import paths are not supported in module mode	152	bashy transpile --bashpp --source=go --go-import-base test --go-import-path <pkg> [--go-package <earlier>=<files>] --go-file test/typeparam/issue48337b.dir/<pkg files> -o /tmp/main.go && go build
150.1	typeparam/issue48454.go	compiled	product	main.go:4:8: "./a" is relative, but relative import paths are not supported in module mode	152	bashy transpile --bashpp --source=go --go-import-base test --go-import-path <pkg> [--go-package <earlier>=<files>] --go-file test/typeparam/issue48454.dir/<pkg files> -o /tmp/main.go && go build
150.1	typeparam/issue48462.go	compiled	product	/srv/sprint150/s150-dynamic/tmp/bashpp-s1501.i1zUCx/goroot/test/typeparam/issue48462.dir/a.go:10:1: gosource: unsupported LabeledStmt	151	bashy transpile --bashpp --source=go --go-import-base test --go-import-path <pkg> [--go-package <earlier>=<files>] --go-file test/typeparam/issue48462.dir/<pkg files> -o /tmp/main.go && go build
150.1	typeparam/issue48716.go	compiled	product	main.go:7:8: "./a" is relative, but relative import paths are not supported in module mode	152	bashy transpile --bashpp --source=go --go-import-base test --go-import-path <pkg> [--go-package <earlier>=<files>] --go-file test/typeparam/issue48716.dir/<pkg files> -o /tmp/main.go && go build
150.1	typeparam/issue49027.go	compiled	product	main.go:4:8: "./a" is relative, but relative import paths are not supported in module mode	152	bashy transpile --bashpp --source=go --go-import-base test --go-import-path <pkg> [--go-package <earlier>=<files>] --go-file test/typeparam/issue49027.dir/<pkg files> -o /tmp/main.go && go build
150.1	typeparam/issue49241.go	compiled	product	main.go:4:8: "./a" is relative, but relative import paths are not supported in module mode	152	bashy transpile --bashpp --source=go --go-import-base test --go-import-path <pkg> [--go-package <earlier>=<files>] --go-file test/typeparam/issue49241.dir/<pkg files> -o /tmp/main.go && go build
150.1	typeparam/issue49497.go	compiled	product	main.go:4:8: "./a" is relative, but relative import paths are not supported in module mode	152	bashy transpile --bashpp --source=go --go-import-base test --go-import-path <pkg> [--go-package <earlier>=<files>] --go-file test/typeparam/issue49497.dir/<pkg files> -o /tmp/main.go && go build
150.1	typeparam/issue49524.go	compiled	product	main.go:4:8: "./a" is relative, but relative import paths are not supported in module mode	152	bashy transpile --bashpp --source=go --go-import-base test --go-import-path <pkg> [--go-package <earlier>=<files>] --go-file test/typeparam/issue49524.dir/<pkg files> -o /tmp/main.go && go build
150.1	typeparam/issue49667.go	compiled	product	main.go:4:8: "./a" is relative, but relative import paths are not supported in module mode	152	bashy transpile --bashpp --source=go --go-import-base test --go-import-path <pkg> [--go-package <earlier>=<files>] --go-file test/typeparam/issue49667.dir/<pkg files> -o /tmp/main.go && go build
150.1	typeparam/issue50121.go	compiled	product	/srv/sprint150/s150-dynamic/tmp/bashpp-s1501.i1zUCx/goroot/test/typeparam/issue50121.dir/a.go:22:1: LOWER-EUNDEFINED: undefined: a	152	bashy transpile --bashpp --source=go --go-import-base test --go-import-path <pkg> [--go-package <earlier>=<files>] --go-file test/typeparam/issue50121.dir/<pkg files> -o /tmp/main.go && go build
150.1	typeparam/issue50121b.go	compiled	product	main.go:4:8: "./a" is relative, but relative import paths are not supported in module mode	152	bashy transpile --bashpp --source=go --go-import-base test --go-import-path <pkg> [--go-package <earlier>=<files>] --go-file test/typeparam/issue50121b.dir/<pkg files> -o /tmp/main.go && go build
150.1	typeparam/issue50481b.go	compiled	product	main.go:4:8: "./b" is relative, but relative import paths are not supported in module mode	152	bashy transpile --bashpp --source=go --go-import-base test --go-import-path <pkg> [--go-package <earlier>=<files>] --go-file test/typeparam/issue50481b.dir/<pkg files> -o /tmp/main.go && go build
150.1	typeparam/issue50481c.go	compiled	product	main.go:4:8: "./a" is relative, but relative import paths are not supported in module mode	152	bashy transpile --bashpp --source=go --go-import-base test --go-import-path <pkg> [--go-package <earlier>=<files>] --go-file test/typeparam/issue50481c.dir/<pkg files> -o /tmp/main.go && go build
150.1	typeparam/issue50598.go	compiled	product	main.go:7:8: "./a0" is relative, but relative import paths are not supported in module mode	152	bashy transpile --bashpp --source=go --go-import-base test --go-import-path <pkg> [--go-package <earlier>=<files>] --go-file test/typeparam/issue50598.dir/<pkg files> -o /tmp/main.go && go build
150.1	typeparam/issue51219.go	compiled	product	main.go:4:8: "./a" is relative, but relative import paths are not supported in module mode	152	bashy transpile --bashpp --source=go --go-import-base test --go-import-path <pkg> [--go-package <earlier>=<files>] --go-file test/typeparam/issue51219.dir/<pkg files> -o /tmp/main.go && go build
150.1	typeparam/issue51250a.go	compiled	product	/srv/sprint150/s150-dynamic/tmp/bashpp-s1501.i1zUCx/goroot/test/typeparam/issue51250a.dir/b.go:15:9: gosource: unsupported expression statement	151	bashy transpile --bashpp --source=go --go-import-base test --go-import-path <pkg> [--go-package <earlier>=<files>] --go-file test/typeparam/issue51250a.dir/<pkg files> -o /tmp/main.go && go build
150.1	typeparam/issue51367.go	compiled	product	main.go:4:8: "./a" is relative, but relative import paths are not supported in module mode	152	bashy transpile --bashpp --source=go --go-import-base test --go-import-path <pkg> [--go-package <earlier>=<files>] --go-file test/typeparam/issue51367.dir/<pkg files> -o /tmp/main.go && go build
150.1	typeparam/issue54302.go	compiled	product	main.go:4:8: "./a" is relative, but relative import paths are not supported in module mode	152	bashy transpile --bashpp --source=go --go-import-base test --go-import-path <pkg> [--go-package <earlier>=<files>] --go-file test/typeparam/issue54302.dir/<pkg files> -o /tmp/main.go && go build
150.1	typeparam/listimp.go	compiled	product	main.go:4:8: "./a" is relative, but relative import paths are not supported in module mode	152	bashy transpile --bashpp --source=go --go-import-base test --go-import-path <pkg> [--go-package <earlier>=<files>] --go-file test/typeparam/listimp.dir/<pkg files> -o /tmp/main.go && go build
150.1	typeparam/listimp2.go	compiled	product	main.go:7:8: "./a" is relative, but relative import paths are not supported in module mode	152	bashy transpile --bashpp --source=go --go-import-base test --go-import-path <pkg> [--go-package <earlier>=<files>] --go-file test/typeparam/listimp2.dir/<pkg files> -o /tmp/main.go && go build
150.1	typeparam/mapimp.go	compiled	product	main.go:7:8: "./a" is relative, but relative import paths are not supported in module mode	152	bashy transpile --bashpp --source=go --go-import-base test --go-import-path <pkg> [--go-package <earlier>=<files>] --go-file test/typeparam/mapimp.dir/<pkg files> -o /tmp/main.go && go build
150.1	typeparam/mapsimp.go	compiled	product	main.go:4:8: "./a" is relative, but relative import paths are not supported in module mode	152	bashy transpile --bashpp --source=go --go-import-base test --go-import-path <pkg> [--go-package <earlier>=<files>] --go-file test/typeparam/mapsimp.dir/<pkg files> -o /tmp/main.go && go build
150.1	typeparam/mdempsky/10.go	compiled	product	main.go:7:8: "./a" is relative, but relative import paths are not supported in module mode	152	bashy transpile --bashpp --source=go --go-import-base test --go-import-path <pkg> [--go-package <earlier>=<files>] --go-file test/typeparam/mdempsky/10.dir/<pkg files> -o /tmp/main.go && go build
150.1	typeparam/mdempsky/12.go	compiled	product	/srv/sprint150/s150-dynamic/tmp/bashpp-s1501.i1zUCx/goroot/test/typeparam/mdempsky/12.dir/a.go:11:1: LOWER-EUNDEFINED: undefined: a	152	bashy transpile --bashpp --source=go --go-import-base test --go-import-path <pkg> [--go-package <earlier>=<files>] --go-file test/typeparam/mdempsky/12.dir/<pkg files> -o /tmp/main.go && go build
150.1	typeparam/minimp.go	compiled	product	main.go:4:8: "./a" is relative, but relative import paths are not supported in module mode	152	bashy transpile --bashpp --source=go --go-import-base test --go-import-path <pkg> [--go-package <earlier>=<files>] --go-file test/typeparam/minimp.dir/<pkg files> -o /tmp/main.go && go build
150.1	typeparam/orderedmapsimp.go	compiled	product	main.go:7:8: "./a" is relative, but relative import paths are not supported in module mode	152	bashy transpile --bashpp --source=go --go-import-base test --go-import-path <pkg> [--go-package <earlier>=<files>] --go-file test/typeparam/orderedmapsimp.dir/<pkg files> -o /tmp/main.go && go build
150.1	typeparam/pairimp.go	compiled	product	main.go:7:8: "./a" is relative, but relative import paths are not supported in module mode	152	bashy transpile --bashpp --source=go --go-import-base test --go-import-path <pkg> [--go-package <earlier>=<files>] --go-file test/typeparam/pairimp.dir/<pkg files> -o /tmp/main.go && go build
150.1	typeparam/recoverimp.go	compiled	product	main.go:4:8: "./a" is relative, but relative import paths are not supported in module mode	152	bashy transpile --bashpp --source=go --go-import-base test --go-import-path <pkg> [--go-package <earlier>=<files>] --go-file test/typeparam/recoverimp.dir/<pkg files> -o /tmp/main.go && go build
150.1	typeparam/select.go	compiled	product	main.go:5:8: "./a" is relative, but relative import paths are not supported in module mode	152	bashy transpile --bashpp --source=go --go-import-base test --go-import-path <pkg> [--go-package <earlier>=<files>] --go-file test/typeparam/select.dir/<pkg files> -o /tmp/main.go && go build
150.1	typeparam/setsimp.go	compiled	product	main.go:4:8: "./a" is relative, but relative import paths are not supported in module mode	152	bashy transpile --bashpp --source=go --go-import-base test --go-import-path <pkg> [--go-package <earlier>=<files>] --go-file test/typeparam/setsimp.dir/<pkg files> -o /tmp/main.go && go build
150.1	typeparam/sliceimp.go	compiled	product	main.go:7:8: "./a" is relative, but relative import paths are not supported in module mode	152	bashy transpile --bashpp --source=go --go-import-base test --go-import-path <pkg> [--go-package <earlier>=<files>] --go-file test/typeparam/sliceimp.dir/<pkg files> -o /tmp/main.go && go build
150.1	typeparam/stringerimp.go	compiled	product	main.go:4:8: "./a" is relative, but relative import paths are not supported in module mode	152	bashy transpile --bashpp --source=go --go-import-base test --go-import-path <pkg> [--go-package <earlier>=<files>] --go-file test/typeparam/stringerimp.dir/<pkg files> -o /tmp/main.go && go build
150.1	typeparam/structinit.go	compiled	product	main.go:4:8: "./a" is relative, but relative import paths are not supported in module mode	152	bashy transpile --bashpp --source=go --go-import-base test --go-import-path <pkg> [--go-package <earlier>=<files>] --go-file test/typeparam/structinit.dir/<pkg files> -o /tmp/main.go && go build
150.1	typeparam/valimp.go	compiled	product	main.go:4:8: "./a" is relative, but relative import paths are not supported in module mode	152	bashy transpile --bashpp --source=go --go-import-base test --go-import-path <pkg> [--go-package <earlier>=<files>] --go-file test/typeparam/valimp.dir/<pkg files> -o /tmp/main.go && go build
150.1	uintptrescapes.go	compiled	product	/srv/sprint150/s150-dynamic/tmp/bashpp-s1501.i1zUCx/goroot/test/uintptrescapes.dir/main.go:28:1: LOWER-ETYPE: name t not exported by package a	152	bashy transpile --bashpp --source=go --go-import-base test --go-import-path <pkg> [--go-package <earlier>=<files>] --go-file test/uintptrescapes.dir/<pkg files> -o /tmp/main.go && go build
150.8	cmd/compile	interpreted	product	[1 tests, 0 benchmarks, 0 examples, 0 fuzz] bashy: --go-package, --go-import-base and --go-import-path require --check or --go-list; interpreted execution of an explicit package set is not supported	151	bashy --bashpp --source=go --go-import-path cmd/compile.test --go-package ...
150.8	cmd/compile/internal/abt	interpreted	product	[9 tests, 0 benchmarks, 0 examples, 0 fuzz] bashy: --go-package, --go-import-base and --go-import-path require --check or --go-list; interpreted execution of an explicit package set is not supported	151	bashy --bashpp --source=go --go-import-path cmd/compile/internal/abt.test --go-package ...
150.8	cmd/compile/internal/amd64	interpreted	product	[10 tests, 0 benchmarks, 0 examples, 0 fuzz] bashy: --go-package, --go-import-base and --go-import-path require --check or --go-list; interpreted execution of an explicit package set is not supported	151	bashy --bashpp --source=go --go-import-path cmd/compile/internal/amd64.test --go-package ...
150.8	cmd/compile/internal/base	interpreted	product	[10 tests, 0 benchmarks, 0 examples, 0 fuzz] bashy: --go-package, --go-import-base and --go-import-path require --check or --go-list; interpreted execution of an explicit package set is not supported	151	bashy --bashpp --source=go --go-import-path cmd/compile/internal/base.test --go-package ...
150.8	cmd/compile/internal/compare	interpreted	product	[1 tests, 0 benchmarks, 0 examples, 0 fuzz] bashy: --go-package, --go-import-base and --go-import-path require --check or --go-list; interpreted execution of an explicit package set is not supported	151	bashy --bashpp --source=go --go-import-path cmd/compile/internal/compare.test --go-package ...
150.8	cmd/compile/internal/devirtualize	interpreted	product	[2 tests, 0 benchmarks, 0 examples, 0 fuzz] bashy: --go-package, --go-import-base and --go-import-path require --check or --go-list; interpreted execution of an explicit package set is not supported	151	bashy --bashpp --source=go --go-import-path cmd/compile/internal/devirtualize.test --go-package ...
150.8	cmd/compile/internal/dwarfgen	interpreted	product	[3 tests, 0 benchmarks, 0 examples, 0 fuzz] bashy: --go-package, --go-import-base and --go-import-path require --check or --go-list; interpreted execution of an explicit package set is not supported	151	bashy --bashpp --source=go --go-import-path cmd/compile/internal/dwarfgen.test --go-package ...
150.8	cmd/compile/internal/importer	interpreted	product	[16 tests, 0 benchmarks, 0 examples, 0 fuzz] bashy: --go-package, --go-import-base and --go-import-path require --check or --go-list; interpreted execution of an explicit package set is not supported	151	bashy --bashpp --source=go --go-import-path cmd/compile/internal/importer.test --go-package ...
150.8	cmd/compile/internal/inline/inlheur	interpreted	product	[10 tests, 0 benchmarks, 0 examples, 0 fuzz] bashy: --go-package, --go-import-base and --go-import-path require --check or --go-list; interpreted execution of an explicit package set is not supported	151	bashy --bashpp --source=go --go-import-path cmd/compile/internal/inline/inlheur.test --go-package ...
150.8	cmd/compile/internal/ir	interpreted	product	[4 tests, 0 benchmarks, 0 examples, 0 fuzz] bashy: --go-package, --go-import-base and --go-import-path require --check or --go-list; interpreted execution of an explicit package set is not supported	151	bashy --bashpp --source=go --go-import-path cmd/compile/internal/ir.test --go-package ...
150.8	cmd/compile/internal/liveness	interpreted	product	[8 tests, 0 benchmarks, 0 examples, 0 fuzz] bashy: --go-package, --go-import-base and --go-import-path require --check or --go-list; interpreted execution of an explicit package set is not supported	151	bashy --bashpp --source=go --go-import-path cmd/compile/internal/liveness.test --go-package ...
150.8	cmd/compile/internal/logopt	interpreted	product	[2 tests, 0 benchmarks, 0 examples, 0 fuzz] bashy: --go-package, --go-import-base and --go-import-path require --check or --go-list; interpreted execution of an explicit package set is not supported	151	bashy --bashpp --source=go --go-import-path cmd/compile/internal/logopt.test --go-package ...
150.8	cmd/compile/internal/loopvar	interpreted	product	[8 tests, 0 benchmarks, 0 examples, 0 fuzz] bashy: --go-package, --go-import-base and --go-import-path require --check or --go-list; interpreted execution of an explicit package set is not supported	151	bashy --bashpp --source=go --go-import-path cmd/compile/internal/loopvar.test --go-package ...
150.8	cmd/compile/internal/noder	interpreted	product	[2 tests, 0 benchmarks, 0 examples, 0 fuzz] bashy: --go-package, --go-import-base and --go-import-path require --check or --go-list; interpreted execution of an explicit package set is not supported	151	bashy --bashpp --source=go --go-import-path cmd/compile/internal/noder.test --go-package ...
150.8	cmd/compile/internal/rangefunc	interpreted	product	[46 tests, 0 benchmarks, 0 examples, 0 fuzz] bashy: --go-package, --go-import-base and --go-import-path require --check or --go-list; interpreted execution of an explicit package set is not supported	151	bashy --bashpp --source=go --go-import-path cmd/compile/internal/rangefunc.test --go-package ...
150.8	cmd/compile/internal/reflectdata	interpreted	product	[0 tests, 9 benchmarks, 0 examples, 0 fuzz] bashy: --go-package, --go-import-base and --go-import-path require --check or --go-list; interpreted execution of an explicit package set is not supported	151	bashy --bashpp --source=go --go-import-path cmd/compile/internal/reflectdata.test --go-package ...
150.8	cmd/compile/internal/ssa	interpreted	product	[134 tests, 35 benchmarks, 0 examples, 0 fuzz] package cmd/compile/internal/ssa has non-Go inputs [flags_amd64_test.s]; no direct Go-source meaning	152	cmd/go plan: package cmd/compile/internal/ssa has non-Go inputs [flags_amd64_test.s]; no dire
150.8	cmd/compile/internal/ssagen	interpreted	product	[2 tests, 0 benchmarks, 0 examples, 0 fuzz] bashy: --go-package, --go-import-base and --go-import-path require --check or --go-list; interpreted execution of an explicit package set is not supported	151	bashy --bashpp --source=go --go-import-path cmd/compile/internal/ssagen.test --go-package ...
150.8	cmd/compile/internal/syntax	interpreted	product	[27 tests, 0 benchmarks, 0 examples, 0 fuzz] bashy: --go-package, --go-import-base and --go-import-path require --check or --go-list; interpreted execution of an explicit package set is not supported	151	bashy --bashpp --source=go --go-import-path cmd/compile/internal/syntax.test --go-package ...
150.8	cmd/compile/internal/test	interpreted	product	[234 tests, 97 benchmarks, 0 examples, 0 fuzz] bashy: --go-package, --go-import-base and --go-import-path require --check or --go-list; interpreted execution of an explicit package set is not supporte	151	bashy --bashpp --source=go --go-import-path cmd/compile/internal/test.test --go-package ...
150.8	cmd/compile/internal/typecheck	interpreted	product	[1 tests, 0 benchmarks, 0 examples, 0 fuzz] bashy: --go-package, --go-import-base and --go-import-path require --check or --go-list; interpreted execution of an explicit package set is not supported	151	bashy --bashpp --source=go --go-import-path cmd/compile/internal/typecheck.test --go-package ...
150.8	cmd/compile/internal/types	interpreted	product	[4 tests, 0 benchmarks, 0 examples, 0 fuzz] bashy: --go-package, --go-import-base and --go-import-path require --check or --go-list; interpreted execution of an explicit package set is not supported	151	bashy --bashpp --source=go --go-import-path cmd/compile/internal/types.test --go-package ...
150.8	cmd/compile/internal/types2	interpreted	product	[142 tests, 3 benchmarks, 2 examples, 0 fuzz] bashy: --go-package, --go-import-base and --go-import-path require --check or --go-list; interpreted execution of an explicit package set is not supported	151	bashy --bashpp --source=go --go-import-path cmd/compile/internal/types2.test --go-package ...
150.8	cmd/internal/testdir	interpreted	product	[2 tests, 0 benchmarks, 0 examples, 0 fuzz] runner-as-root: the test body drives the whole corpus natively; bashy: --go-package, --go-import-base and --go-import-path require --check or --go-list; int	151	bashy --bashpp --source=go --go-import-path cmd/internal/testdir.test --go-package ...
150.8	go/types	interpreted	product	[160 tests, 3 benchmarks, 3 examples, 0 fuzz] bashy: --go-package, --go-import-base and --go-import-path require --check or --go-list; interpreted execution of an explicit package set is not supported	151	bashy --bashpp --source=go --go-import-path go/types.test --go-package ...
150.8	internal/types/errors	interpreted	product	[2 tests, 0 benchmarks, 0 examples, 0 fuzz] bashy: --go-package, --go-import-base and --go-import-path require --check or --go-list; interpreted execution of an explicit package set is not supported	151	bashy --bashpp --source=go --go-import-path internal/types/errors.test --go-package ...
150.8	cmd/compile	compiled	product	[1 tests, 0 benchmarks, 0 examples, 0 fuzz] /srv/sprint150/s150-dynamic/tmp/bashpp-s1508.dES92q/goroot/src/cmd/compile/main.go:8:2: could not import cmd/compile/internal/amd64 (use of internal package	151	transpile+build of the same package map: see argv in the retained plan event
150.8	cmd/compile/internal/abt	compiled	product	[9 tests, 0 benchmarks, 0 examples, 0 fuzz] /srv/sprint150/s150-dynamic/tmp/go-build1975420692/b001/_testmain.go:10:2: could not import testing/internal/testdeps (use of internal package testing/inter	151	transpile+build of the same package map: see argv in the retained plan event
150.8	cmd/compile/internal/amd64	compiled	product	[10 tests, 0 benchmarks, 0 examples, 0 fuzz] /srv/sprint150/s150-dynamic/tmp/bashpp-s1508.dES92q/goroot/src/cmd/compile/internal/amd64/galign.go:8:2: could not import cmd/compile/internal/ssagen (use 	151	transpile+build of the same package map: see argv in the retained plan event
150.8	cmd/compile/internal/base	compiled	product	[10 tests, 0 benchmarks, 0 examples, 0 fuzz] /srv/sprint150/s150-dynamic/tmp/bashpp-s1508.dES92q/goroot/src/cmd/compile/internal/base/flag.go:8:2: could not import cmd/internal/cov/covcmd (use of inte	151	transpile+build of the same package map: see argv in the retained plan event
150.8	cmd/compile/internal/compare	compiled	product	[1 tests, 0 benchmarks, 0 examples, 0 fuzz] /srv/sprint150/s150-dynamic/tmp/bashpp-s1508.dES92q/goroot/src/cmd/compile/internal/compare/compare.go:10:2: could not import cmd/compile/internal/base (use	151	transpile+build of the same package map: see argv in the retained plan event
150.8	cmd/compile/internal/devirtualize	compiled	product	[2 tests, 0 benchmarks, 0 examples, 0 fuzz] /srv/sprint150/s150-dynamic/tmp/bashpp-s1508.dES92q/goroot/src/cmd/compile/internal/devirtualize/devirtualize.go:15:2: could not import cmd/compile/internal	151	transpile+build of the same package map: see argv in the retained plan event
150.8	cmd/compile/internal/dwarfgen	compiled	product	[3 tests, 0 benchmarks, 0 examples, 0 fuzz] /srv/sprint150/s150-dynamic/tmp/bashpp-s1508.dES92q/goroot/src/cmd/compile/internal/dwarfgen/dwarf.go:11:2: could not import internal/buildcfg (use of inter	151	transpile+build of the same package map: see argv in the retained plan event
150.8	cmd/compile/internal/importer	compiled	product	[16 tests, 0 benchmarks, 0 examples, 0 fuzz] /srv/sprint150/s150-dynamic/tmp/bashpp-s1508.dES92q/goroot/src/cmd/compile/internal/importer/gcimporter.go:12:2: could not import internal/exportdata (use 	151	transpile+build of the same package map: see argv in the retained plan event
150.8	cmd/compile/internal/inline/inlheur	compiled	product	[10 tests, 0 benchmarks, 0 examples, 0 fuzz] /srv/sprint150/s150-dynamic/tmp/bashpp-s1508.dES92q/goroot/src/cmd/compile/internal/inline/inlheur/analyze.go:8:2: could not import cmd/compile/internal/ba	151	transpile+build of the same package map: see argv in the retained plan event
150.8	cmd/compile/internal/ir	compiled	product	[4 tests, 0 benchmarks, 0 examples, 0 fuzz] /srv/sprint150/s150-dynamic/tmp/bashpp-s1508.dES92q/goroot/src/cmd/compile/internal/ir/abi.go:8:2: could not import cmd/compile/internal/base (use of intern	151	transpile+build of the same package map: see argv in the retained plan event
150.8	cmd/compile/internal/liveness	compiled	product	[8 tests, 0 benchmarks, 0 examples, 0 fuzz] /srv/sprint150/s150-dynamic/tmp/bashpp-s1508.dES92q/goroot/src/cmd/compile/internal/liveness/arg.go:9:2: could not import internal/abi (use of internal pack	151	transpile+build of the same package map: see argv in the retained plan event
150.8	cmd/compile/internal/logopt	compiled	product	[2 tests, 0 benchmarks, 0 examples, 0 fuzz] /srv/sprint150/s150-dynamic/tmp/bashpp-s1508.dES92q/goroot/src/cmd/compile/internal/logopt/log_opts.go:8:2: could not import cmd/internal/obj (use of intern	151	transpile+build of the same package map: see argv in the retained plan event
150.8	cmd/compile/internal/loopvar	compiled	product	[8 tests, 0 benchmarks, 0 examples, 0 fuzz] /srv/sprint150/s150-dynamic/tmp/bashpp-s1508.dES92q/goroot/src/cmd/compile/internal/loopvar/loopvar.go:10:2: could not import cmd/compile/internal/base (use	151	transpile+build of the same package map: see argv in the retained plan event
150.8	cmd/compile/internal/noder	compiled	product	[2 tests, 0 benchmarks, 0 examples, 0 fuzz] /srv/sprint150/s150-dynamic/tmp/bashpp-s1508.dES92q/goroot/src/cmd/compile/internal/noder/codes.go:7:8: could not import internal/pkgbits (use of internal p	151	transpile+build of the same package map: see argv in the retained plan event
150.8	cmd/compile/internal/rangefunc	compiled	product	[46 tests, 0 benchmarks, 0 examples, 0 fuzz] /srv/sprint150/s150-dynamic/tmp/bashpp-s1508.dES92q/goroot/src/cmd/compile/internal/rangefunc/rewrite.go:532:2: could not import cmd/compile/internal/base 	151	transpile+build of the same package map: see argv in the retained plan event
150.8	cmd/compile/internal/reflectdata	compiled	product	[0 tests, 9 benchmarks, 0 examples, 0 fuzz] /srv/sprint150/s150-dynamic/tmp/bashpp-s1508.dES92q/goroot/src/cmd/compile/internal/reflectdata/alg.go:13:2: could not import cmd/compile/internal/base (use	151	transpile+build of the same package map: see argv in the retained plan event
150.8	cmd/compile/internal/ssa	compiled	product	[134 tests, 35 benchmarks, 0 examples, 0 fuzz] package cmd/compile/internal/ssa has non-Go inputs [flags_amd64_test.s]; no direct Go-source meaning	152	cmd/go plan: package cmd/compile/internal/ssa has non-Go inputs [flags_amd64_test.s]; no dire
150.8	cmd/compile/internal/ssagen	compiled	product	[2 tests, 0 benchmarks, 0 examples, 0 fuzz] /srv/sprint150/s150-dynamic/tmp/bashpp-s1508.dES92q/goroot/src/cmd/compile/internal/ssagen/abi.go:9:2: could not import internal/buildcfg (use of internal p	151	transpile+build of the same package map: see argv in the retained plan event
150.8	cmd/compile/internal/syntax	compiled	product	[27 tests, 0 benchmarks, 0 examples, 0 fuzz] /srv/sprint150/s150-dynamic/tmp/bashpp-s1508.dES92q/goroot/src/cmd/compile/internal/syntax/error_test.go:34:2: could not import internal/testenv (use of in	151	transpile+build of the same package map: see argv in the retained plan event
150.8	cmd/compile/internal/test	compiled	product	[234 tests, 97 benchmarks, 0 examples, 0 fuzz] /srv/sprint150/s150-dynamic/tmp/bashpp-s1508.dES92q/goroot/src/cmd/compile/internal/test/abiutils_test.go:9:2: could not import cmd/compile/internal/abi 	151	transpile+build of the same package map: see argv in the retained plan event
150.8	cmd/compile/internal/typecheck	compiled	product	[1 tests, 0 benchmarks, 0 examples, 0 fuzz] /srv/sprint150/s150-dynamic/tmp/bashpp-s1508.dES92q/goroot/src/cmd/compile/internal/typecheck/builtin.go:6:2: could not import cmd/compile/internal/types (u	151	transpile+build of the same package map: see argv in the retained plan event
150.8	cmd/compile/internal/types	compiled	product	[4 tests, 0 benchmarks, 0 examples, 0 fuzz] /srv/sprint150/s150-dynamic/tmp/bashpp-s1508.dES92q/goroot/src/cmd/compile/internal/types/alg.go:7:8: could not import cmd/compile/internal/base (use of int	151	transpile+build of the same package map: see argv in the retained plan event
150.8	cmd/compile/internal/types2	compiled	product	[142 tests, 3 benchmarks, 2 examples, 0 fuzz] /srv/sprint150/s150-dynamic/tmp/bashpp-s1508.dES92q/goroot/src/cmd/compile/internal/types2/alias.go:8:2: could not import cmd/compile/internal/syntax (use	151	transpile+build of the same package map: see argv in the retained plan event
150.8	cmd/internal/testdir	compiled	product	[2 tests, 0 benchmarks, 0 examples, 0 fuzz] runner-as-root: the test body drives the whole corpus natively; /srv/sprint150/s150-dynamic/tmp/bashpp-s1508.dES92q/goroot/src/cmd/internal/testdir/testdir_	151	transpile+build of the same package map: see argv in the retained plan event
150.8	go/types	compiled	product	[160 tests, 3 benchmarks, 3 examples, 0 fuzz] /srv/sprint150/s150-dynamic/tmp/bashpp-s1508.dES92q/goroot/src/go/types/api.go:43:4: could not import internal/types/errors (use of internal package inter	151	transpile+build of the same package map: see argv in the retained plan event
150.8	internal/types/errors	compiled	product	[2 tests, 0 benchmarks, 0 examples, 0 fuzz] /srv/sprint150/s150-dynamic/tmp/bashpp-s1508.dES92q/goroot/src/internal/types/errors/codes_test.go:14:2: could not import internal/testenv (use of internal 	151	transpile+build of the same package map: see argv in the retained plan event
